DECL_LAB,PERIOD_LAB,PRCCODE_LAB,INDICATORS_LAB,INDICATOR_VALUE
"France","Jan.-Dec. 2008","/plasticsprimary","QNTUNIT",kg
"France","Jan.-Dec. 2008","/plasticsprimary","PQNTFLAG",:C
"France","Jan.-Dec. 2008","/plasticsprimary","PRODQNT",7429175013
"France","Jan.-Dec. 2009","/plasticsprimary","QNTUNIT",kg
"France","Jan.-Dec. 2009","/plasticsprimary","PQNTFLAG",:C
"France","Jan.-Dec. 2009","/plasticsprimary","PRODQNT",6031547793
"France","Jan.-Dec. 2010","/plasticsprimary","QNTUNIT",kg
"France","Jan.-Dec. 2010","/plasticsprimary","PQNTFLAG",:C
"France","Jan.-Dec. 2010","/plasticsprimary","PRODQNT",5700240386
"France","Jan.-Dec. 2011","/plasticsprimary","QNTUNIT",kg
"France","Jan.-Dec. 2011","/plasticsprimary","PQNTFLAG",:C
"France","Jan.-Dec. 2011","/plasticsprimary","PRODQNT",4961201554
"France","Jan.-Dec. 2012","/plasticsprimary","QNTUNIT",kg
"France","Jan.-Dec. 2012","/plasticsprimary","PQNTFLAG",:C
"France","Jan.-Dec. 2012","/plasticsprimary","PRODQNT",5036257960
"France","Jan.-Dec. 2013","/plasticsprimary","QNTUNIT",kg
"France","Jan.-Dec. 2013","/plasticsprimary","PQNTFLAG",:C
"France","Jan.-Dec. 2013","/plasticsprimary","PRODQNT",5428677397
"France","Jan.-Dec. 2014","/plasticsprimary","QNTUNIT",kg
"France","Jan.-Dec. 2014","/plasticsprimary","PQNTFLAG",:C
"France","Jan.-Dec. 2014","/plasticsprimary","PRODQNT",5426239558
"France","Jan.-Dec. 2015","/plasticsprimary","QNTUNIT",kg
"France","Jan.-Dec. 2015","/plasticsprimary","PQNTFLAG",:C
"France","Jan.-Dec. 2015","/plasticsprimary","PRODQNT",4908082454
"France","Jan.-Dec. 2016","/plasticsprimary","QNTUNIT",kg
"France","Jan.-Dec. 2016","/plasticsprimary","PQNTFLAG",:C
"France","Jan.-Dec. 2016","/plasticsprimary","PRODQNT",5408018667
"France","Jan.-Dec. 2017","/plasticsprimary","QNTUNIT",kg
"France","Jan.-Dec. 2017","/plasticsprimary","PQNTFLAG",:C
"France","Jan.-Dec. 2017","/plasticsprimary","PRODQNT",5696704196
"France","Jan.-Dec. 2018","/plasticsprimary","QNTUNIT",kg
"France","Jan.-Dec. 2018","/plasticsprimary","PQNTFLAG",:C
"France","Jan.-Dec. 2018","/plasticsprimary","PRODQNT",4613232157
"France","Jan.-Dec. 2019","/plasticsprimary","QNTUNIT",kg
"France","Jan.-Dec. 2019","/plasticsprimary","PQNTFLAG",:C
"France","Jan.-Dec. 2019","/plasticsprimary","PRODQNT",4633884084
"France","Jan.-Dec. 2020","/plasticsprimary","QNTUNIT",kg
"France","Jan.-Dec. 2020","/plasticsprimary","PQNTFLAG",:C
"France","Jan.-Dec. 2020","/plasticsprimary","PRODQNT",4329932929
"France","Jan.-Dec. 2021","/plasticsprimary","QNTUNIT",kg
"France","Jan.-Dec. 2021","/plasticsprimary","PQNTFLAG",:C
"France","Jan.-Dec. 2021","/plasticsprimary","PRODQNT",4433627452
"France","Jan.-Dec. 2022","/plasticsprimary","QNTUNIT",kg
"France","Jan.-Dec. 2022","/plasticsprimary","PQNTFLAG",:C
"France","Jan.-Dec. 2022","/plasticsprimary","PRODQNT",3715687240
"Netherlands","Jan.-Dec. 2008","/plasticsprimary","QNTUNIT",kg
"Netherlands","Jan.-Dec. 2008","/plasticsprimary","PQNTFLAG",:C
"Netherlands","Jan.-Dec. 2008","/plasticsprimary","PRODQNT",194768783
"Netherlands","Jan.-Dec. 2009","/plasticsprimary","QNTUNIT",kg
"Netherlands","Jan.-Dec. 2009","/plasticsprimary","PQNTFLAG",:C
"Netherlands","Jan.-Dec. 2009","/plasticsprimary","PRODQNT",781140000
"Netherlands","Jan.-Dec. 2010","/plasticsprimary","QNTUNIT",kg
"Netherlands","Jan.-Dec. 2010","/plasticsprimary","PQNTFLAG",:C
"Netherlands","Jan.-Dec. 2010","/plasticsprimary","PRODQNT",841179325
"Netherlands","Jan.-Dec. 2011","/plasticsprimary","QNTUNIT",kg
"Netherlands","Jan.-Dec. 2011","/plasticsprimary","PQNTFLAG",:C
"Netherlands","Jan.-Dec. 2011","/plasticsprimary","PRODQNT",0
"Netherlands","Jan.-Dec. 2012","/plasticsprimary","QNTUNIT",kg
"Netherlands","Jan.-Dec. 2012","/plasticsprimary","PQNTFLAG",:C
"Netherlands","Jan.-Dec. 2012","/plasticsprimary","PRODQNT",1396378000
"Netherlands","Jan.-Dec. 2013","/plasticsprimary","QNTUNIT",kg
"Netherlands","Jan.-Dec. 2013","/plasticsprimary","PQNTFLAG",:C
"Netherlands","Jan.-Dec. 2013","/plasticsprimary","PRODQNT",1327154000
"Netherlands","Jan.-Dec. 2014","/plasticsprimary","QNTUNIT",kg
"Netherlands","Jan.-Dec. 2014","/plasticsprimary","PQNTFLAG",:C
"Netherlands","Jan.-Dec. 2014","/plasticsprimary","PRODQNT",837583000
"Netherlands","Jan.-Dec. 2015","/plasticsprimary","QNTUNIT",kg
"Netherlands","Jan.-Dec. 2015","/plasticsprimary","PQNTFLAG",:C
"Netherlands","Jan.-Dec. 2015","/plasticsprimary","PRODQNT",1022489552
"Netherlands","Jan.-Dec. 2016","/plasticsprimary","QNTUNIT",kg
"Netherlands","Jan.-Dec. 2016","/plasticsprimary","PQNTFLAG",:C
"Netherlands","Jan.-Dec. 2016","/plasticsprimary","PRODQNT",1466478000
"Netherlands","Jan.-Dec. 2017","/plasticsprimary","QNTUNIT",kg
"Netherlands","Jan.-Dec. 2017","/plasticsprimary","PQNTFLAG",:C
"Netherlands","Jan.-Dec. 2017","/plasticsprimary","PRODQNT",795305000
"Netherlands","Jan.-Dec. 2018","/plasticsprimary","QNTUNIT",kg
"Netherlands","Jan.-Dec. 2018","/plasticsprimary","PQNTFLAG",:E
"Netherlands","Jan.-Dec. 2018","/plasticsprimary","PRODQNT",2599377000
"Netherlands","Jan.-Dec. 2019","/plasticsprimary","QNTUNIT",kg
"Netherlands","Jan.-Dec. 2019","/plasticsprimary","PQNTFLAG",:C
"Netherlands","Jan.-Dec. 2019","/plasticsprimary","PRODQNT",2615966000
"Netherlands","Jan.-Dec. 2020","/plasticsprimary","QNTUNIT",kg
"Netherlands","Jan.-Dec. 2020","/plasticsprimary","PQNTFLAG",:C
"Netherlands","Jan.-Dec. 2020","/plasticsprimary","PRODQNT",2506694000
"Netherlands","Jan.-Dec. 2021","/plasticsprimary","QNTUNIT",kg
"Netherlands","Jan.-Dec. 2021","/plasticsprimary","PQNTFLAG",:C
"Netherlands","Jan.-Dec. 2021","/plasticsprimary","PRODQNT",2720197000
"Netherlands","Jan.-Dec. 2022","/plasticsprimary","QNTUNIT",kg
"Netherlands","Jan.-Dec. 2022","/plasticsprimary","PQNTFLAG",:C
"Netherlands","Jan.-Dec. 2022","/plasticsprimary","PRODQNT",2568478000
"Germany","Jan.-Dec. 2008","/plasticsprimary","QNTUNIT",kg
"Germany","Jan.-Dec. 2008","/plasticsprimary","PQNTFLAG",:C
"Germany","Jan.-Dec. 2008","/plasticsprimary","PRODQNT",9654751000
"Germany","Jan.-Dec. 2009","/plasticsprimary","QNTUNIT",kg
"Germany","Jan.-Dec. 2009","/plasticsprimary","PQNTFLAG",:C
"Germany","Jan.-Dec. 2009","/plasticsprimary","PRODQNT",7655232000
"Germany","Jan.-Dec. 2010","/plasticsprimary","QNTUNIT",kg
"Germany","Jan.-Dec. 2010","/plasticsprimary","PQNTFLAG",:C
"Germany","Jan.-Dec. 2010","/plasticsprimary","PRODQNT",5668138000
"Germany","Jan.-Dec. 2011","/plasticsprimary","QNTUNIT",kg
"Germany","Jan.-Dec. 2011","/plasticsprimary","PQNTFLAG",:C
"Germany","Jan.-Dec. 2011","/plasticsprimary","PRODQNT",9056578000
"Germany","Jan.-Dec. 2012","/plasticsprimary","QNTUNIT",kg
"Germany","Jan.-Dec. 2012","/plasticsprimary","PQNTFLAG",:C
"Germany","Jan.-Dec. 2012","/plasticsprimary","PRODQNT",9157137000
"Germany","Jan.-Dec. 2013","/plasticsprimary","QNTUNIT",kg
"Germany","Jan.-Dec. 2013","/plasticsprimary","PQNTFLAG",:C
"Germany","Jan.-Dec. 2013","/plasticsprimary","PRODQNT",9156966000
"Germany","Jan.-Dec. 2014","/plasticsprimary","QNTUNIT",kg
"Germany","Jan.-Dec. 2014","/plasticsprimary","PQNTFLAG",:C
"Germany","Jan.-Dec. 2014","/plasticsprimary","PRODQNT",9478807000
"Germany","Jan.-Dec. 2015","/plasticsprimary","QNTUNIT",kg
"Germany","Jan.-Dec. 2015","/plasticsprimary","PQNTFLAG",:C
"Germany","Jan.-Dec. 2015","/plasticsprimary","PRODQNT",9293902000
"Germany","Jan.-Dec. 2016","/plasticsprimary","QNTUNIT",kg
"Germany","Jan.-Dec. 2016","/plasticsprimary","PQNTFLAG",:C
"Germany","Jan.-Dec. 2016","/plasticsprimary","PRODQNT",9576741000
"Germany","Jan.-Dec. 2017","/plasticsprimary","QNTUNIT",kg
"Germany","Jan.-Dec. 2017","/plasticsprimary","PQNTFLAG",:C
"Germany","Jan.-Dec. 2017","/plasticsprimary","PRODQNT",9912153000
"Germany","Jan.-Dec. 2018","/plasticsprimary","QNTUNIT",kg
"Germany","Jan.-Dec. 2018","/plasticsprimary","PQNTFLAG",:C
"Germany","Jan.-Dec. 2018","/plasticsprimary","PRODQNT",9501224000
"Germany","Jan.-Dec. 2019","/plasticsprimary","QNTUNIT",kg
"Germany","Jan.-Dec. 2019","/plasticsprimary","PQNTFLAG",:C
"Germany","Jan.-Dec. 2019","/plasticsprimary","PRODQNT",9062539000
"Germany","Jan.-Dec. 2020","/plasticsprimary","QNTUNIT",kg
"Germany","Jan.-Dec. 2020","/plasticsprimary","PQNTFLAG",:C
"Germany","Jan.-Dec. 2020","/plasticsprimary","PRODQNT",8851989000
"Germany","Jan.-Dec. 2021","/plasticsprimary","QNTUNIT",kg
"Germany","Jan.-Dec. 2021","/plasticsprimary","PQNTFLAG",:C
"Germany","Jan.-Dec. 2021","/plasticsprimary","PRODQNT",9380573000
"Germany","Jan.-Dec. 2022","/plasticsprimary","QNTUNIT",kg
"Germany","Jan.-Dec. 2022","/plasticsprimary","PQNTFLAG",:C
"Germany","Jan.-Dec. 2022","/plasticsprimary","PRODQNT",8242995000
"Italy","Jan.-Dec. 2008","/plasticsprimary","QNTUNIT",kg
"Italy","Jan.-Dec. 2008","/plasticsprimary","PQNTFLAG",:C
"Italy","Jan.-Dec. 2008","/plasticsprimary","PRODQNT",3663952000
"Italy","Jan.-Dec. 2009","/plasticsprimary","QNTUNIT",kg
"Italy","Jan.-Dec. 2009","/plasticsprimary","PQNTFLAG",:C
"Italy","Jan.-Dec. 2009","/plasticsprimary","PRODQNT",2957646000
"Italy","Jan.-Dec. 2010","/plasticsprimary","QNTUNIT",kg
"Italy","Jan.-Dec. 2010","/plasticsprimary","PQNTFLAG",:C
"Italy","Jan.-Dec. 2010","/plasticsprimary","PRODQNT",3092815000
"Italy","Jan.-Dec. 2011","/plasticsprimary","QNTUNIT",kg
"Italy","Jan.-Dec. 2011","/plasticsprimary","PQNTFLAG",:C
"Italy","Jan.-Dec. 2011","/plasticsprimary","PRODQNT",3075420000
"Italy","Jan.-Dec. 2012","/plasticsprimary","QNTUNIT",kg
"Italy","Jan.-Dec. 2012","/plasticsprimary","PQNTFLAG",:C
"Italy","Jan.-Dec. 2012","/plasticsprimary","PRODQNT",3147209000
"Italy","Jan.-Dec. 2013","/plasticsprimary","QNTUNIT",kg
"Italy","Jan.-Dec. 2013","/plasticsprimary","PQNTFLAG",:C
"Italy","Jan.-Dec. 2013","/plasticsprimary","PRODQNT",3263558000
"Italy","Jan.-Dec. 2014","/plasticsprimary","QNTUNIT",kg
"Italy","Jan.-Dec. 2014","/plasticsprimary","PQNTFLAG",:C
"Italy","Jan.-Dec. 2014","/plasticsprimary","PRODQNT",3415408000
"Italy","Jan.-Dec. 2015","/plasticsprimary","QNTUNIT",kg
"Italy","Jan.-Dec. 2015","/plasticsprimary","PQNTFLAG",:C
"Italy","Jan.-Dec. 2015","/plasticsprimary","PRODQNT",3421951000
"Italy","Jan.-Dec. 2016","/plasticsprimary","QNTUNIT",kg
"Italy","Jan.-Dec. 2016","/plasticsprimary","PQNTFLAG",:C
"Italy","Jan.-Dec. 2016","/plasticsprimary","PRODQNT",4140266000
"Italy","Jan.-Dec. 2017","/plasticsprimary","QNTUNIT",kg
"Italy","Jan.-Dec. 2017","/plasticsprimary","PQNTFLAG",:C
"Italy","Jan.-Dec. 2017","/plasticsprimary","PRODQNT",3813602000
"Italy","Jan.-Dec. 2018","/plasticsprimary","QNTUNIT",kg
"Italy","Jan.-Dec. 2018","/plasticsprimary","PQNTFLAG",:C
"Italy","Jan.-Dec. 2018","/plasticsprimary","PRODQNT",3747854000
"Italy","Jan.-Dec. 2019","/plasticsprimary","QNTUNIT",kg
"Italy","Jan.-Dec. 2019","/plasticsprimary","PQNTFLAG",:C
"Italy","Jan.-Dec. 2019","/plasticsprimary","PRODQNT",4015904000
"Italy","Jan.-Dec. 2020","/plasticsprimary","QNTUNIT",kg
"Italy","Jan.-Dec. 2020","/plasticsprimary","PQNTFLAG",:C
"Italy","Jan.-Dec. 2020","/plasticsprimary","PRODQNT",3762740000
"Italy","Jan.-Dec. 2021","/plasticsprimary","QNTUNIT",kg
"Italy","Jan.-Dec. 2021","/plasticsprimary","PQNTFLAG",:C
"Italy","Jan.-Dec. 2021","/plasticsprimary","PRODQNT",3735052000
"Italy","Jan.-Dec. 2022","/plasticsprimary","QNTUNIT",kg
"Italy","Jan.-Dec. 2022","/plasticsprimary","PQNTFLAG",:C
"Italy","Jan.-Dec. 2022","/plasticsprimary","PRODQNT",5134740000
"United Kingdom","Jan.-Dec. 2008","/plasticsprimary","QNTUNIT",kg
"United Kingdom","Jan.-Dec. 2008","/plasticsprimary","PQNTFLAG",:C
"United Kingdom","Jan.-Dec. 2008","/plasticsprimary","PRODQNT",1048833610
"United Kingdom","Jan.-Dec. 2009","/plasticsprimary","QNTUNIT",kg
"United Kingdom","Jan.-Dec. 2009","/plasticsprimary","PQNTFLAG",:C
"United Kingdom","Jan.-Dec. 2009","/plasticsprimary","PRODQNT",1446425305
"United Kingdom","Jan.-Dec. 2010","/plasticsprimary","QNTUNIT",kg
"United Kingdom","Jan.-Dec. 2010","/plasticsprimary","PQNTFLAG",:E
"United Kingdom","Jan.-Dec. 2010","/plasticsprimary","PRODQNT",1330192564
"United Kingdom","Jan.-Dec. 2011","/plasticsprimary","QNTUNIT",kg
"United Kingdom","Jan.-Dec. 2011","/plasticsprimary","PQNTFLAG",:C
"United Kingdom","Jan.-Dec. 2011","/plasticsprimary","PRODQNT",1160502304
"United Kingdom","Jan.-Dec. 2012","/plasticsprimary","QNTUNIT",kg
"United Kingdom","Jan.-Dec. 2012","/plasticsprimary","PQNTFLAG",:C
"United Kingdom","Jan.-Dec. 2012","/plasticsprimary","PRODQNT",810882609
"United Kingdom","Jan.-Dec. 2013","/plasticsprimary","QNTUNIT",kg
"United Kingdom","Jan.-Dec. 2013","/plasticsprimary","PQNTFLAG",:E
"United Kingdom","Jan.-Dec. 2013","/plasticsprimary","PRODQNT",781078255
"United Kingdom","Jan.-Dec. 2014","/plasticsprimary","QNTUNIT",kg
"United Kingdom","Jan.-Dec. 2014","/plasticsprimary","PQNTFLAG",:C
"United Kingdom","Jan.-Dec. 2014","/plasticsprimary","PRODQNT",1258033447
"United Kingdom","Jan.-Dec. 2015","/plasticsprimary","QNTUNIT",kg
"United Kingdom","Jan.-Dec. 2015","/plasticsprimary","PQNTFLAG",:C
"United Kingdom","Jan.-Dec. 2015","/plasticsprimary","PRODQNT",749993755
"United Kingdom","Jan.-Dec. 2016","/plasticsprimary","QNTUNIT",kg
"United Kingdom","Jan.-Dec. 2016","/plasticsprimary","PQNTFLAG",:C
"United Kingdom","Jan.-Dec. 2016","/plasticsprimary","PRODQNT",411421236
"United Kingdom","Jan.-Dec. 2017","/plasticsprimary","QNTUNIT",kg
"United Kingdom","Jan.-Dec. 2017","/plasticsprimary","PQNTFLAG",:C
"United Kingdom","Jan.-Dec. 2017","/plasticsprimary","PRODQNT",574191069
"United Kingdom","Jan.-Dec. 2018","/plasticsprimary","QNTUNIT",kg
"United Kingdom","Jan.-Dec. 2018","/plasticsprimary","PQNTFLAG",:C
"United Kingdom","Jan.-Dec. 2018","/plasticsprimary","PRODQNT",631631384
"United Kingdom","Jan.-Dec. 2019","/plasticsprimary","QNTUNIT",kg
"United Kingdom","Jan.-Dec. 2019","/plasticsprimary","PQNTFLAG",:C
"United Kingdom","Jan.-Dec. 2019","/plasticsprimary","PRODQNT",552525194
"Ireland","Jan.-Dec. 2008","/plasticsprimary","QNTUNIT",kg
"Ireland","Jan.-Dec. 2008","/plasticsprimary","PQNTFLAG",:C
"Ireland","Jan.-Dec. 2008","/plasticsprimary","PRODQNT",5958054
"Ireland","Jan.-Dec. 2009","/plasticsprimary","QNTUNIT",kg
"Ireland","Jan.-Dec. 2009","/plasticsprimary","PQNTFLAG",:C
"Ireland","Jan.-Dec. 2009","/plasticsprimary","PRODQNT",2857071
"Ireland","Jan.-Dec. 2010","/plasticsprimary","QNTUNIT",kg
"Ireland","Jan.-Dec. 2010","/plasticsprimary","PQNTFLAG",:C
"Ireland","Jan.-Dec. 2010","/plasticsprimary","PRODQNT",4647766
"Ireland","Jan.-Dec. 2011","/plasticsprimary","QNTUNIT",kg
"Ireland","Jan.-Dec. 2011","/plasticsprimary","PQNTFLAG",:C
"Ireland","Jan.-Dec. 2011","/plasticsprimary","PRODQNT",0
"Ireland","Jan.-Dec. 2012","/plasticsprimary","QNTUNIT",kg
"Ireland","Jan.-Dec. 2012","/plasticsprimary","PQNTFLAG",:C
"Ireland","Jan.-Dec. 2012","/plasticsprimary","PRODQNT",0
"Ireland","Jan.-Dec. 2013","/plasticsprimary","QNTUNIT",kg
"Ireland","Jan.-Dec. 2013","/plasticsprimary","PQNTFLAG",:C
"Ireland","Jan.-Dec. 2013","/plasticsprimary","PRODQNT",0
"Ireland","Jan.-Dec. 2014","/plasticsprimary","QNTUNIT",kg
"Ireland","Jan.-Dec. 2014","/plasticsprimary","PQNTFLAG",:C
"Ireland","Jan.-Dec. 2014","/plasticsprimary","PRODQNT",3368815
"Ireland","Jan.-Dec. 2015","/plasticsprimary","QNTUNIT",kg
"Ireland","Jan.-Dec. 2015","/plasticsprimary","PQNTFLAG",:C
"Ireland","Jan.-Dec. 2015","/plasticsprimary","PRODQNT",5623483
"Ireland","Jan.-Dec. 2016","/plasticsprimary","QNTUNIT",kg
"Ireland","Jan.-Dec. 2016","/plasticsprimary","PQNTFLAG",:C
"Ireland","Jan.-Dec. 2016","/plasticsprimary","PRODQNT",5867834
"Ireland","Jan.-Dec. 2017","/plasticsprimary","QNTUNIT",kg
"Ireland","Jan.-Dec. 2017","/plasticsprimary","PQNTFLAG",:C
"Ireland","Jan.-Dec. 2017","/plasticsprimary","PRODQNT",0
"Ireland","Jan.-Dec. 2018","/plasticsprimary","QNTUNIT",kg
"Ireland","Jan.-Dec. 2018","/plasticsprimary","PQNTFLAG",:C
"Ireland","Jan.-Dec. 2018","/plasticsprimary","PRODQNT",0
"Ireland","Jan.-Dec. 2019","/plasticsprimary","QNTUNIT",kg
"Ireland","Jan.-Dec. 2019","/plasticsprimary","PQNTFLAG",:C
"Ireland","Jan.-Dec. 2019","/plasticsprimary","PRODQNT",0
"Ireland","Jan.-Dec. 2020","/plasticsprimary","QNTUNIT",kg
"Ireland","Jan.-Dec. 2020","/plasticsprimary","PQNTFLAG",:C
"Ireland","Jan.-Dec. 2020","/plasticsprimary","PRODQNT",0
"Ireland","Jan.-Dec. 2021","/plasticsprimary","QNTUNIT",kg
"Ireland","Jan.-Dec. 2021","/plasticsprimary","PQNTFLAG",:C
"Ireland","Jan.-Dec. 2021","/plasticsprimary","PRODQNT",0
"Ireland","Jan.-Dec. 2022","/plasticsprimary","QNTUNIT",kg
"Ireland","Jan.-Dec. 2022","/plasticsprimary","PQNTFLAG",:C
"Denmark","Jan.-Dec. 2008","/plasticsprimary","QNTUNIT",kg
"Denmark","Jan.-Dec. 2008","/plasticsprimary","PRODQNT",30734627
"Denmark","Jan.-Dec. 2009","/plasticsprimary","QNTUNIT",kg
"Denmark","Jan.-Dec. 2009","/plasticsprimary","PRODQNT",13068490
"Denmark","Jan.-Dec. 2010","/plasticsprimary","QNTUNIT",kg
"Denmark","Jan.-Dec. 2010","/plasticsprimary","PRODQNT",13376623
"Denmark","Jan.-Dec. 2011","/plasticsprimary","QNTUNIT",kg
"Denmark","Jan.-Dec. 2011","/plasticsprimary","PRODQNT",13939753
"Denmark","Jan.-Dec. 2012","/plasticsprimary","QNTUNIT",kg
"Denmark","Jan.-Dec. 2012","/plasticsprimary","PRODQNT",13123778
"Denmark","Jan.-Dec. 2013","/plasticsprimary","QNTUNIT",kg
"Denmark","Jan.-Dec. 2013","/plasticsprimary","PRODQNT",8782440
"Denmark","Jan.-Dec. 2014","/plasticsprimary","QNTUNIT",kg
"Denmark","Jan.-Dec. 2014","/plasticsprimary","PRODQNT",13307294
"Denmark","Jan.-Dec. 2015","/plasticsprimary","QNTUNIT",kg
"Denmark","Jan.-Dec. 2015","/plasticsprimary","PRODQNT",12008677
"Denmark","Jan.-Dec. 2016","/plasticsprimary","QNTUNIT",kg
"Denmark","Jan.-Dec. 2016","/plasticsprimary","PQNTFLAG",:U
"Denmark","Jan.-Dec. 2016","/plasticsprimary","PRODQNT",0
"Denmark","Jan.-Dec. 2017","/plasticsprimary","QNTUNIT",kg
"Denmark","Jan.-Dec. 2017","/plasticsprimary","PRODQNT",16474767
"Denmark","Jan.-Dec. 2018","/plasticsprimary","QNTUNIT",kg
"Denmark","Jan.-Dec. 2018","/plasticsprimary","PRODQNT",16258960
"Denmark","Jan.-Dec. 2019","/plasticsprimary","QNTUNIT",kg
"Denmark","Jan.-Dec. 2019","/plasticsprimary","PQNTFLAG",:U
"Denmark","Jan.-Dec. 2019","/plasticsprimary","PRODQNT",0
"Denmark","Jan.-Dec. 2020","/plasticsprimary","QNTUNIT",kg
"Denmark","Jan.-Dec. 2020","/plasticsprimary","PQNTFLAG",:U
"Denmark","Jan.-Dec. 2020","/plasticsprimary","PRODQNT",0
"Denmark","Jan.-Dec. 2021","/plasticsprimary","QNTUNIT",kg
"Denmark","Jan.-Dec. 2022","/plasticsprimary","QNTUNIT",kg
"Greece","Jan.-Dec. 2008","/plasticsprimary","QNTUNIT",kg
"Greece","Jan.-Dec. 2008","/plasticsprimary","PQNTFLAG",:C
"Greece","Jan.-Dec. 2008","/plasticsprimary","PRODQNT",0
"Greece","Jan.-Dec. 2009","/plasticsprimary","QNTUNIT",kg
"Greece","Jan.-Dec. 2009","/plasticsprimary","PQNTFLAG",:C
"Greece","Jan.-Dec. 2009","/plasticsprimary","PRODQNT",9460760
"Greece","Jan.-Dec. 2010","/plasticsprimary","QNTUNIT",kg
"Greece","Jan.-Dec. 2010","/plasticsprimary","PQNTFLAG",:C
"Greece","Jan.-Dec. 2010","/plasticsprimary","PRODQNT",8006087
"Greece","Jan.-Dec. 2011","/plasticsprimary","QNTUNIT",kg
"Greece","Jan.-Dec. 2011","/plasticsprimary","PQNTFLAG",:C
"Greece","Jan.-Dec. 2011","/plasticsprimary","PRODQNT",0
"Greece","Jan.-Dec. 2012","/plasticsprimary","QNTUNIT",kg
"Greece","Jan.-Dec. 2012","/plasticsprimary","PQNTFLAG",:C
"Greece","Jan.-Dec. 2012","/plasticsprimary","PRODQNT",1678862
"Greece","Jan.-Dec. 2013","/plasticsprimary","QNTUNIT",kg
"Greece","Jan.-Dec. 2013","/plasticsprimary","PQNTFLAG",:C
"Greece","Jan.-Dec. 2013","/plasticsprimary","PRODQNT",1797182
"Greece","Jan.-Dec. 2014","/plasticsprimary","QNTUNIT",kg
"Greece","Jan.-Dec. 2014","/plasticsprimary","PQNTFLAG",:C
"Greece","Jan.-Dec. 2014","/plasticsprimary","PRODQNT",11308587
"Greece","Jan.-Dec. 2015","/plasticsprimary","QNTUNIT",kg
"Greece","Jan.-Dec. 2015","/plasticsprimary","PQNTFLAG",:C
"Greece","Jan.-Dec. 2015","/plasticsprimary","PRODQNT",13015447
"Greece","Jan.-Dec. 2016","/plasticsprimary","QNTUNIT",kg
"Greece","Jan.-Dec. 2016","/plasticsprimary","PQNTFLAG",:C
"Greece","Jan.-Dec. 2016","/plasticsprimary","PRODQNT",16589368
"Greece","Jan.-Dec. 2017","/plasticsprimary","QNTUNIT",kg
"Greece","Jan.-Dec. 2017","/plasticsprimary","PQNTFLAG",:C
"Greece","Jan.-Dec. 2017","/plasticsprimary","PRODQNT",8956393
"Greece","Jan.-Dec. 2018","/plasticsprimary","QNTUNIT",kg
"Greece","Jan.-Dec. 2018","/plasticsprimary","PQNTFLAG",:C
"Greece","Jan.-Dec. 2018","/plasticsprimary","PRODQNT",9921531
"Greece","Jan.-Dec. 2019","/plasticsprimary","QNTUNIT",kg
"Greece","Jan.-Dec. 2019","/plasticsprimary","PQNTFLAG",:C
"Greece","Jan.-Dec. 2019","/plasticsprimary","PRODQNT",10350107
"Greece","Jan.-Dec. 2020","/plasticsprimary","QNTUNIT",kg
"Greece","Jan.-Dec. 2020","/plasticsprimary","PQNTFLAG",:C
"Greece","Jan.-Dec. 2020","/plasticsprimary","PRODQNT",13051931
"Greece","Jan.-Dec. 2021","/plasticsprimary","QNTUNIT",kg
"Greece","Jan.-Dec. 2021","/plasticsprimary","PQNTFLAG",:C
"Greece","Jan.-Dec. 2021","/plasticsprimary","PRODQNT",22090177
"Greece","Jan.-Dec. 2022","/plasticsprimary","QNTUNIT",kg
"Greece","Jan.-Dec. 2022","/plasticsprimary","PRODQNT",0
"Portugal","Jan.-Dec. 2008","/plasticsprimary","QNTUNIT",kg
"Portugal","Jan.-Dec. 2008","/plasticsprimary","PQNTFLAG",:C
"Portugal","Jan.-Dec. 2008","/plasticsprimary","PRODQNT",508730579
"Portugal","Jan.-Dec. 2009","/plasticsprimary","QNTUNIT",kg
"Portugal","Jan.-Dec. 2009","/plasticsprimary","PQNTFLAG",:C
"Portugal","Jan.-Dec. 2009","/plasticsprimary","PRODQNT",443042568
"Portugal","Jan.-Dec. 2010","/plasticsprimary","QNTUNIT",kg
"Portugal","Jan.-Dec. 2010","/plasticsprimary","PQNTFLAG",:C
"Portugal","Jan.-Dec. 2010","/plasticsprimary","PRODQNT",604775200
"Portugal","Jan.-Dec. 2011","/plasticsprimary","QNTUNIT",kg
"Portugal","Jan.-Dec. 2011","/plasticsprimary","PQNTFLAG",:C
"Portugal","Jan.-Dec. 2011","/plasticsprimary","PRODQNT",570496006
"Portugal","Jan.-Dec. 2012","/plasticsprimary","QNTUNIT",kg
"Portugal","Jan.-Dec. 2012","/plasticsprimary","PQNTFLAG",:C
"Portugal","Jan.-Dec. 2012","/plasticsprimary","PRODQNT",557225695
"Portugal","Jan.-Dec. 2013","/plasticsprimary","QNTUNIT",kg
"Portugal","Jan.-Dec. 2013","/plasticsprimary","PQNTFLAG",:C
"Portugal","Jan.-Dec. 2013","/plasticsprimary","PRODQNT",555103575
"Portugal","Jan.-Dec. 2014","/plasticsprimary","QNTUNIT",kg
"Portugal","Jan.-Dec. 2014","/plasticsprimary","PQNTFLAG",:C
"Portugal","Jan.-Dec. 2014","/plasticsprimary","PRODQNT",556366113
"Portugal","Jan.-Dec. 2015","/plasticsprimary","QNTUNIT",kg
"Portugal","Jan.-Dec. 2015","/plasticsprimary","PQNTFLAG",:C
"Portugal","Jan.-Dec. 2015","/plasticsprimary","PRODQNT",396245789
"Portugal","Jan.-Dec. 2016","/plasticsprimary","QNTUNIT",kg
"Portugal","Jan.-Dec. 2016","/plasticsprimary","PQNTFLAG",:C
"Portugal","Jan.-Dec. 2016","/plasticsprimary","PRODQNT",566406364
"Portugal","Jan.-Dec. 2017","/plasticsprimary","QNTUNIT",kg
"Portugal","Jan.-Dec. 2017","/plasticsprimary","PQNTFLAG",:C
"Portugal","Jan.-Dec. 2017","/plasticsprimary","PRODQNT",400027541
"Portugal","Jan.-Dec. 2018","/plasticsprimary","QNTUNIT",kg
"Portugal","Jan.-Dec. 2018","/plasticsprimary","PQNTFLAG",:C
"Portugal","Jan.-Dec. 2018","/plasticsprimary","PRODQNT",535816235
"Portugal","Jan.-Dec. 2019","/plasticsprimary","QNTUNIT",kg
"Portugal","Jan.-Dec. 2019","/plasticsprimary","PQNTFLAG",:C
"Portugal","Jan.-Dec. 2019","/plasticsprimary","PRODQNT",571219692
"Portugal","Jan.-Dec. 2020","/plasticsprimary","QNTUNIT",kg
"Portugal","Jan.-Dec. 2020","/plasticsprimary","PQNTFLAG",:C
"Portugal","Jan.-Dec. 2020","/plasticsprimary","PRODQNT",573112140
"Portugal","Jan.-Dec. 2021","/plasticsprimary","QNTUNIT",kg
"Portugal","Jan.-Dec. 2021","/plasticsprimary","PQNTFLAG",:C
"Portugal","Jan.-Dec. 2021","/plasticsprimary","PRODQNT",404430161
"Portugal","Jan.-Dec. 2022","/plasticsprimary","QNTUNIT",kg
"Portugal","Jan.-Dec. 2022","/plasticsprimary","PQNTFLAG",:C
"Portugal","Jan.-Dec. 2022","/plasticsprimary","PRODQNT",365686790
"Spain","Jan.-Dec. 2008","/plasticsprimary","QNTUNIT",kg
"Spain","Jan.-Dec. 2008","/plasticsprimary","PQNTFLAG",:C
"Spain","Jan.-Dec. 2008","/plasticsprimary","PRODQNT",3361918000
"Spain","Jan.-Dec. 2009","/plasticsprimary","QNTUNIT",kg
"Spain","Jan.-Dec. 2009","/plasticsprimary","PQNTFLAG",:C
"Spain","Jan.-Dec. 2009","/plasticsprimary","PRODQNT",2921987000
"Spain","Jan.-Dec. 2010","/plasticsprimary","QNTUNIT",kg
"Spain","Jan.-Dec. 2010","/plasticsprimary","PQNTFLAG",:C
"Spain","Jan.-Dec. 2010","/plasticsprimary","PRODQNT",3087295000
"Spain","Jan.-Dec. 2011","/plasticsprimary","QNTUNIT",kg
"Spain","Jan.-Dec. 2011","/plasticsprimary","PQNTFLAG",:C
"Spain","Jan.-Dec. 2011","/plasticsprimary","PRODQNT",3692282000
"Spain","Jan.-Dec. 2012","/plasticsprimary","QNTUNIT",kg
"Spain","Jan.-Dec. 2012","/plasticsprimary","PQNTFLAG",:C
"Spain","Jan.-Dec. 2012","/plasticsprimary","PRODQNT",2181973000
"Spain","Jan.-Dec. 2013","/plasticsprimary","QNTUNIT",kg
"Spain","Jan.-Dec. 2013","/plasticsprimary","PQNTFLAG",:C
"Spain","Jan.-Dec. 2013","/plasticsprimary","PRODQNT",2316634000
"Spain","Jan.-Dec. 2014","/plasticsprimary","QNTUNIT",kg
"Spain","Jan.-Dec. 2014","/plasticsprimary","PQNTFLAG",:C
"Spain","Jan.-Dec. 2014","/plasticsprimary","PRODQNT",2772434000
"Spain","Jan.-Dec. 2015","/plasticsprimary","QNTUNIT",kg
"Spain","Jan.-Dec. 2015","/plasticsprimary","PQNTFLAG",:C
"Spain","Jan.-Dec. 2015","/plasticsprimary","PRODQNT",2955879000
"Spain","Jan.-Dec. 2016","/plasticsprimary","QNTUNIT",kg
"Spain","Jan.-Dec. 2016","/plasticsprimary","PQNTFLAG",:C
"Spain","Jan.-Dec. 2016","/plasticsprimary","PRODQNT",3331478000
"Spain","Jan.-Dec. 2017","/plasticsprimary","QNTUNIT",kg
"Spain","Jan.-Dec. 2017","/plasticsprimary","PQNTFLAG",:C
"Spain","Jan.-Dec. 2017","/plasticsprimary","PRODQNT",3221788000
"Spain","Jan.-Dec. 2018","/plasticsprimary","QNTUNIT",kg
"Spain","Jan.-Dec. 2018","/plasticsprimary","PQNTFLAG",:C
"Spain","Jan.-Dec. 2018","/plasticsprimary","PRODQNT",3236691000
"Spain","Jan.-Dec. 2019","/plasticsprimary","QNTUNIT",kg
"Spain","Jan.-Dec. 2019","/plasticsprimary","PQNTFLAG",:C
"Spain","Jan.-Dec. 2019","/plasticsprimary","PRODQNT",3359186000
"Spain","Jan.-Dec. 2020","/plasticsprimary","QNTUNIT",kg
"Spain","Jan.-Dec. 2020","/plasticsprimary","PQNTFLAG",:C
"Spain","Jan.-Dec. 2020","/plasticsprimary","PRODQNT",3349512000
"Spain","Jan.-Dec. 2021","/plasticsprimary","QNTUNIT",kg
"Spain","Jan.-Dec. 2021","/plasticsprimary","PQNTFLAG",:C
"Spain","Jan.-Dec. 2021","/plasticsprimary","PRODQNT",3202347000
"Spain","Jan.-Dec. 2022","/plasticsprimary","QNTUNIT",kg
"Spain","Jan.-Dec. 2022","/plasticsprimary","PQNTFLAG",:C
"Spain","Jan.-Dec. 2022","/plasticsprimary","PRODQNT",3244525000
"Belgium","Jan.-Dec. 2008","/plasticsprimary","QNTUNIT",kg
"Belgium","Jan.-Dec. 2008","/plasticsprimary","PQNTFLAG",:C
"Belgium","Jan.-Dec. 2008","/plasticsprimary","PRODQNT",4694886269
"Belgium","Jan.-Dec. 2009","/plasticsprimary","QNTUNIT",kg
"Belgium","Jan.-Dec. 2009","/plasticsprimary","PQNTFLAG",:C
"Belgium","Jan.-Dec. 2009","/plasticsprimary","PRODQNT",4641404369
"Belgium","Jan.-Dec. 2010","/plasticsprimary","QNTUNIT",kg
"Belgium","Jan.-Dec. 2010","/plasticsprimary","PQNTFLAG",:C
"Belgium","Jan.-Dec. 2010","/plasticsprimary","PRODQNT",5793426532
"Belgium","Jan.-Dec. 2011","/plasticsprimary","QNTUNIT",kg
"Belgium","Jan.-Dec. 2011","/plasticsprimary","PQNTFLAG",:C
"Belgium","Jan.-Dec. 2011","/plasticsprimary","PRODQNT",4796297782
"Belgium","Jan.-Dec. 2012","/plasticsprimary","QNTUNIT",kg
"Belgium","Jan.-Dec. 2012","/plasticsprimary","PQNTFLAG",:C
"Belgium","Jan.-Dec. 2012","/plasticsprimary","PRODQNT",5048375273
"Belgium","Jan.-Dec. 2013","/plasticsprimary","QNTUNIT",kg
"Belgium","Jan.-Dec. 2013","/plasticsprimary","PQNTFLAG",:C
"Belgium","Jan.-Dec. 2013","/plasticsprimary","PRODQNT",4751127470
"Belgium","Jan.-Dec. 2014","/plasticsprimary","QNTUNIT",kg
"Belgium","Jan.-Dec. 2014","/plasticsprimary","PQNTFLAG",:C
"Belgium","Jan.-Dec. 2014","/plasticsprimary","PRODQNT",5010943353
"Belgium","Jan.-Dec. 2015","/plasticsprimary","QNTUNIT",kg
"Belgium","Jan.-Dec. 2015","/plasticsprimary","PQNTFLAG",:C
"Belgium","Jan.-Dec. 2015","/plasticsprimary","PRODQNT",2711912916
"Belgium","Jan.-Dec. 2016","/plasticsprimary","QNTUNIT",kg
"Belgium","Jan.-Dec. 2016","/plasticsprimary","PQNTFLAG",:C
"Belgium","Jan.-Dec. 2016","/plasticsprimary","PRODQNT",4790134536
"Belgium","Jan.-Dec. 2017","/plasticsprimary","QNTUNIT",kg
"Belgium","Jan.-Dec. 2017","/plasticsprimary","PQNTFLAG",:C
"Belgium","Jan.-Dec. 2017","/plasticsprimary","PRODQNT",3884941401
"Belgium","Jan.-Dec. 2018","/plasticsprimary","QNTUNIT",kg
"Belgium","Jan.-Dec. 2018","/plasticsprimary","PQNTFLAG",:C
"Belgium","Jan.-Dec. 2018","/plasticsprimary","PRODQNT",3832566329
"Belgium","Jan.-Dec. 2019","/plasticsprimary","QNTUNIT",kg
"Belgium","Jan.-Dec. 2019","/plasticsprimary","PQNTFLAG",:C
"Belgium","Jan.-Dec. 2019","/plasticsprimary","PRODQNT",3453116260
"Belgium","Jan.-Dec. 2020","/plasticsprimary","QNTUNIT",kg
"Belgium","Jan.-Dec. 2020","/plasticsprimary","PQNTFLAG",:U
"Belgium","Jan.-Dec. 2021","/plasticsprimary","QNTUNIT",kg
"Belgium","Jan.-Dec. 2021","/plasticsprimary","PQNTFLAG",:C
"Belgium","Jan.-Dec. 2021","/plasticsprimary","PRODQNT",4311735430
"Belgium","Jan.-Dec. 2022","/plasticsprimary","QNTUNIT",kg
"Belgium","Jan.-Dec. 2022","/plasticsprimary","PQNTFLAG",:C
"Belgium","Jan.-Dec. 2022","/plasticsprimary","PRODQNT",4803699229
"Luxembourg","Jan.-Dec. 2008","/plasticsprimary","QNTUNIT",kg
"Luxembourg","Jan.-Dec. 2008","/plasticsprimary","PRODQNT",0
"Luxembourg","Jan.-Dec. 2009","/plasticsprimary","QNTUNIT",kg
"Luxembourg","Jan.-Dec. 2009","/plasticsprimary","PRODQNT",0
"Luxembourg","Jan.-Dec. 2010","/plasticsprimary","QNTUNIT",kg
"Luxembourg","Jan.-Dec. 2010","/plasticsprimary","PRODQNT",0
"Luxembourg","Jan.-Dec. 2011","/plasticsprimary","QNTUNIT",kg
"Luxembourg","Jan.-Dec. 2011","/plasticsprimary","PRODQNT",0
"Luxembourg","Jan.-Dec. 2012","/plasticsprimary","QNTUNIT",kg
"Luxembourg","Jan.-Dec. 2012","/plasticsprimary","PRODQNT",0
"Luxembourg","Jan.-Dec. 2013","/plasticsprimary","QNTUNIT",kg
"Luxembourg","Jan.-Dec. 2013","/plasticsprimary","PRODQNT",0
"Luxembourg","Jan.-Dec. 2014","/plasticsprimary","QNTUNIT",kg
"Luxembourg","Jan.-Dec. 2014","/plasticsprimary","PRODQNT",0
"Luxembourg","Jan.-Dec. 2015","/plasticsprimary","QNTUNIT",kg
"Luxembourg","Jan.-Dec. 2015","/plasticsprimary","PRODQNT",0
"Luxembourg","Jan.-Dec. 2016","/plasticsprimary","QNTUNIT",kg
"Luxembourg","Jan.-Dec. 2016","/plasticsprimary","PRODQNT",0
"Luxembourg","Jan.-Dec. 2017","/plasticsprimary","QNTUNIT",kg
"Luxembourg","Jan.-Dec. 2017","/plasticsprimary","PRODQNT",0
"Luxembourg","Jan.-Dec. 2018","/plasticsprimary","QNTUNIT",kg
"Luxembourg","Jan.-Dec. 2018","/plasticsprimary","PRODQNT",0
"Luxembourg","Jan.-Dec. 2019","/plasticsprimary","QNTUNIT",kg
"Luxembourg","Jan.-Dec. 2019","/plasticsprimary","PRODQNT",0
"Luxembourg","Jan.-Dec. 2020","/plasticsprimary","QNTUNIT",kg
"Luxembourg","Jan.-Dec. 2020","/plasticsprimary","PRODQNT",0
"Luxembourg","Jan.-Dec. 2021","/plasticsprimary","QNTUNIT",kg
"Luxembourg","Jan.-Dec. 2021","/plasticsprimary","PRODQNT",0
"Luxembourg","Jan.-Dec. 2022","/plasticsprimary","QNTUNIT",kg
"Luxembourg","Jan.-Dec. 2022","/plasticsprimary","PRODQNT",0
"Iceland","Jan.-Dec. 2008","/plasticsprimary","QNTUNIT",kg
"Iceland","Jan.-Dec. 2008","/plasticsprimary","PRODQNT",0
"Iceland","Jan.-Dec. 2009","/plasticsprimary","QNTUNIT",kg
"Iceland","Jan.-Dec. 2009","/plasticsprimary","PRODQNT",0
"Iceland","Jan.-Dec. 2010","/plasticsprimary","QNTUNIT",kg
"Iceland","Jan.-Dec. 2010","/plasticsprimary","PRODQNT",0
"Iceland","Jan.-Dec. 2011","/plasticsprimary","QNTUNIT",kg
"Iceland","Jan.-Dec. 2011","/plasticsprimary","PRODQNT",0
"Iceland","Jan.-Dec. 2012","/plasticsprimary","QNTUNIT",kg
"Iceland","Jan.-Dec. 2012","/plasticsprimary","PRODQNT",0
"Iceland","Jan.-Dec. 2013","/plasticsprimary","QNTUNIT",kg
"Iceland","Jan.-Dec. 2013","/plasticsprimary","PRODQNT",0
"Iceland","Jan.-Dec. 2014","/plasticsprimary","QNTUNIT",kg
"Iceland","Jan.-Dec. 2014","/plasticsprimary","PRODQNT",0
"Iceland","Jan.-Dec. 2015","/plasticsprimary","QNTUNIT",kg
"Iceland","Jan.-Dec. 2015","/plasticsprimary","PRODQNT",0
"Iceland","Jan.-Dec. 2016","/plasticsprimary","QNTUNIT",kg
"Iceland","Jan.-Dec. 2016","/plasticsprimary","PRODQNT",0
"Iceland","Jan.-Dec. 2017","/plasticsprimary","QNTUNIT",kg
"Iceland","Jan.-Dec. 2017","/plasticsprimary","PRODQNT",0
"Iceland","Jan.-Dec. 2018","/plasticsprimary","QNTUNIT",kg
"Iceland","Jan.-Dec. 2018","/plasticsprimary","PRODQNT",0
"Iceland","Jan.-Dec. 2019","/plasticsprimary","QNTUNIT",kg
"Iceland","Jan.-Dec. 2019","/plasticsprimary","PRODQNT",0
"Iceland","Jan.-Dec. 2020","/plasticsprimary","QNTUNIT",kg
"Iceland","Jan.-Dec. 2020","/plasticsprimary","PRODQNT",0
"Iceland","Jan.-Dec. 2021","/plasticsprimary","QNTUNIT",kg
"Iceland","Jan.-Dec. 2021","/plasticsprimary","PRODQNT",0
"Iceland","Jan.-Dec. 2022","/plasticsprimary","QNTUNIT",kg
"Iceland","Jan.-Dec. 2022","/plasticsprimary","PRODQNT",0
"Norway","Jan.-Dec. 2008","/plasticsprimary","QNTUNIT",kg
"Norway","Jan.-Dec. 2008","/plasticsprimary","PQNTFLAG",:C
"Norway","Jan.-Dec. 2008","/plasticsprimary","PRODQNT",0
"Norway","Jan.-Dec. 2009","/plasticsprimary","QNTUNIT",kg
"Norway","Jan.-Dec. 2009","/plasticsprimary","PQNTFLAG",:C
"Norway","Jan.-Dec. 2009","/plasticsprimary","PRODQNT",0
"Norway","Jan.-Dec. 2010","/plasticsprimary","QNTUNIT",kg
"Norway","Jan.-Dec. 2010","/plasticsprimary","PQNTFLAG",:C
"Norway","Jan.-Dec. 2010","/plasticsprimary","PRODQNT",0
"Norway","Jan.-Dec. 2011","/plasticsprimary","QNTUNIT",kg
"Norway","Jan.-Dec. 2011","/plasticsprimary","PQNTFLAG",:C
"Norway","Jan.-Dec. 2011","/plasticsprimary","PRODQNT",0
"Norway","Jan.-Dec. 2012","/plasticsprimary","QNTUNIT",kg
"Norway","Jan.-Dec. 2012","/plasticsprimary","PQNTFLAG",:C
"Norway","Jan.-Dec. 2012","/plasticsprimary","PRODQNT",0
"Norway","Jan.-Dec. 2013","/plasticsprimary","QNTUNIT",kg
"Norway","Jan.-Dec. 2013","/plasticsprimary","PQNTFLAG",:C
"Norway","Jan.-Dec. 2013","/plasticsprimary","PRODQNT",0
"Norway","Jan.-Dec. 2014","/plasticsprimary","QNTUNIT",kg
"Norway","Jan.-Dec. 2014","/plasticsprimary","PQNTFLAG",:C
"Norway","Jan.-Dec. 2014","/plasticsprimary","PRODQNT",0
"Norway","Jan.-Dec. 2015","/plasticsprimary","QNTUNIT",kg
"Norway","Jan.-Dec. 2015","/plasticsprimary","PQNTFLAG",:C
"Norway","Jan.-Dec. 2015","/plasticsprimary","PRODQNT",0
"Norway","Jan.-Dec. 2016","/plasticsprimary","QNTUNIT",kg
"Norway","Jan.-Dec. 2016","/plasticsprimary","PQNTFLAG",:C
"Norway","Jan.-Dec. 2016","/plasticsprimary","PRODQNT",0
"Norway","Jan.-Dec. 2017","/plasticsprimary","QNTUNIT",kg
"Norway","Jan.-Dec. 2017","/plasticsprimary","PQNTFLAG",:C
"Norway","Jan.-Dec. 2017","/plasticsprimary","PRODQNT",0
"Norway","Jan.-Dec. 2018","/plasticsprimary","QNTUNIT",kg
"Norway","Jan.-Dec. 2018","/plasticsprimary","PQNTFLAG",:C
"Norway","Jan.-Dec. 2018","/plasticsprimary","PRODQNT",0
"Norway","Jan.-Dec. 2019","/plasticsprimary","QNTUNIT",kg
"Norway","Jan.-Dec. 2019","/plasticsprimary","PQNTFLAG",:C
"Norway","Jan.-Dec. 2019","/plasticsprimary","PRODQNT",0
"Norway","Jan.-Dec. 2020","/plasticsprimary","QNTUNIT",kg
"Norway","Jan.-Dec. 2020","/plasticsprimary","PQNTFLAG",:C
"Norway","Jan.-Dec. 2020","/plasticsprimary","PRODQNT",0
"Norway","Jan.-Dec. 2021","/plasticsprimary","QNTUNIT",kg
"Norway","Jan.-Dec. 2021","/plasticsprimary","PQNTFLAG",:C
"Norway","Jan.-Dec. 2022","/plasticsprimary","QNTUNIT",kg
"Norway","Jan.-Dec. 2022","/plasticsprimary","PQNTFLAG",:C
"Sweden","Jan.-Dec. 2008","/plasticsprimary","QNTUNIT",kg
"Sweden","Jan.-Dec. 2008","/plasticsprimary","PQNTFLAG",:C
"Sweden","Jan.-Dec. 2008","/plasticsprimary","PRODQNT",0
"Sweden","Jan.-Dec. 2009","/plasticsprimary","QNTUNIT",kg
"Sweden","Jan.-Dec. 2009","/plasticsprimary","PQNTFLAG",:C
"Sweden","Jan.-Dec. 2009","/plasticsprimary","PRODQNT",0
"Sweden","Jan.-Dec. 2010","/plasticsprimary","QNTUNIT",kg
"Sweden","Jan.-Dec. 2010","/plasticsprimary","PQNTFLAG",:C
"Sweden","Jan.-Dec. 2010","/plasticsprimary","PRODQNT",29890900
"Sweden","Jan.-Dec. 2011","/plasticsprimary","QNTUNIT",kg
"Sweden","Jan.-Dec. 2011","/plasticsprimary","PQNTFLAG",:C
"Sweden","Jan.-Dec. 2011","/plasticsprimary","PRODQNT",9983100
"Sweden","Jan.-Dec. 2012","/plasticsprimary","QNTUNIT",kg
"Sweden","Jan.-Dec. 2012","/plasticsprimary","PQNTFLAG",:C
"Sweden","Jan.-Dec. 2012","/plasticsprimary","PRODQNT",20872200
"Sweden","Jan.-Dec. 2013","/plasticsprimary","QNTUNIT",kg
"Sweden","Jan.-Dec. 2013","/plasticsprimary","PQNTFLAG",:C
"Sweden","Jan.-Dec. 2013","/plasticsprimary","PRODQNT",21771000
"Sweden","Jan.-Dec. 2014","/plasticsprimary","QNTUNIT",kg
"Sweden","Jan.-Dec. 2014","/plasticsprimary","PQNTFLAG",:C
"Sweden","Jan.-Dec. 2014","/plasticsprimary","PRODQNT",28187300
"Sweden","Jan.-Dec. 2015","/plasticsprimary","QNTUNIT",kg
"Sweden","Jan.-Dec. 2015","/plasticsprimary","PQNTFLAG",:C
"Sweden","Jan.-Dec. 2015","/plasticsprimary","PRODQNT",4522000
"Sweden","Jan.-Dec. 2016","/plasticsprimary","QNTUNIT",kg
"Sweden","Jan.-Dec. 2016","/plasticsprimary","PQNTFLAG",:C
"Sweden","Jan.-Dec. 2016","/plasticsprimary","PRODQNT",21046500
"Sweden","Jan.-Dec. 2017","/plasticsprimary","QNTUNIT",kg
"Sweden","Jan.-Dec. 2017","/plasticsprimary","PQNTFLAG",:C
"Sweden","Jan.-Dec. 2017","/plasticsprimary","PRODQNT",13300
"Sweden","Jan.-Dec. 2018","/plasticsprimary","QNTUNIT",kg
"Sweden","Jan.-Dec. 2018","/plasticsprimary","PQNTFLAG",:C
"Sweden","Jan.-Dec. 2018","/plasticsprimary","PRODQNT",31508800
"Sweden","Jan.-Dec. 2019","/plasticsprimary","QNTUNIT",kg
"Sweden","Jan.-Dec. 2019","/plasticsprimary","PQNTFLAG",:C
"Sweden","Jan.-Dec. 2019","/plasticsprimary","PRODQNT",25867900
"Sweden","Jan.-Dec. 2020","/plasticsprimary","QNTUNIT",kg
"Sweden","Jan.-Dec. 2020","/plasticsprimary","PQNTFLAG",:U
"Sweden","Jan.-Dec. 2020","/plasticsprimary","PRODQNT",815263000
"Sweden","Jan.-Dec. 2021","/plasticsprimary","QNTUNIT",kg
"Sweden","Jan.-Dec. 2021","/plasticsprimary","PRODQNT",121064800
"Sweden","Jan.-Dec. 2022","/plasticsprimary","QNTUNIT",kg
"Sweden","Jan.-Dec. 2022","/plasticsprimary","PQNTFLAG",:C
"Sweden","Jan.-Dec. 2022","/plasticsprimary","PRODQNT",69524700
"Finland","Jan.-Dec. 2008","/plasticsprimary","QNTUNIT",kg
"Finland","Jan.-Dec. 2008","/plasticsprimary","PQNTFLAG",:C
"Finland","Jan.-Dec. 2008","/plasticsprimary","PRODQNT",335513637
"Finland","Jan.-Dec. 2009","/plasticsprimary","QNTUNIT",kg
"Finland","Jan.-Dec. 2009","/plasticsprimary","PQNTFLAG",:C
"Finland","Jan.-Dec. 2009","/plasticsprimary","PRODQNT",383095318
"Finland","Jan.-Dec. 2010","/plasticsprimary","QNTUNIT",kg
"Finland","Jan.-Dec. 2010","/plasticsprimary","PQNTFLAG",:C
"Finland","Jan.-Dec. 2010","/plasticsprimary","PRODQNT",368567756
"Finland","Jan.-Dec. 2011","/plasticsprimary","QNTUNIT",kg
"Finland","Jan.-Dec. 2011","/plasticsprimary","PQNTFLAG",:C
"Finland","Jan.-Dec. 2011","/plasticsprimary","PRODQNT",395581724
"Finland","Jan.-Dec. 2012","/plasticsprimary","QNTUNIT",kg
"Finland","Jan.-Dec. 2012","/plasticsprimary","PQNTFLAG",:C
"Finland","Jan.-Dec. 2012","/plasticsprimary","PRODQNT",387511513
"Finland","Jan.-Dec. 2013","/plasticsprimary","QNTUNIT",kg
"Finland","Jan.-Dec. 2013","/plasticsprimary","PQNTFLAG",:C
"Finland","Jan.-Dec. 2013","/plasticsprimary","PRODQNT",750195129
"Finland","Jan.-Dec. 2014","/plasticsprimary","QNTUNIT",kg
"Finland","Jan.-Dec. 2014","/plasticsprimary","PQNTFLAG",:C
"Finland","Jan.-Dec. 2014","/plasticsprimary","PRODQNT",410856544
"Finland","Jan.-Dec. 2015","/plasticsprimary","QNTUNIT",kg
"Finland","Jan.-Dec. 2015","/plasticsprimary","PQNTFLAG",:C
"Finland","Jan.-Dec. 2015","/plasticsprimary","PRODQNT",346470713
"Finland","Jan.-Dec. 2016","/plasticsprimary","QNTUNIT",kg
"Finland","Jan.-Dec. 2016","/plasticsprimary","PQNTFLAG",:C
"Finland","Jan.-Dec. 2016","/plasticsprimary","PRODQNT",361109424
"Finland","Jan.-Dec. 2017","/plasticsprimary","QNTUNIT",kg
"Finland","Jan.-Dec. 2017","/plasticsprimary","PQNTFLAG",:C
"Finland","Jan.-Dec. 2017","/plasticsprimary","PRODQNT",359247069
"Finland","Jan.-Dec. 2018","/plasticsprimary","QNTUNIT",kg
"Finland","Jan.-Dec. 2018","/plasticsprimary","PQNTFLAG",:C
"Finland","Jan.-Dec. 2018","/plasticsprimary","PRODQNT",470739795
"Finland","Jan.-Dec. 2019","/plasticsprimary","QNTUNIT",kg
"Finland","Jan.-Dec. 2019","/plasticsprimary","PQNTFLAG",:C
"Finland","Jan.-Dec. 2019","/plasticsprimary","PRODQNT",381348992
"Finland","Jan.-Dec. 2020","/plasticsprimary","QNTUNIT",kg
"Finland","Jan.-Dec. 2020","/plasticsprimary","PQNTFLAG",:C
"Finland","Jan.-Dec. 2020","/plasticsprimary","PRODQNT",383848961
"Finland","Jan.-Dec. 2021","/plasticsprimary","QNTUNIT",kg
"Finland","Jan.-Dec. 2021","/plasticsprimary","PQNTFLAG",:C
"Finland","Jan.-Dec. 2021","/plasticsprimary","PRODQNT",724414893
"Finland","Jan.-Dec. 2022","/plasticsprimary","QNTUNIT",kg
"Finland","Jan.-Dec. 2022","/plasticsprimary","PQNTFLAG",:C
"Finland","Jan.-Dec. 2022","/plasticsprimary","PRODQNT",489782724
"Austria","Jan.-Dec. 2008","/plasticsprimary","QNTUNIT",kg
"Austria","Jan.-Dec. 2008","/plasticsprimary","PQNTFLAG",:C
"Austria","Jan.-Dec. 2008","/plasticsprimary","PRODQNT",0
"Austria","Jan.-Dec. 2009","/plasticsprimary","QNTUNIT",kg
"Austria","Jan.-Dec. 2009","/plasticsprimary","PQNTFLAG",:C
"Austria","Jan.-Dec. 2009","/plasticsprimary","PRODQNT",0
"Austria","Jan.-Dec. 2010","/plasticsprimary","QNTUNIT",kg
"Austria","Jan.-Dec. 2010","/plasticsprimary","PQNTFLAG",:C
"Austria","Jan.-Dec. 2010","/plasticsprimary","PRODQNT",0
"Austria","Jan.-Dec. 2011","/plasticsprimary","QNTUNIT",kg
"Austria","Jan.-Dec. 2011","/plasticsprimary","PQNTFLAG",:C
"Austria","Jan.-Dec. 2011","/plasticsprimary","PRODQNT",0
"Austria","Jan.-Dec. 2012","/plasticsprimary","QNTUNIT",kg
"Austria","Jan.-Dec. 2012","/plasticsprimary","PQNTFLAG",:C
"Austria","Jan.-Dec. 2012","/plasticsprimary","PRODQNT",0
"Austria","Jan.-Dec. 2013","/plasticsprimary","QNTUNIT",kg
"Austria","Jan.-Dec. 2013","/plasticsprimary","PQNTFLAG",:C
"Austria","Jan.-Dec. 2013","/plasticsprimary","PRODQNT",0
"Austria","Jan.-Dec. 2014","/plasticsprimary","QNTUNIT",kg
"Austria","Jan.-Dec. 2014","/plasticsprimary","PQNTFLAG",:C
"Austria","Jan.-Dec. 2014","/plasticsprimary","PRODQNT",0
"Austria","Jan.-Dec. 2015","/plasticsprimary","QNTUNIT",kg
"Austria","Jan.-Dec. 2015","/plasticsprimary","PQNTFLAG",:C
"Austria","Jan.-Dec. 2015","/plasticsprimary","PRODQNT",0
"Austria","Jan.-Dec. 2016","/plasticsprimary","QNTUNIT",kg
"Austria","Jan.-Dec. 2016","/plasticsprimary","PQNTFLAG",:C
"Austria","Jan.-Dec. 2016","/plasticsprimary","PRODQNT",0
"Austria","Jan.-Dec. 2017","/plasticsprimary","QNTUNIT",kg
"Austria","Jan.-Dec. 2017","/plasticsprimary","PQNTFLAG",:C
"Austria","Jan.-Dec. 2017","/plasticsprimary","PRODQNT",0
"Austria","Jan.-Dec. 2018","/plasticsprimary","QNTUNIT",kg
"Austria","Jan.-Dec. 2018","/plasticsprimary","PQNTFLAG",:C
"Austria","Jan.-Dec. 2018","/plasticsprimary","PRODQNT",0
"Austria","Jan.-Dec. 2019","/plasticsprimary","QNTUNIT",kg
"Austria","Jan.-Dec. 2019","/plasticsprimary","PQNTFLAG",:C
"Austria","Jan.-Dec. 2019","/plasticsprimary","PRODQNT",0
"Austria","Jan.-Dec. 2020","/plasticsprimary","QNTUNIT",kg
"Austria","Jan.-Dec. 2020","/plasticsprimary","PQNTFLAG",:C
"Austria","Jan.-Dec. 2020","/plasticsprimary","PRODQNT",0
"Austria","Jan.-Dec. 2021","/plasticsprimary","QNTUNIT",kg
"Austria","Jan.-Dec. 2021","/plasticsprimary","PQNTFLAG",:C
"Austria","Jan.-Dec. 2022","/plasticsprimary","QNTUNIT",kg
"Austria","Jan.-Dec. 2022","/plasticsprimary","PQNTFLAG",:C
"Malta","Jan.-Dec. 2008","/plasticsprimary","QNTUNIT",kg
"Malta","Jan.-Dec. 2008","/plasticsprimary","PRODQNT",0
"Malta","Jan.-Dec. 2009","/plasticsprimary","QNTUNIT",kg
"Malta","Jan.-Dec. 2009","/plasticsprimary","PRODQNT",0
"Malta","Jan.-Dec. 2010","/plasticsprimary","QNTUNIT",kg
"Malta","Jan.-Dec. 2010","/plasticsprimary","PRODQNT",0
"Malta","Jan.-Dec. 2011","/plasticsprimary","QNTUNIT",kg
"Malta","Jan.-Dec. 2011","/plasticsprimary","PRODQNT",0
"Malta","Jan.-Dec. 2012","/plasticsprimary","QNTUNIT",kg
"Malta","Jan.-Dec. 2012","/plasticsprimary","PRODQNT",0
"Malta","Jan.-Dec. 2013","/plasticsprimary","QNTUNIT",kg
"Malta","Jan.-Dec. 2013","/plasticsprimary","PRODQNT",0
"Malta","Jan.-Dec. 2014","/plasticsprimary","QNTUNIT",kg
"Malta","Jan.-Dec. 2014","/plasticsprimary","PRODQNT",0
"Malta","Jan.-Dec. 2015","/plasticsprimary","QNTUNIT",kg
"Malta","Jan.-Dec. 2015","/plasticsprimary","PRODQNT",0
"Malta","Jan.-Dec. 2016","/plasticsprimary","QNTUNIT",kg
"Malta","Jan.-Dec. 2016","/plasticsprimary","PRODQNT",0
"Malta","Jan.-Dec. 2017","/plasticsprimary","QNTUNIT",kg
"Malta","Jan.-Dec. 2017","/plasticsprimary","PRODQNT",0
"Malta","Jan.-Dec. 2018","/plasticsprimary","QNTUNIT",kg
"Malta","Jan.-Dec. 2018","/plasticsprimary","PRODQNT",0
"Malta","Jan.-Dec. 2019","/plasticsprimary","QNTUNIT",kg
"Malta","Jan.-Dec. 2019","/plasticsprimary","PRODQNT",0
"Malta","Jan.-Dec. 2020","/plasticsprimary","QNTUNIT",kg
"Malta","Jan.-Dec. 2020","/plasticsprimary","PRODQNT",0
"Malta","Jan.-Dec. 2021","/plasticsprimary","QNTUNIT",kg
"Malta","Jan.-Dec. 2021","/plasticsprimary","PRODQNT",0
"Malta","Jan.-Dec. 2022","/plasticsprimary","QNTUNIT",kg
"Malta","Jan.-Dec. 2022","/plasticsprimary","PRODQNT",0
"Türkiye","Jan.-Dec. 2008","/plasticsprimary","QNTUNIT",kg
"Türkiye","Jan.-Dec. 2008","/plasticsprimary","PQNTFLAG",:C
"Türkiye","Jan.-Dec. 2008","/plasticsprimary","PRODQNT",25820182
"Türkiye","Jan.-Dec. 2009","/plasticsprimary","QNTUNIT",kg
"Türkiye","Jan.-Dec. 2009","/plasticsprimary","PQNTFLAG",:C
"Türkiye","Jan.-Dec. 2009","/plasticsprimary","PRODQNT",11575601
"Türkiye","Jan.-Dec. 2010","/plasticsprimary","QNTUNIT",kg
"Türkiye","Jan.-Dec. 2010","/plasticsprimary","PQNTFLAG",:C
"Türkiye","Jan.-Dec. 2010","/plasticsprimary","PRODQNT",0
"Türkiye","Jan.-Dec. 2011","/plasticsprimary","QNTUNIT",kg
"Türkiye","Jan.-Dec. 2011","/plasticsprimary","PQNTFLAG",:U
"Estonia","Jan.-Dec. 2008","/plasticsprimary","QNTUNIT",kg
"Estonia","Jan.-Dec. 2008","/plasticsprimary","PRODQNT",0
"Estonia","Jan.-Dec. 2009","/plasticsprimary","QNTUNIT",kg
"Estonia","Jan.-Dec. 2009","/plasticsprimary","PRODQNT",0
"Estonia","Jan.-Dec. 2010","/plasticsprimary","QNTUNIT",kg
"Estonia","Jan.-Dec. 2010","/plasticsprimary","PRODQNT",0
"Estonia","Jan.-Dec. 2011","/plasticsprimary","QNTUNIT",kg
"Estonia","Jan.-Dec. 2011","/plasticsprimary","PRODQNT",206107
"Estonia","Jan.-Dec. 2012","/plasticsprimary","QNTUNIT",kg
"Estonia","Jan.-Dec. 2012","/plasticsprimary","PRODQNT",328860
"Estonia","Jan.-Dec. 2013","/plasticsprimary","QNTUNIT",kg
"Estonia","Jan.-Dec. 2013","/plasticsprimary","PRODQNT",7200
"Estonia","Jan.-Dec. 2014","/plasticsprimary","QNTUNIT",kg
"Estonia","Jan.-Dec. 2014","/plasticsprimary","PRODQNT",9595
"Estonia","Jan.-Dec. 2015","/plasticsprimary","QNTUNIT",kg
"Estonia","Jan.-Dec. 2015","/plasticsprimary","PRODQNT",7025
"Estonia","Jan.-Dec. 2016","/plasticsprimary","QNTUNIT",kg
"Estonia","Jan.-Dec. 2016","/plasticsprimary","PRODQNT",7099
"Estonia","Jan.-Dec. 2017","/plasticsprimary","QNTUNIT",kg
"Estonia","Jan.-Dec. 2017","/plasticsprimary","PRODQNT",0
"Estonia","Jan.-Dec. 2018","/plasticsprimary","QNTUNIT",kg
"Estonia","Jan.-Dec. 2018","/plasticsprimary","PRODQNT",0
"Estonia","Jan.-Dec. 2019","/plasticsprimary","QNTUNIT",kg
"Estonia","Jan.-Dec. 2019","/plasticsprimary","PRODQNT",0
"Estonia","Jan.-Dec. 2020","/plasticsprimary","QNTUNIT",kg
"Estonia","Jan.-Dec. 2020","/plasticsprimary","PRODQNT",1022270
"Estonia","Jan.-Dec. 2021","/plasticsprimary","QNTUNIT",kg
"Estonia","Jan.-Dec. 2022","/plasticsprimary","QNTUNIT",kg
"Estonia","Jan.-Dec. 2022","/plasticsprimary","PRODQNT",72000
"Latvia","Jan.-Dec. 2008","/plasticsprimary","QNTUNIT",kg
"Latvia","Jan.-Dec. 2008","/plasticsprimary","PQNTFLAG",:C
"Latvia","Jan.-Dec. 2008","/plasticsprimary","PRODQNT",0
"Latvia","Jan.-Dec. 2009","/plasticsprimary","QNTUNIT",kg
"Latvia","Jan.-Dec. 2009","/plasticsprimary","PQNTFLAG",:C
"Latvia","Jan.-Dec. 2009","/plasticsprimary","PRODQNT",0
"Latvia","Jan.-Dec. 2010","/plasticsprimary","QNTUNIT",kg
"Latvia","Jan.-Dec. 2010","/plasticsprimary","PQNTFLAG",:C
"Latvia","Jan.-Dec. 2010","/plasticsprimary","PRODQNT",0
"Latvia","Jan.-Dec. 2011","/plasticsprimary","QNTUNIT",kg
"Latvia","Jan.-Dec. 2011","/plasticsprimary","PQNTFLAG",:C
"Latvia","Jan.-Dec. 2011","/plasticsprimary","PRODQNT",0
"Latvia","Jan.-Dec. 2012","/plasticsprimary","QNTUNIT",kg
"Latvia","Jan.-Dec. 2012","/plasticsprimary","PQNTFLAG",:C
"Latvia","Jan.-Dec. 2012","/plasticsprimary","PRODQNT",0
"Latvia","Jan.-Dec. 2013","/plasticsprimary","QNTUNIT",kg
"Latvia","Jan.-Dec. 2013","/plasticsprimary","PQNTFLAG",:C
"Latvia","Jan.-Dec. 2013","/plasticsprimary","PRODQNT",0
"Latvia","Jan.-Dec. 2014","/plasticsprimary","QNTUNIT",kg
"Latvia","Jan.-Dec. 2014","/plasticsprimary","PQNTFLAG",:C
"Latvia","Jan.-Dec. 2014","/plasticsprimary","PRODQNT",0
"Latvia","Jan.-Dec. 2015","/plasticsprimary","QNTUNIT",kg
"Latvia","Jan.-Dec. 2015","/plasticsprimary","PQNTFLAG",:C
"Latvia","Jan.-Dec. 2015","/plasticsprimary","PRODQNT",0
"Latvia","Jan.-Dec. 2016","/plasticsprimary","QNTUNIT",kg
"Latvia","Jan.-Dec. 2016","/plasticsprimary","PQNTFLAG",:C
"Latvia","Jan.-Dec. 2016","/plasticsprimary","PRODQNT",0
"Latvia","Jan.-Dec. 2017","/plasticsprimary","QNTUNIT",kg
"Latvia","Jan.-Dec. 2017","/plasticsprimary","PQNTFLAG",:C
"Latvia","Jan.-Dec. 2017","/plasticsprimary","PRODQNT",0
"Latvia","Jan.-Dec. 2018","/plasticsprimary","QNTUNIT",kg
"Latvia","Jan.-Dec. 2018","/plasticsprimary","PQNTFLAG",:C
"Latvia","Jan.-Dec. 2018","/plasticsprimary","PRODQNT",0
"Latvia","Jan.-Dec. 2019","/plasticsprimary","QNTUNIT",kg
"Latvia","Jan.-Dec. 2019","/plasticsprimary","PQNTFLAG",:C
"Latvia","Jan.-Dec. 2019","/plasticsprimary","PRODQNT",0
"Latvia","Jan.-Dec. 2020","/plasticsprimary","QNTUNIT",kg
"Latvia","Jan.-Dec. 2020","/plasticsprimary","PQNTFLAG",:C
"Latvia","Jan.-Dec. 2020","/plasticsprimary","PRODQNT",0
"Latvia","Jan.-Dec. 2021","/plasticsprimary","QNTUNIT",kg
"Latvia","Jan.-Dec. 2021","/plasticsprimary","PQNTFLAG",:C
"Latvia","Jan.-Dec. 2021","/plasticsprimary","PRODQNT",874347
"Latvia","Jan.-Dec. 2022","/plasticsprimary","QNTUNIT",kg
"Latvia","Jan.-Dec. 2022","/plasticsprimary","PQNTFLAG",:C
"Lithuania","Jan.-Dec. 2008","/plasticsprimary","QNTUNIT",kg
"Lithuania","Jan.-Dec. 2008","/plasticsprimary","PQNTFLAG",:C
"Lithuania","Jan.-Dec. 2008","/plasticsprimary","PRODQNT",18984567
"Lithuania","Jan.-Dec. 2009","/plasticsprimary","QNTUNIT",kg
"Lithuania","Jan.-Dec. 2009","/plasticsprimary","PQNTFLAG",:C
"Lithuania","Jan.-Dec. 2009","/plasticsprimary","PRODQNT",5709496
"Lithuania","Jan.-Dec. 2010","/plasticsprimary","QNTUNIT",kg
"Lithuania","Jan.-Dec. 2010","/plasticsprimary","PQNTFLAG",:C
"Lithuania","Jan.-Dec. 2010","/plasticsprimary","PRODQNT",9250034
"Lithuania","Jan.-Dec. 2011","/plasticsprimary","QNTUNIT",kg
"Lithuania","Jan.-Dec. 2011","/plasticsprimary","PQNTFLAG",:C
"Lithuania","Jan.-Dec. 2011","/plasticsprimary","PRODQNT",11817151
"Lithuania","Jan.-Dec. 2012","/plasticsprimary","QNTUNIT",kg
"Lithuania","Jan.-Dec. 2012","/plasticsprimary","PQNTFLAG",:C
"Lithuania","Jan.-Dec. 2012","/plasticsprimary","PRODQNT",11744794
"Lithuania","Jan.-Dec. 2013","/plasticsprimary","QNTUNIT",kg
"Lithuania","Jan.-Dec. 2013","/plasticsprimary","PQNTFLAG",:C
"Lithuania","Jan.-Dec. 2013","/plasticsprimary","PRODQNT",12596249
"Lithuania","Jan.-Dec. 2014","/plasticsprimary","QNTUNIT",kg
"Lithuania","Jan.-Dec. 2014","/plasticsprimary","PQNTFLAG",:C
"Lithuania","Jan.-Dec. 2014","/plasticsprimary","PRODQNT",13978434
"Lithuania","Jan.-Dec. 2015","/plasticsprimary","QNTUNIT",kg
"Lithuania","Jan.-Dec. 2015","/plasticsprimary","PQNTFLAG",:C
"Lithuania","Jan.-Dec. 2015","/plasticsprimary","PRODQNT",13722973
"Lithuania","Jan.-Dec. 2016","/plasticsprimary","QNTUNIT",kg
"Lithuania","Jan.-Dec. 2016","/plasticsprimary","PQNTFLAG",:C
"Lithuania","Jan.-Dec. 2016","/plasticsprimary","PRODQNT",15410982
"Lithuania","Jan.-Dec. 2017","/plasticsprimary","QNTUNIT",kg
"Lithuania","Jan.-Dec. 2017","/plasticsprimary","PQNTFLAG",:C
"Lithuania","Jan.-Dec. 2017","/plasticsprimary","PRODQNT",12870355
"Lithuania","Jan.-Dec. 2018","/plasticsprimary","QNTUNIT",kg
"Lithuania","Jan.-Dec. 2018","/plasticsprimary","PQNTFLAG",:C
"Lithuania","Jan.-Dec. 2018","/plasticsprimary","PRODQNT",13787391
"Lithuania","Jan.-Dec. 2019","/plasticsprimary","QNTUNIT",kg
"Lithuania","Jan.-Dec. 2019","/plasticsprimary","PQNTFLAG",:C
"Lithuania","Jan.-Dec. 2019","/plasticsprimary","PRODQNT",13183727
"Lithuania","Jan.-Dec. 2020","/plasticsprimary","QNTUNIT",kg
"Lithuania","Jan.-Dec. 2020","/plasticsprimary","PQNTFLAG",:C
"Lithuania","Jan.-Dec. 2020","/plasticsprimary","PRODQNT",10460663
"Lithuania","Jan.-Dec. 2021","/plasticsprimary","QNTUNIT",kg
"Lithuania","Jan.-Dec. 2021","/plasticsprimary","PQNTFLAG",:C
"Lithuania","Jan.-Dec. 2021","/plasticsprimary","PRODQNT",15700304
"Lithuania","Jan.-Dec. 2022","/plasticsprimary","QNTUNIT",kg
"Lithuania","Jan.-Dec. 2022","/plasticsprimary","PRODQNT",690832323
"Poland","Jan.-Dec. 2008","/plasticsprimary","QNTUNIT",kg
"Poland","Jan.-Dec. 2008","/plasticsprimary","PQNTFLAG",:C
"Poland","Jan.-Dec. 2008","/plasticsprimary","PRODQNT",224353000
"Poland","Jan.-Dec. 2009","/plasticsprimary","QNTUNIT",kg
"Poland","Jan.-Dec. 2009","/plasticsprimary","PQNTFLAG",:C
"Poland","Jan.-Dec. 2009","/plasticsprimary","PRODQNT",848332000
"Poland","Jan.-Dec. 2010","/plasticsprimary","QNTUNIT",kg
"Poland","Jan.-Dec. 2010","/plasticsprimary","PQNTFLAG",:C
"Poland","Jan.-Dec. 2010","/plasticsprimary","PRODQNT",1147403000
"Poland","Jan.-Dec. 2011","/plasticsprimary","QNTUNIT",kg
"Poland","Jan.-Dec. 2011","/plasticsprimary","PQNTFLAG",:C
"Poland","Jan.-Dec. 2011","/plasticsprimary","PRODQNT",181887000
"Poland","Jan.-Dec. 2012","/plasticsprimary","QNTUNIT",kg
"Poland","Jan.-Dec. 2012","/plasticsprimary","PQNTFLAG",:C
"Poland","Jan.-Dec. 2012","/plasticsprimary","PRODQNT",222568000
"Poland","Jan.-Dec. 2013","/plasticsprimary","QNTUNIT",kg
"Poland","Jan.-Dec. 2013","/plasticsprimary","PQNTFLAG",:C
"Poland","Jan.-Dec. 2013","/plasticsprimary","PRODQNT",254046000
"Poland","Jan.-Dec. 2014","/plasticsprimary","QNTUNIT",kg
"Poland","Jan.-Dec. 2014","/plasticsprimary","PQNTFLAG",:C
"Poland","Jan.-Dec. 2014","/plasticsprimary","PRODQNT",246746000
"Poland","Jan.-Dec. 2015","/plasticsprimary","QNTUNIT",kg
"Poland","Jan.-Dec. 2015","/plasticsprimary","PQNTFLAG",:C
"Poland","Jan.-Dec. 2015","/plasticsprimary","PRODQNT",303801000
"Poland","Jan.-Dec. 2016","/plasticsprimary","QNTUNIT",kg
"Poland","Jan.-Dec. 2016","/plasticsprimary","PQNTFLAG",:C
"Poland","Jan.-Dec. 2016","/plasticsprimary","PRODQNT",890628000
"Poland","Jan.-Dec. 2017","/plasticsprimary","QNTUNIT",kg
"Poland","Jan.-Dec. 2017","/plasticsprimary","PQNTFLAG",:C
"Poland","Jan.-Dec. 2017","/plasticsprimary","PRODQNT",886129000
"Poland","Jan.-Dec. 2018","/plasticsprimary","QNTUNIT",kg
"Poland","Jan.-Dec. 2018","/plasticsprimary","PQNTFLAG",:C
"Poland","Jan.-Dec. 2018","/plasticsprimary","PRODQNT",910110000
"Poland","Jan.-Dec. 2019","/plasticsprimary","QNTUNIT",kg
"Poland","Jan.-Dec. 2019","/plasticsprimary","PQNTFLAG",:C
"Poland","Jan.-Dec. 2019","/plasticsprimary","PRODQNT",1093032000
"Poland","Jan.-Dec. 2020","/plasticsprimary","QNTUNIT",kg
"Poland","Jan.-Dec. 2020","/plasticsprimary","PQNTFLAG",:C
"Poland","Jan.-Dec. 2020","/plasticsprimary","PRODQNT",1052819000
"Poland","Jan.-Dec. 2021","/plasticsprimary","QNTUNIT",kg
"Poland","Jan.-Dec. 2021","/plasticsprimary","PQNTFLAG",:C
"Poland","Jan.-Dec. 2021","/plasticsprimary","PRODQNT",452778000
"Poland","Jan.-Dec. 2022","/plasticsprimary","QNTUNIT",kg
"Poland","Jan.-Dec. 2022","/plasticsprimary","PQNTFLAG",:C
"Poland","Jan.-Dec. 2022","/plasticsprimary","PRODQNT",418614000
"Czechia","Jan.-Dec. 2008","/plasticsprimary","QNTUNIT",kg
"Czechia","Jan.-Dec. 2008","/plasticsprimary","PQNTFLAG",:C
"Czechia","Jan.-Dec. 2008","/plasticsprimary","PRODQNT",81052000
"Czechia","Jan.-Dec. 2009","/plasticsprimary","QNTUNIT",kg
"Czechia","Jan.-Dec. 2009","/plasticsprimary","PQNTFLAG",:C
"Czechia","Jan.-Dec. 2009","/plasticsprimary","PRODQNT",84472000
"Czechia","Jan.-Dec. 2010","/plasticsprimary","QNTUNIT",kg
"Czechia","Jan.-Dec. 2010","/plasticsprimary","PQNTFLAG",:C
"Czechia","Jan.-Dec. 2010","/plasticsprimary","PRODQNT",113207000
"Czechia","Jan.-Dec. 2011","/plasticsprimary","QNTUNIT",kg
"Czechia","Jan.-Dec. 2011","/plasticsprimary","PQNTFLAG",:C
"Czechia","Jan.-Dec. 2011","/plasticsprimary","PRODQNT",213534000
"Czechia","Jan.-Dec. 2012","/plasticsprimary","QNTUNIT",kg
"Czechia","Jan.-Dec. 2012","/plasticsprimary","PQNTFLAG",:C
"Czechia","Jan.-Dec. 2012","/plasticsprimary","PRODQNT",316295000
"Czechia","Jan.-Dec. 2013","/plasticsprimary","QNTUNIT",kg
"Czechia","Jan.-Dec. 2013","/plasticsprimary","PQNTFLAG",:C
"Czechia","Jan.-Dec. 2013","/plasticsprimary","PRODQNT",316249000
"Czechia","Jan.-Dec. 2014","/plasticsprimary","QNTUNIT",kg
"Czechia","Jan.-Dec. 2014","/plasticsprimary","PQNTFLAG",:C
"Czechia","Jan.-Dec. 2014","/plasticsprimary","PRODQNT",101589000
"Czechia","Jan.-Dec. 2015","/plasticsprimary","QNTUNIT",kg
"Czechia","Jan.-Dec. 2015","/plasticsprimary","PQNTFLAG",:C
"Czechia","Jan.-Dec. 2015","/plasticsprimary","PRODQNT",307916000
"Czechia","Jan.-Dec. 2016","/plasticsprimary","QNTUNIT",kg
"Czechia","Jan.-Dec. 2016","/plasticsprimary","PQNTFLAG",:C
"Czechia","Jan.-Dec. 2016","/plasticsprimary","PRODQNT",387934000
"Czechia","Jan.-Dec. 2017","/plasticsprimary","QNTUNIT",kg
"Czechia","Jan.-Dec. 2017","/plasticsprimary","PQNTFLAG",:C
"Czechia","Jan.-Dec. 2017","/plasticsprimary","PRODQNT",383218000
"Czechia","Jan.-Dec. 2018","/plasticsprimary","QNTUNIT",kg
"Czechia","Jan.-Dec. 2018","/plasticsprimary","PQNTFLAG",:C
"Czechia","Jan.-Dec. 2018","/plasticsprimary","PRODQNT",388597000
"Czechia","Jan.-Dec. 2019","/plasticsprimary","QNTUNIT",kg
"Czechia","Jan.-Dec. 2019","/plasticsprimary","PQNTFLAG",:C
"Czechia","Jan.-Dec. 2019","/plasticsprimary","PRODQNT",371684000
"Czechia","Jan.-Dec. 2020","/plasticsprimary","QNTUNIT",kg
"Czechia","Jan.-Dec. 2020","/plasticsprimary","PQNTFLAG",:C
"Czechia","Jan.-Dec. 2020","/plasticsprimary","PRODQNT",341659000
"Czechia","Jan.-Dec. 2021","/plasticsprimary","QNTUNIT",kg
"Czechia","Jan.-Dec. 2021","/plasticsprimary","PQNTFLAG",:C
"Czechia","Jan.-Dec. 2021","/plasticsprimary","PRODQNT",817717000
"Czechia","Jan.-Dec. 2022","/plasticsprimary","QNTUNIT",kg
"Czechia","Jan.-Dec. 2022","/plasticsprimary","PQNTFLAG",:C
"Czechia","Jan.-Dec. 2022","/plasticsprimary","PRODQNT",840582000
"Slovakia","Jan.-Dec. 2008","/plasticsprimary","QNTUNIT",kg
"Slovakia","Jan.-Dec. 2008","/plasticsprimary","PQNTFLAG",:C
"Slovakia","Jan.-Dec. 2008","/plasticsprimary","PRODQNT",240849515
"Slovakia","Jan.-Dec. 2009","/plasticsprimary","QNTUNIT",kg
"Slovakia","Jan.-Dec. 2009","/plasticsprimary","PQNTFLAG",:C
"Slovakia","Jan.-Dec. 2009","/plasticsprimary","PRODQNT",173542749
"Slovakia","Jan.-Dec. 2010","/plasticsprimary","QNTUNIT",kg
"Slovakia","Jan.-Dec. 2010","/plasticsprimary","PQNTFLAG",:C
"Slovakia","Jan.-Dec. 2010","/plasticsprimary","PRODQNT",155596538
"Slovakia","Jan.-Dec. 2011","/plasticsprimary","QNTUNIT",kg
"Slovakia","Jan.-Dec. 2011","/plasticsprimary","PQNTFLAG",:C
"Slovakia","Jan.-Dec. 2011","/plasticsprimary","PRODQNT",186030371
"Slovakia","Jan.-Dec. 2012","/plasticsprimary","QNTUNIT",kg
"Slovakia","Jan.-Dec. 2012","/plasticsprimary","PQNTFLAG",:C
"Slovakia","Jan.-Dec. 2012","/plasticsprimary","PRODQNT",131543905
"Slovakia","Jan.-Dec. 2013","/plasticsprimary","QNTUNIT",kg
"Slovakia","Jan.-Dec. 2013","/plasticsprimary","PQNTFLAG",:C
"Slovakia","Jan.-Dec. 2013","/plasticsprimary","PRODQNT",144679623
"Slovakia","Jan.-Dec. 2014","/plasticsprimary","QNTUNIT",kg
"Slovakia","Jan.-Dec. 2014","/plasticsprimary","PQNTFLAG",:C
"Slovakia","Jan.-Dec. 2014","/plasticsprimary","PRODQNT",122426227
"Slovakia","Jan.-Dec. 2015","/plasticsprimary","QNTUNIT",kg
"Slovakia","Jan.-Dec. 2015","/plasticsprimary","PQNTFLAG",:C
"Slovakia","Jan.-Dec. 2015","/plasticsprimary","PRODQNT",211709164
"Slovakia","Jan.-Dec. 2016","/plasticsprimary","QNTUNIT",kg
"Slovakia","Jan.-Dec. 2016","/plasticsprimary","PQNTFLAG",:C
"Slovakia","Jan.-Dec. 2016","/plasticsprimary","PRODQNT",235184567
"Slovakia","Jan.-Dec. 2017","/plasticsprimary","QNTUNIT",kg
"Slovakia","Jan.-Dec. 2017","/plasticsprimary","PQNTFLAG",:C
"Slovakia","Jan.-Dec. 2017","/plasticsprimary","PRODQNT",529764328
"Slovakia","Jan.-Dec. 2018","/plasticsprimary","QNTUNIT",kg
"Slovakia","Jan.-Dec. 2018","/plasticsprimary","PQNTFLAG",:C
"Slovakia","Jan.-Dec. 2018","/plasticsprimary","PRODQNT",539621742
"Slovakia","Jan.-Dec. 2019","/plasticsprimary","QNTUNIT",kg
"Slovakia","Jan.-Dec. 2019","/plasticsprimary","PQNTFLAG",:C
"Slovakia","Jan.-Dec. 2019","/plasticsprimary","PRODQNT",465435399
"Slovakia","Jan.-Dec. 2020","/plasticsprimary","QNTUNIT",kg
"Slovakia","Jan.-Dec. 2020","/plasticsprimary","PQNTFLAG",:C
"Slovakia","Jan.-Dec. 2020","/plasticsprimary","PRODQNT",505580029
"Slovakia","Jan.-Dec. 2021","/plasticsprimary","QNTUNIT",kg
"Slovakia","Jan.-Dec. 2021","/plasticsprimary","PQNTFLAG",:C
"Slovakia","Jan.-Dec. 2021","/plasticsprimary","PRODQNT",514525356
"Slovakia","Jan.-Dec. 2022","/plasticsprimary","QNTUNIT",kg
"Slovakia","Jan.-Dec. 2022","/plasticsprimary","PQNTFLAG",:C
"Slovakia","Jan.-Dec. 2022","/plasticsprimary","PRODQNT",435098435
"Hungary","Jan.-Dec. 2008","/plasticsprimary","QNTUNIT",kg
"Hungary","Jan.-Dec. 2008","/plasticsprimary","PQNTFLAG",:C
"Hungary","Jan.-Dec. 2008","/plasticsprimary","PRODQNT",807734000
"Hungary","Jan.-Dec. 2009","/plasticsprimary","QNTUNIT",kg
"Hungary","Jan.-Dec. 2009","/plasticsprimary","PQNTFLAG",:C
"Hungary","Jan.-Dec. 2009","/plasticsprimary","PRODQNT",974818000
"Hungary","Jan.-Dec. 2010","/plasticsprimary","QNTUNIT",kg
"Hungary","Jan.-Dec. 2010","/plasticsprimary","PQNTFLAG",:C
"Hungary","Jan.-Dec. 2010","/plasticsprimary","PRODQNT",1019029000
"Hungary","Jan.-Dec. 2011","/plasticsprimary","QNTUNIT",kg
"Hungary","Jan.-Dec. 2011","/plasticsprimary","PQNTFLAG",:C
"Hungary","Jan.-Dec. 2011","/plasticsprimary","PRODQNT",1116778000
"Hungary","Jan.-Dec. 2012","/plasticsprimary","QNTUNIT",kg
"Hungary","Jan.-Dec. 2012","/plasticsprimary","PQNTFLAG",:C
"Hungary","Jan.-Dec. 2012","/plasticsprimary","PRODQNT",927216000
"Hungary","Jan.-Dec. 2013","/plasticsprimary","QNTUNIT",kg
"Hungary","Jan.-Dec. 2013","/plasticsprimary","PQNTFLAG",:C
"Hungary","Jan.-Dec. 2013","/plasticsprimary","PRODQNT",901781000
"Hungary","Jan.-Dec. 2014","/plasticsprimary","QNTUNIT",kg
"Hungary","Jan.-Dec. 2014","/plasticsprimary","PQNTFLAG",:C
"Hungary","Jan.-Dec. 2014","/plasticsprimary","PRODQNT",1062524000
"Hungary","Jan.-Dec. 2015","/plasticsprimary","QNTUNIT",kg
"Hungary","Jan.-Dec. 2015","/plasticsprimary","PQNTFLAG",:C
"Hungary","Jan.-Dec. 2015","/plasticsprimary","PRODQNT",955325000
"Hungary","Jan.-Dec. 2016","/plasticsprimary","QNTUNIT",kg
"Hungary","Jan.-Dec. 2016","/plasticsprimary","PQNTFLAG",:C
"Hungary","Jan.-Dec. 2016","/plasticsprimary","PRODQNT",1107926000
"Hungary","Jan.-Dec. 2017","/plasticsprimary","QNTUNIT",kg
"Hungary","Jan.-Dec. 2017","/plasticsprimary","PQNTFLAG",:C
"Hungary","Jan.-Dec. 2017","/plasticsprimary","PRODQNT",1162096000
"Hungary","Jan.-Dec. 2018","/plasticsprimary","QNTUNIT",kg
"Hungary","Jan.-Dec. 2018","/plasticsprimary","PQNTFLAG",:C
"Hungary","Jan.-Dec. 2018","/plasticsprimary","PRODQNT",1145686000
"Hungary","Jan.-Dec. 2019","/plasticsprimary","QNTUNIT",kg
"Hungary","Jan.-Dec. 2019","/plasticsprimary","PQNTFLAG",:C
"Hungary","Jan.-Dec. 2019","/plasticsprimary","PRODQNT",1160356000
"Hungary","Jan.-Dec. 2020","/plasticsprimary","QNTUNIT",kg
"Hungary","Jan.-Dec. 2020","/plasticsprimary","PQNTFLAG",:C
"Hungary","Jan.-Dec. 2020","/plasticsprimary","PRODQNT",1172800000
"Hungary","Jan.-Dec. 2021","/plasticsprimary","QNTUNIT",kg
"Hungary","Jan.-Dec. 2021","/plasticsprimary","PQNTFLAG",:C
"Hungary","Jan.-Dec. 2021","/plasticsprimary","PRODQNT",1167274000
"Hungary","Jan.-Dec. 2022","/plasticsprimary","QNTUNIT",kg
"Hungary","Jan.-Dec. 2022","/plasticsprimary","PQNTFLAG",:C
"Hungary","Jan.-Dec. 2022","/plasticsprimary","PRODQNT",861236000
"Romania","Jan.-Dec. 2008","/plasticsprimary","QNTUNIT",kg
"Romania","Jan.-Dec. 2008","/plasticsprimary","PQNTFLAG",:C
"Romania","Jan.-Dec. 2008","/plasticsprimary","PRODQNT",40629993
"Romania","Jan.-Dec. 2009","/plasticsprimary","QNTUNIT",kg
"Romania","Jan.-Dec. 2009","/plasticsprimary","PQNTFLAG",:C
"Romania","Jan.-Dec. 2009","/plasticsprimary","PRODQNT",21180566
"Romania","Jan.-Dec. 2010","/plasticsprimary","QNTUNIT",kg
"Romania","Jan.-Dec. 2010","/plasticsprimary","PQNTFLAG",:C
"Romania","Jan.-Dec. 2010","/plasticsprimary","PRODQNT",21773468
"Romania","Jan.-Dec. 2011","/plasticsprimary","QNTUNIT",kg
"Romania","Jan.-Dec. 2011","/plasticsprimary","PQNTFLAG",:C
"Romania","Jan.-Dec. 2011","/plasticsprimary","PRODQNT",30633083
"Romania","Jan.-Dec. 2012","/plasticsprimary","QNTUNIT",kg
"Romania","Jan.-Dec. 2012","/plasticsprimary","PQNTFLAG",:C
"Romania","Jan.-Dec. 2012","/plasticsprimary","PRODQNT",131821238
"Romania","Jan.-Dec. 2013","/plasticsprimary","QNTUNIT",kg
"Romania","Jan.-Dec. 2013","/plasticsprimary","PQNTFLAG",:C
"Romania","Jan.-Dec. 2013","/plasticsprimary","PRODQNT",32756927
"Romania","Jan.-Dec. 2014","/plasticsprimary","QNTUNIT",kg
"Romania","Jan.-Dec. 2014","/plasticsprimary","PQNTFLAG",:C
"Romania","Jan.-Dec. 2014","/plasticsprimary","PRODQNT",34789493
"Romania","Jan.-Dec. 2015","/plasticsprimary","QNTUNIT",kg
"Romania","Jan.-Dec. 2015","/plasticsprimary","PQNTFLAG",:C
"Romania","Jan.-Dec. 2015","/plasticsprimary","PRODQNT",61261787
"Romania","Jan.-Dec. 2016","/plasticsprimary","QNTUNIT",kg
"Romania","Jan.-Dec. 2016","/plasticsprimary","PQNTFLAG",:C
"Romania","Jan.-Dec. 2016","/plasticsprimary","PRODQNT",178215452
"Romania","Jan.-Dec. 2017","/plasticsprimary","QNTUNIT",kg
"Romania","Jan.-Dec. 2017","/plasticsprimary","PQNTFLAG",:C
"Romania","Jan.-Dec. 2017","/plasticsprimary","PRODQNT",160213558
"Romania","Jan.-Dec. 2018","/plasticsprimary","QNTUNIT",kg
"Romania","Jan.-Dec. 2018","/plasticsprimary","PQNTFLAG",:C
"Romania","Jan.-Dec. 2018","/plasticsprimary","PRODQNT",55458142
"Romania","Jan.-Dec. 2019","/plasticsprimary","QNTUNIT",kg
"Romania","Jan.-Dec. 2019","/plasticsprimary","PQNTFLAG",:C
"Romania","Jan.-Dec. 2019","/plasticsprimary","PRODQNT",63803787
"Romania","Jan.-Dec. 2020","/plasticsprimary","QNTUNIT",kg
"Romania","Jan.-Dec. 2020","/plasticsprimary","PQNTFLAG",:C
"Romania","Jan.-Dec. 2020","/plasticsprimary","PRODQNT",80622695
"Romania","Jan.-Dec. 2021","/plasticsprimary","QNTUNIT",kg
"Romania","Jan.-Dec. 2021","/plasticsprimary","PQNTFLAG",:C
"Romania","Jan.-Dec. 2021","/plasticsprimary","PRODQNT",102124294
"Romania","Jan.-Dec. 2022","/plasticsprimary","QNTUNIT",kg
"Romania","Jan.-Dec. 2022","/plasticsprimary","PQNTFLAG",:C
"Romania","Jan.-Dec. 2022","/plasticsprimary","PRODQNT",93797142
"Bulgaria","Jan.-Dec. 2008","/plasticsprimary","QNTUNIT",kg
"Bulgaria","Jan.-Dec. 2008","/plasticsprimary","PQNTFLAG",:C
"Bulgaria","Jan.-Dec. 2008","/plasticsprimary","PRODQNT",40555
"Bulgaria","Jan.-Dec. 2009","/plasticsprimary","QNTUNIT",kg
"Bulgaria","Jan.-Dec. 2009","/plasticsprimary","PQNTFLAG",:C
"Bulgaria","Jan.-Dec. 2009","/plasticsprimary","PRODQNT",5272994
"Bulgaria","Jan.-Dec. 2010","/plasticsprimary","QNTUNIT",kg
"Bulgaria","Jan.-Dec. 2010","/plasticsprimary","PQNTFLAG",:C
"Bulgaria","Jan.-Dec. 2010","/plasticsprimary","PRODQNT",5901750
"Bulgaria","Jan.-Dec. 2011","/plasticsprimary","QNTUNIT",kg
"Bulgaria","Jan.-Dec. 2011","/plasticsprimary","PQNTFLAG",:C
"Bulgaria","Jan.-Dec. 2011","/plasticsprimary","PRODQNT",5752052
"Bulgaria","Jan.-Dec. 2012","/plasticsprimary","QNTUNIT",kg
"Bulgaria","Jan.-Dec. 2012","/plasticsprimary","PQNTFLAG",:C
"Bulgaria","Jan.-Dec. 2012","/plasticsprimary","PRODQNT",95903656
"Bulgaria","Jan.-Dec. 2013","/plasticsprimary","QNTUNIT",kg
"Bulgaria","Jan.-Dec. 2013","/plasticsprimary","PQNTFLAG",:C
"Bulgaria","Jan.-Dec. 2013","/plasticsprimary","PRODQNT",16432009
"Bulgaria","Jan.-Dec. 2014","/plasticsprimary","QNTUNIT",kg
"Bulgaria","Jan.-Dec. 2014","/plasticsprimary","PQNTFLAG",:C
"Bulgaria","Jan.-Dec. 2014","/plasticsprimary","PRODQNT",21641787
"Bulgaria","Jan.-Dec. 2015","/plasticsprimary","QNTUNIT",kg
"Bulgaria","Jan.-Dec. 2015","/plasticsprimary","PQNTFLAG",:C
"Bulgaria","Jan.-Dec. 2015","/plasticsprimary","PRODQNT",102222516
"Bulgaria","Jan.-Dec. 2016","/plasticsprimary","QNTUNIT",kg
"Bulgaria","Jan.-Dec. 2016","/plasticsprimary","PQNTFLAG",:C
"Bulgaria","Jan.-Dec. 2016","/plasticsprimary","PRODQNT",29353380
"Bulgaria","Jan.-Dec. 2017","/plasticsprimary","QNTUNIT",kg
"Bulgaria","Jan.-Dec. 2017","/plasticsprimary","PQNTFLAG",:C
"Bulgaria","Jan.-Dec. 2017","/plasticsprimary","PRODQNT",113141442
"Bulgaria","Jan.-Dec. 2018","/plasticsprimary","QNTUNIT",kg
"Bulgaria","Jan.-Dec. 2018","/plasticsprimary","PQNTFLAG",:C
"Bulgaria","Jan.-Dec. 2018","/plasticsprimary","PRODQNT",132145046
"Bulgaria","Jan.-Dec. 2019","/plasticsprimary","QNTUNIT",kg
"Bulgaria","Jan.-Dec. 2019","/plasticsprimary","PQNTFLAG",:C
"Bulgaria","Jan.-Dec. 2019","/plasticsprimary","PRODQNT",166540791
"Bulgaria","Jan.-Dec. 2020","/plasticsprimary","QNTUNIT",kg
"Bulgaria","Jan.-Dec. 2020","/plasticsprimary","PQNTFLAG",:C
"Bulgaria","Jan.-Dec. 2020","/plasticsprimary","PRODQNT",197407113
"Bulgaria","Jan.-Dec. 2021","/plasticsprimary","QNTUNIT",kg
"Bulgaria","Jan.-Dec. 2021","/plasticsprimary","PQNTFLAG",:C
"Bulgaria","Jan.-Dec. 2021","/plasticsprimary","PRODQNT",146947105
"Bulgaria","Jan.-Dec. 2022","/plasticsprimary","QNTUNIT",kg
"Bulgaria","Jan.-Dec. 2022","/plasticsprimary","PQNTFLAG",:C
"Bulgaria","Jan.-Dec. 2022","/plasticsprimary","PRODQNT",158226823
"Albania","Jan.-Dec. 2022","/plasticsprimary","QNTUNIT",kg
"Albania","Jan.-Dec. 2022","/plasticsprimary","PRODQNT",3086524
"Slovenia","Jan.-Dec. 2008","/plasticsprimary","QNTUNIT",kg
"Slovenia","Jan.-Dec. 2008","/plasticsprimary","PQNTFLAG",:C
"Slovenia","Jan.-Dec. 2008","/plasticsprimary","PRODQNT",0
"Slovenia","Jan.-Dec. 2009","/plasticsprimary","QNTUNIT",kg
"Slovenia","Jan.-Dec. 2009","/plasticsprimary","PQNTFLAG",:C
"Slovenia","Jan.-Dec. 2009","/plasticsprimary","PRODQNT",0
"Slovenia","Jan.-Dec. 2010","/plasticsprimary","QNTUNIT",kg
"Slovenia","Jan.-Dec. 2010","/plasticsprimary","PQNTFLAG",:C
"Slovenia","Jan.-Dec. 2010","/plasticsprimary","PRODQNT",0
"Slovenia","Jan.-Dec. 2011","/plasticsprimary","QNTUNIT",kg
"Slovenia","Jan.-Dec. 2011","/plasticsprimary","PQNTFLAG",:C
"Slovenia","Jan.-Dec. 2011","/plasticsprimary","PRODQNT",0
"Slovenia","Jan.-Dec. 2012","/plasticsprimary","QNTUNIT",kg
"Slovenia","Jan.-Dec. 2012","/plasticsprimary","PQNTFLAG",:C
"Slovenia","Jan.-Dec. 2012","/plasticsprimary","PRODQNT",0
"Slovenia","Jan.-Dec. 2013","/plasticsprimary","QNTUNIT",kg
"Slovenia","Jan.-Dec. 2013","/plasticsprimary","PQNTFLAG",:C
"Slovenia","Jan.-Dec. 2013","/plasticsprimary","PRODQNT",0
"Slovenia","Jan.-Dec. 2014","/plasticsprimary","QNTUNIT",kg
"Slovenia","Jan.-Dec. 2014","/plasticsprimary","PQNTFLAG",:C
"Slovenia","Jan.-Dec. 2014","/plasticsprimary","PRODQNT",0
"Slovenia","Jan.-Dec. 2015","/plasticsprimary","QNTUNIT",kg
"Slovenia","Jan.-Dec. 2015","/plasticsprimary","PQNTFLAG",:C
"Slovenia","Jan.-Dec. 2015","/plasticsprimary","PRODQNT",220677
"Slovenia","Jan.-Dec. 2016","/plasticsprimary","QNTUNIT",kg
"Slovenia","Jan.-Dec. 2016","/plasticsprimary","PQNTFLAG",:C
"Slovenia","Jan.-Dec. 2016","/plasticsprimary","PRODQNT",0
"Slovenia","Jan.-Dec. 2017","/plasticsprimary","QNTUNIT",kg
"Slovenia","Jan.-Dec. 2017","/plasticsprimary","PQNTFLAG",:C
"Slovenia","Jan.-Dec. 2017","/plasticsprimary","PRODQNT",0
"Slovenia","Jan.-Dec. 2018","/plasticsprimary","QNTUNIT",kg
"Slovenia","Jan.-Dec. 2018","/plasticsprimary","PQNTFLAG",:C
"Slovenia","Jan.-Dec. 2018","/plasticsprimary","PRODQNT",0
"Slovenia","Jan.-Dec. 2019","/plasticsprimary","QNTUNIT",kg
"Slovenia","Jan.-Dec. 2019","/plasticsprimary","PQNTFLAG",:C
"Slovenia","Jan.-Dec. 2019","/plasticsprimary","PRODQNT",0
"Slovenia","Jan.-Dec. 2020","/plasticsprimary","QNTUNIT",kg
"Slovenia","Jan.-Dec. 2020","/plasticsprimary","PQNTFLAG",:C
"Slovenia","Jan.-Dec. 2020","/plasticsprimary","PRODQNT",0
"Slovenia","Jan.-Dec. 2021","/plasticsprimary","QNTUNIT",kg
"Slovenia","Jan.-Dec. 2021","/plasticsprimary","PQNTFLAG",:C
"Slovenia","Jan.-Dec. 2021","/plasticsprimary","PRODQNT",0
"Slovenia","Jan.-Dec. 2022","/plasticsprimary","QNTUNIT",kg
"Slovenia","Jan.-Dec. 2022","/plasticsprimary","PQNTFLAG",:C
"Slovenia","Jan.-Dec. 2022","/plasticsprimary","PRODQNT",0
"Croatia","Jan.-Dec. 2008","/plasticsprimary","QNTUNIT",kg
"Croatia","Jan.-Dec. 2008","/plasticsprimary","PRODQNT",202991000
"Croatia","Jan.-Dec. 2009","/plasticsprimary","QNTUNIT",kg
"Croatia","Jan.-Dec. 2009","/plasticsprimary","PRODQNT",192417000
"Croatia","Jan.-Dec. 2010","/plasticsprimary","QNTUNIT",kg
"Croatia","Jan.-Dec. 2010","/plasticsprimary","PRODQNT",197896000
"Croatia","Jan.-Dec. 2011","/plasticsprimary","QNTUNIT",kg
"Croatia","Jan.-Dec. 2011","/plasticsprimary","PRODQNT",100601000
"Croatia","Jan.-Dec. 2012","/plasticsprimary","QNTUNIT",kg
"Croatia","Jan.-Dec. 2012","/plasticsprimary","PRODQNT",3768000
"Croatia","Jan.-Dec. 2013","/plasticsprimary","QNTUNIT",kg
"Croatia","Jan.-Dec. 2013","/plasticsprimary","PRODQNT",17102000
"Croatia","Jan.-Dec. 2014","/plasticsprimary","QNTUNIT",kg
"Croatia","Jan.-Dec. 2014","/plasticsprimary","PRODQNT",17652000
"Croatia","Jan.-Dec. 2015","/plasticsprimary","QNTUNIT",kg
"Croatia","Jan.-Dec. 2015","/plasticsprimary","PRODQNT",17639000
"Croatia","Jan.-Dec. 2016","/plasticsprimary","QNTUNIT",kg
"Croatia","Jan.-Dec. 2016","/plasticsprimary","PRODQNT",18819000
"Croatia","Jan.-Dec. 2017","/plasticsprimary","QNTUNIT",kg
"Croatia","Jan.-Dec. 2017","/plasticsprimary","PRODQNT",22269000
"Croatia","Jan.-Dec. 2018","/plasticsprimary","QNTUNIT",kg
"Croatia","Jan.-Dec. 2018","/plasticsprimary","PRODQNT",19293000
"Croatia","Jan.-Dec. 2019","/plasticsprimary","QNTUNIT",kg
"Croatia","Jan.-Dec. 2019","/plasticsprimary","PRODQNT",16187000
"Croatia","Jan.-Dec. 2020","/plasticsprimary","QNTUNIT",kg
"Croatia","Jan.-Dec. 2020","/plasticsprimary","PRODQNT",15513000
"Croatia","Jan.-Dec. 2021","/plasticsprimary","QNTUNIT",kg
"Croatia","Jan.-Dec. 2021","/plasticsprimary","PRODQNT",19281000
"Croatia","Jan.-Dec. 2022","/plasticsprimary","QNTUNIT",kg
"Croatia","Jan.-Dec. 2022","/plasticsprimary","PRODQNT",21713000
"Bosnia and Herzegovina","Jan.-Dec. 2011","/plasticsprimary","QNTUNIT",kg
"Bosnia and Herzegovina","Jan.-Dec. 2011","/plasticsprimary","PQNTFLAG",:C
"Bosnia and Herzegovina","Jan.-Dec. 2011","/plasticsprimary","PRODQNT",9033765
"Bosnia and Herzegovina","Jan.-Dec. 2012","/plasticsprimary","QNTUNIT",kg
"Bosnia and Herzegovina","Jan.-Dec. 2012","/plasticsprimary","PQNTFLAG",:C
"Bosnia and Herzegovina","Jan.-Dec. 2012","/plasticsprimary","PRODQNT",0
"Bosnia and Herzegovina","Jan.-Dec. 2013","/plasticsprimary","QNTUNIT",kg
"Bosnia and Herzegovina","Jan.-Dec. 2013","/plasticsprimary","PQNTFLAG",:C
"Bosnia and Herzegovina","Jan.-Dec. 2013","/plasticsprimary","PRODQNT",0
"Bosnia and Herzegovina","Jan.-Dec. 2014","/plasticsprimary","QNTUNIT",kg
"Bosnia and Herzegovina","Jan.-Dec. 2014","/plasticsprimary","PQNTFLAG",:C
"Bosnia and Herzegovina","Jan.-Dec. 2014","/plasticsprimary","PRODQNT",0
"Bosnia and Herzegovina","Jan.-Dec. 2015","/plasticsprimary","QNTUNIT",kg
"Bosnia and Herzegovina","Jan.-Dec. 2015","/plasticsprimary","PQNTFLAG",:C
"Bosnia and Herzegovina","Jan.-Dec. 2015","/plasticsprimary","PRODQNT",9057209
"Bosnia and Herzegovina","Jan.-Dec. 2016","/plasticsprimary","QNTUNIT",kg
"Bosnia and Herzegovina","Jan.-Dec. 2016","/plasticsprimary","PQNTFLAG",:U
"Bosnia and Herzegovina","Jan.-Dec. 2016","/plasticsprimary","PRODQNT",11774873
"Bosnia and Herzegovina","Jan.-Dec. 2017","/plasticsprimary","QNTUNIT",kg
"Bosnia and Herzegovina","Jan.-Dec. 2017","/plasticsprimary","PQNTFLAG",:C
"Bosnia and Herzegovina","Jan.-Dec. 2017","/plasticsprimary","PRODQNT",12628765
"Bosnia and Herzegovina","Jan.-Dec. 2018","/plasticsprimary","QNTUNIT",kg
"Bosnia and Herzegovina","Jan.-Dec. 2018","/plasticsprimary","PQNTFLAG",:C
"Bosnia and Herzegovina","Jan.-Dec. 2018","/plasticsprimary","PRODQNT",12904135
"Bosnia and Herzegovina","Jan.-Dec. 2019","/plasticsprimary","QNTUNIT",kg
"Bosnia and Herzegovina","Jan.-Dec. 2019","/plasticsprimary","PQNTFLAG",:C
"Bosnia and Herzegovina","Jan.-Dec. 2019","/plasticsprimary","PRODQNT",12612712
"Bosnia and Herzegovina","Jan.-Dec. 2020","/plasticsprimary","QNTUNIT",kg
"Bosnia and Herzegovina","Jan.-Dec. 2020","/plasticsprimary","PQNTFLAG",:C
"Bosnia and Herzegovina","Jan.-Dec. 2020","/plasticsprimary","PRODQNT",12140356
"Bosnia and Herzegovina","Jan.-Dec. 2021","/plasticsprimary","QNTUNIT",kg
"Bosnia and Herzegovina","Jan.-Dec. 2021","/plasticsprimary","PRODQNT",21001669
"Bosnia and Herzegovina","Jan.-Dec. 2022","/plasticsprimary","QNTUNIT",kg
"Bosnia and Herzegovina","Jan.-Dec. 2022","/plasticsprimary","PRODQNT",22136377
"North Macedonia","Jan.-Dec. 2011","/plasticsprimary","QNTUNIT",kg
"North Macedonia","Jan.-Dec. 2011","/plasticsprimary","PQNTFLAG",:C
"North Macedonia","Jan.-Dec. 2011","/plasticsprimary","PRODQNT",0
"North Macedonia","Jan.-Dec. 2012","/plasticsprimary","QNTUNIT",kg
"North Macedonia","Jan.-Dec. 2012","/plasticsprimary","PQNTFLAG",:C
"North Macedonia","Jan.-Dec. 2012","/plasticsprimary","PRODQNT",0
"North Macedonia","Jan.-Dec. 2013","/plasticsprimary","QNTUNIT",kg
"North Macedonia","Jan.-Dec. 2013","/plasticsprimary","PQNTFLAG",:C
"North Macedonia","Jan.-Dec. 2013","/plasticsprimary","PRODQNT",0
"North Macedonia","Jan.-Dec. 2014","/plasticsprimary","QNTUNIT",kg
"North Macedonia","Jan.-Dec. 2014","/plasticsprimary","PQNTFLAG",:C
"North Macedonia","Jan.-Dec. 2014","/plasticsprimary","PRODQNT",0
"North Macedonia","Jan.-Dec. 2015","/plasticsprimary","QNTUNIT",kg
"North Macedonia","Jan.-Dec. 2015","/plasticsprimary","PQNTFLAG",:C
"North Macedonia","Jan.-Dec. 2015","/plasticsprimary","PRODQNT",0
"North Macedonia","Jan.-Dec. 2016","/plasticsprimary","QNTUNIT",kg
"North Macedonia","Jan.-Dec. 2016","/plasticsprimary","PQNTFLAG",:C
"North Macedonia","Jan.-Dec. 2016","/plasticsprimary","PRODQNT",0
"North Macedonia","Jan.-Dec. 2017","/plasticsprimary","QNTUNIT",kg
"North Macedonia","Jan.-Dec. 2017","/plasticsprimary","PQNTFLAG",:C
"North Macedonia","Jan.-Dec. 2017","/plasticsprimary","PRODQNT",0
"North Macedonia","Jan.-Dec. 2018","/plasticsprimary","QNTUNIT",kg
"North Macedonia","Jan.-Dec. 2018","/plasticsprimary","PQNTFLAG",:C
"North Macedonia","Jan.-Dec. 2018","/plasticsprimary","PRODQNT",0
"North Macedonia","Jan.-Dec. 2019","/plasticsprimary","QNTUNIT",kg
"North Macedonia","Jan.-Dec. 2019","/plasticsprimary","PQNTFLAG",:C
"North Macedonia","Jan.-Dec. 2019","/plasticsprimary","PRODQNT",0
"North Macedonia","Jan.-Dec. 2020","/plasticsprimary","QNTUNIT",kg
"North Macedonia","Jan.-Dec. 2020","/plasticsprimary","PQNTFLAG",:C
"North Macedonia","Jan.-Dec. 2020","/plasticsprimary","PRODQNT",0
"North Macedonia","Jan.-Dec. 2021","/plasticsprimary","QNTUNIT",kg
"North Macedonia","Jan.-Dec. 2021","/plasticsprimary","PQNTFLAG",:C
"North Macedonia","Jan.-Dec. 2021","/plasticsprimary","PRODQNT",0
"North Macedonia","Jan.-Dec. 2022","/plasticsprimary","QNTUNIT",kg
"North Macedonia","Jan.-Dec. 2022","/plasticsprimary","PQNTFLAG",:C
"North Macedonia","Jan.-Dec. 2022","/plasticsprimary","PRODQNT",0
"Montenegro","Jan.-Dec. 2011","/plasticsprimary","QNTUNIT",kg
"Montenegro","Jan.-Dec. 2011","/plasticsprimary","PRODQNT",0
"Montenegro","Jan.-Dec. 2012","/plasticsprimary","QNTUNIT",kg
"Montenegro","Jan.-Dec. 2012","/plasticsprimary","PRODQNT",0
"Montenegro","Jan.-Dec. 2013","/plasticsprimary","QNTUNIT",kg
"Montenegro","Jan.-Dec. 2013","/plasticsprimary","PRODQNT",0
"Montenegro","Jan.-Dec. 2014","/plasticsprimary","QNTUNIT",kg
"Montenegro","Jan.-Dec. 2014","/plasticsprimary","PRODQNT",0
"Montenegro","Jan.-Dec. 2015","/plasticsprimary","QNTUNIT",kg
"Montenegro","Jan.-Dec. 2015","/plasticsprimary","PRODQNT",0
"Montenegro","Jan.-Dec. 2016","/plasticsprimary","QNTUNIT",kg
"Montenegro","Jan.-Dec. 2016","/plasticsprimary","PRODQNT",0
"Montenegro","Jan.-Dec. 2017","/plasticsprimary","QNTUNIT",kg
"Montenegro","Jan.-Dec. 2017","/plasticsprimary","PRODQNT",0
"Montenegro","Jan.-Dec. 2018","/plasticsprimary","QNTUNIT",kg
"Montenegro","Jan.-Dec. 2018","/plasticsprimary","PRODQNT",0
"Montenegro","Jan.-Dec. 2019","/plasticsprimary","QNTUNIT",kg
"Montenegro","Jan.-Dec. 2019","/plasticsprimary","PRODQNT",0
"Montenegro","Jan.-Dec. 2020","/plasticsprimary","QNTUNIT",kg
"Montenegro","Jan.-Dec. 2020","/plasticsprimary","PRODQNT",0
"Montenegro","Jan.-Dec. 2021","/plasticsprimary","QNTUNIT",kg
"Montenegro","Jan.-Dec. 2021","/plasticsprimary","PRODQNT",0
"Montenegro","Jan.-Dec. 2022","/plasticsprimary","QNTUNIT",kg
"Serbia","Jan.-Dec. 2011","/plasticsprimary","QNTUNIT",kg
"Serbia","Jan.-Dec. 2011","/plasticsprimary","PRODQNT",0
"Serbia","Jan.-Dec. 2012","/plasticsprimary","QNTUNIT",kg
"Serbia","Jan.-Dec. 2012","/plasticsprimary","PQNTFLAG",:C
"Serbia","Jan.-Dec. 2012","/plasticsprimary","PRODQNT",14304000
"Serbia","Jan.-Dec. 2013","/plasticsprimary","QNTUNIT",kg
"Serbia","Jan.-Dec. 2013","/plasticsprimary","PQNTFLAG",:C
"Serbia","Jan.-Dec. 2013","/plasticsprimary","PRODQNT",12067000
"Serbia","Jan.-Dec. 2014","/plasticsprimary","QNTUNIT",kg
"Serbia","Jan.-Dec. 2014","/plasticsprimary","PQNTFLAG",:C
"Serbia","Jan.-Dec. 2014","/plasticsprimary","PRODQNT",12222000
"Serbia","Jan.-Dec. 2015","/plasticsprimary","QNTUNIT",kg
"Serbia","Jan.-Dec. 2015","/plasticsprimary","PQNTFLAG",:C
"Serbia","Jan.-Dec. 2015","/plasticsprimary","PRODQNT",13170000
"Serbia","Jan.-Dec. 2016","/plasticsprimary","QNTUNIT",kg
"Serbia","Jan.-Dec. 2016","/plasticsprimary","PQNTFLAG",:C
"Serbia","Jan.-Dec. 2016","/plasticsprimary","PRODQNT",12445000
"Serbia","Jan.-Dec. 2017","/plasticsprimary","QNTUNIT",kg
"Serbia","Jan.-Dec. 2017","/plasticsprimary","PQNTFLAG",:C
"Serbia","Jan.-Dec. 2017","/plasticsprimary","PRODQNT",17779000
"Serbia","Jan.-Dec. 2018","/plasticsprimary","QNTUNIT",kg
"Serbia","Jan.-Dec. 2018","/plasticsprimary","PQNTFLAG",:C
"Serbia","Jan.-Dec. 2018","/plasticsprimary","PRODQNT",20308000
"Serbia","Jan.-Dec. 2019","/plasticsprimary","QNTUNIT",kg
"Serbia","Jan.-Dec. 2019","/plasticsprimary","PQNTFLAG",:C
"Serbia","Jan.-Dec. 2019","/plasticsprimary","PRODQNT",22287000
"Serbia","Jan.-Dec. 2020","/plasticsprimary","QNTUNIT",kg
"Serbia","Jan.-Dec. 2020","/plasticsprimary","PQNTFLAG",:C
"Serbia","Jan.-Dec. 2020","/plasticsprimary","PRODQNT",23474000
"Serbia","Jan.-Dec. 2021","/plasticsprimary","QNTUNIT",kg
"Serbia","Jan.-Dec. 2021","/plasticsprimary","PQNTFLAG",:C
"Serbia","Jan.-Dec. 2021","/plasticsprimary","PRODQNT",26130000
"Serbia","Jan.-Dec. 2022","/plasticsprimary","QNTUNIT",kg
"Serbia","Jan.-Dec. 2022","/plasticsprimary","PQNTFLAG",:C
"Serbia","Jan.-Dec. 2022","/plasticsprimary","PRODQNT",30084000
"EU27TOTALS_2020","Jan.-Dec. 2008","/plasticsprimary","QNTUNIT",kg
"EU27TOTALS_2020","Jan.-Dec. 2008","/plasticsprimary","PQNTFLAG",:R
"EU27TOTALS_2020","Jan.-Dec. 2008","/plasticsprimary","PRODQNT",46971287939
"EU27TOTALS_2020","Jan.-Dec. 2009","/plasticsprimary","QNTUNIT",kg
"EU27TOTALS_2020","Jan.-Dec. 2009","/plasticsprimary","PQNTFLAG",:R
"EU27TOTALS_2020","Jan.-Dec. 2009","/plasticsprimary","PRODQNT",42281970601
"EU27TOTALS_2020","Jan.-Dec. 2010","/plasticsprimary","QNTUNIT",kg
"EU27TOTALS_2020","Jan.-Dec. 2010","/plasticsprimary","PQNTFLAG",:R
"EU27TOTALS_2020","Jan.-Dec. 2010","/plasticsprimary","PRODQNT",45763137118
"EU27TOTALS_2020","Jan.-Dec. 2011","/plasticsprimary","QNTUNIT",kg
"EU27TOTALS_2020","Jan.-Dec. 2011","/plasticsprimary","PQNTFLAG",:R
"EU27TOTALS_2020","Jan.-Dec. 2011","/plasticsprimary","PRODQNT",43065310127
"EU27TOTALS_2020","Jan.-Dec. 2012","/plasticsprimary","QNTUNIT",kg
"EU27TOTALS_2020","Jan.-Dec. 2012","/plasticsprimary","PQNTFLAG",:R
"EU27TOTALS_2020","Jan.-Dec. 2012","/plasticsprimary","PRODQNT",41231406628
"EU27TOTALS_2020","Jan.-Dec. 2013","/plasticsprimary","QNTUNIT",kg
"EU27TOTALS_2020","Jan.-Dec. 2013","/plasticsprimary","PQNTFLAG",:R
"EU27TOTALS_2020","Jan.-Dec. 2013","/plasticsprimary","PRODQNT",42552588882
"EU27TOTALS_2020","Jan.-Dec. 2014","/plasticsprimary","QNTUNIT",kg
"EU27TOTALS_2020","Jan.-Dec. 2014","/plasticsprimary","PQNTFLAG",:R
"EU27TOTALS_2020","Jan.-Dec. 2014","/plasticsprimary","PRODQNT",42972796015
"EU27TOTALS_2020","Jan.-Dec. 2015","/plasticsprimary","QNTUNIT",kg
"EU27TOTALS_2020","Jan.-Dec. 2015","/plasticsprimary","PQNTFLAG",:R
"EU27TOTALS_2020","Jan.-Dec. 2015","/plasticsprimary","PRODQNT",43201510826
"EU27TOTALS_2020","Jan.-Dec. 2016","/plasticsprimary","QNTUNIT",kg
"EU27TOTALS_2020","Jan.-Dec. 2016","/plasticsprimary","PQNTFLAG",:R
"EU27TOTALS_2020","Jan.-Dec. 2016","/plasticsprimary","PRODQNT",44352283045
"EU27TOTALS_2020","Jan.-Dec. 2017","/plasticsprimary","QNTUNIT",kg
"EU27TOTALS_2020","Jan.-Dec. 2017","/plasticsprimary","PQNTFLAG",:R
"EU27TOTALS_2020","Jan.-Dec. 2017","/plasticsprimary","PRODQNT",48504551431
"EU27TOTALS_2020","Jan.-Dec. 2018","/plasticsprimary","QNTUNIT",kg
"EU27TOTALS_2020","Jan.-Dec. 2018","/plasticsprimary","PQNTFLAG",:E
"EU27TOTALS_2020","Jan.-Dec. 2018","/plasticsprimary","PRODQNT",45070890657
"EU27TOTALS_2020","Jan.-Dec. 2019","/plasticsprimary","QNTUNIT",kg
"EU27TOTALS_2020","Jan.-Dec. 2019","/plasticsprimary","PQNTFLAG",:E
"EU27TOTALS_2020","Jan.-Dec. 2019","/plasticsprimary","PRODQNT",43654724473
"EU27TOTALS_2020","Jan.-Dec. 2020","/plasticsprimary","QNTUNIT",kg
"EU27TOTALS_2020","Jan.-Dec. 2020","/plasticsprimary","PQNTFLAG",:E
"EU27TOTALS_2020","Jan.-Dec. 2020","/plasticsprimary","PRODQNT",42559190305
"EU27TOTALS_2020","Jan.-Dec. 2021","/plasticsprimary","QNTUNIT",kg
"EU27TOTALS_2020","Jan.-Dec. 2021","/plasticsprimary","PQNTFLAG",:R
"EU27TOTALS_2020","Jan.-Dec. 2021","/plasticsprimary","PRODQNT",44100307038
"EU27TOTALS_2020","Jan.-Dec. 2022","/plasticsprimary","QNTUNIT",kg
"EU27TOTALS_2020","Jan.-Dec. 2022","/plasticsprimary","PQNTFLAG",:R
"EU27TOTALS_2020","Jan.-Dec. 2022","/plasticsprimary","PRODQNT",40925728911
"EUROPEAN UNION (28)","Jan.-Dec. 2008","/plasticsprimary","QNTUNIT",kg
"EUROPEAN UNION (28)","Jan.-Dec. 2008","/plasticsprimary","PQNTFLAG",:R
"EUROPEAN UNION (28)","Jan.-Dec. 2008","/plasticsprimary","PRODQNT",49193149123
"EUROPEAN UNION (28)","Jan.-Dec. 2009","/plasticsprimary","QNTUNIT",kg
"EUROPEAN UNION (28)","Jan.-Dec. 2009","/plasticsprimary","PQNTFLAG",:R
"EUROPEAN UNION (28)","Jan.-Dec. 2009","/plasticsprimary","PRODQNT",44056795906
"EUROPEAN UNION (28)","Jan.-Dec. 2010","/plasticsprimary","QNTUNIT",kg
"EUROPEAN UNION (28)","Jan.-Dec. 2010","/plasticsprimary","PQNTFLAG",:E
"EUROPEAN UNION (28)","Jan.-Dec. 2010","/plasticsprimary","PRODQNT",47373959682
"EUROPEAN UNION (28)","Jan.-Dec. 2011","/plasticsprimary","QNTUNIT",kg
"EUROPEAN UNION (28)","Jan.-Dec. 2011","/plasticsprimary","PQNTFLAG",:R
"EUROPEAN UNION (28)","Jan.-Dec. 2011","/plasticsprimary","PRODQNT",44613982431
"EUROPEAN UNION (28)","Jan.-Dec. 2012","/plasticsprimary","QNTUNIT",kg
"EUROPEAN UNION (28)","Jan.-Dec. 2012","/plasticsprimary","PQNTFLAG",:E
"EUROPEAN UNION (28)","Jan.-Dec. 2012","/plasticsprimary","PRODQNT",42550289237
"EUROPEAN UNION (28)","Jan.-Dec. 2013","/plasticsprimary","QNTUNIT",kg
"EUROPEAN UNION (28)","Jan.-Dec. 2013","/plasticsprimary","PQNTFLAG",:E
"EUROPEAN UNION (28)","Jan.-Dec. 2013","/plasticsprimary","PRODQNT",43729667137
"EUROPEAN UNION (28)","Jan.-Dec. 2014","/plasticsprimary","QNTUNIT",kg
"EUROPEAN UNION (28)","Jan.-Dec. 2014","/plasticsprimary","PQNTFLAG",:R
"EUROPEAN UNION (28)","Jan.-Dec. 2014","/plasticsprimary","PRODQNT",44256229462
"EUROPEAN UNION (28)","Jan.-Dec. 2015","/plasticsprimary","QNTUNIT",kg
"EUROPEAN UNION (28)","Jan.-Dec. 2015","/plasticsprimary","PQNTFLAG",:E
"EUROPEAN UNION (28)","Jan.-Dec. 2015","/plasticsprimary","PRODQNT",44461304581
"EUROPEAN UNION (28)","Jan.-Dec. 2016","/plasticsprimary","QNTUNIT",kg
"EUROPEAN UNION (28)","Jan.-Dec. 2016","/plasticsprimary","PQNTFLAG",:E
"EUROPEAN UNION (28)","Jan.-Dec. 2016","/plasticsprimary","PRODQNT",45551104281
"EUROPEAN UNION (28)","Jan.-Dec. 2017","/plasticsprimary","QNTUNIT",kg
"EUROPEAN UNION (28)","Jan.-Dec. 2017","/plasticsprimary","PQNTFLAG",:R
"EUROPEAN UNION (28)","Jan.-Dec. 2017","/plasticsprimary","PRODQNT",49546501512
"EUROPEAN UNION (28)","Jan.-Dec. 2018","/plasticsprimary","QNTUNIT",kg
"EUROPEAN UNION (28)","Jan.-Dec. 2018","/plasticsprimary","PQNTFLAG",:E
"EUROPEAN UNION (28)","Jan.-Dec. 2018","/plasticsprimary","PRODQNT",46830922041
"EUROPEAN UNION (28)","Jan.-Dec. 2019","/plasticsprimary","QNTUNIT",kg
"EUROPEAN UNION (28)","Jan.-Dec. 2019","/plasticsprimary","PQNTFLAG",:E
"EUROPEAN UNION (28)","Jan.-Dec. 2019","/plasticsprimary","PRODQNT",44852455609
"Cyprus","Jan.-Dec. 2008","/plasticsprimary","QNTUNIT",kg
"Cyprus","Jan.-Dec. 2008","/plasticsprimary","PRODQNT",0
"Cyprus","Jan.-Dec. 2009","/plasticsprimary","QNTUNIT",kg
"Cyprus","Jan.-Dec. 2009","/plasticsprimary","PRODQNT",0
"Cyprus","Jan.-Dec. 2010","/plasticsprimary","QNTUNIT",kg
"Cyprus","Jan.-Dec. 2010","/plasticsprimary","PRODQNT",0
"Cyprus","Jan.-Dec. 2011","/plasticsprimary","QNTUNIT",kg
"Cyprus","Jan.-Dec. 2011","/plasticsprimary","PRODQNT",0
"Cyprus","Jan.-Dec. 2012","/plasticsprimary","QNTUNIT",kg
"Cyprus","Jan.-Dec. 2012","/plasticsprimary","PRODQNT",0
"Cyprus","Jan.-Dec. 2013","/plasticsprimary","QNTUNIT",kg
"Cyprus","Jan.-Dec. 2013","/plasticsprimary","PRODQNT",0
"Cyprus","Jan.-Dec. 2014","/plasticsprimary","QNTUNIT",kg
"Cyprus","Jan.-Dec. 2014","/plasticsprimary","PRODQNT",0
"Cyprus","Jan.-Dec. 2015","/plasticsprimary","QNTUNIT",kg
"Cyprus","Jan.-Dec. 2015","/plasticsprimary","PRODQNT",0
"Cyprus","Jan.-Dec. 2016","/plasticsprimary","QNTUNIT",kg
"Cyprus","Jan.-Dec. 2016","/plasticsprimary","PRODQNT",0
"Cyprus","Jan.-Dec. 2017","/plasticsprimary","QNTUNIT",kg
"Cyprus","Jan.-Dec. 2017","/plasticsprimary","PRODQNT",0
"Cyprus","Jan.-Dec. 2018","/plasticsprimary","QNTUNIT",kg
"Cyprus","Jan.-Dec. 2018","/plasticsprimary","PRODQNT",0
"Cyprus","Jan.-Dec. 2019","/plasticsprimary","QNTUNIT",kg
"Cyprus","Jan.-Dec. 2019","/plasticsprimary","PRODQNT",0
"Cyprus","Jan.-Dec. 2020","/plasticsprimary","QNTUNIT",kg
"Cyprus","Jan.-Dec. 2020","/plasticsprimary","PRODQNT",0
"Cyprus","Jan.-Dec. 2021","/plasticsprimary","QNTUNIT",kg
"Cyprus","Jan.-Dec. 2021","/plasticsprimary","PRODQNT",0
"Cyprus","Jan.-Dec. 2022","/plasticsprimary","QNTUNIT",kg
"Cyprus","Jan.-Dec. 2022","/plasticsprimary","PRODQNT",0
