DATAFLOW,LAST UPDATE,freq,indic_bt,nace_r2,s_adj,unit,geo,TIME_PERIOD,OBS_VALUE,OBS_FLAG,CONF_STATUS
ESTAT:STS_INPR_A(1.0),14/03/25 11:00:00,Annual,Production (volume),Manufacture of plastics products,"Calendar adjusted data, not seasonally adjusted data","Index, 2015=100",Austria,2010,,,C
ESTAT:STS_INPR_A(1.0),14/03/25 11:00:00,Annual,Production (volume),Manufacture of plastics products,"Calendar adjusted data, not seasonally adjusted data","Index, 2015=100",Austria,2011,,,C
ESTAT:STS_INPR_A(1.0),14/03/25 11:00:00,Annual,Production (volume),Manufacture of plastics products,"Calendar adjusted data, not seasonally adjusted data","Index, 2015=100",Austria,2012,,,C
ESTAT:STS_INPR_A(1.0),14/03/25 11:00:00,Annual,Production (volume),Manufacture of plastics products,"Calendar adjusted data, not seasonally adjusted data","Index, 2015=100",Austria,2013,,,C
ESTAT:STS_INPR_A(1.0),14/03/25 11:00:00,Annual,Production (volume),Manufacture of plastics products,"Calendar adjusted data, not seasonally adjusted data","Index, 2015=100",Austria,2014,,,C
ESTAT:STS_INPR_A(1.0),14/03/25 11:00:00,Annual,Production (volume),Manufacture of plastics products,"Calendar adjusted data, not seasonally adjusted data","Index, 2015=100",Austria,2015,,,C
ESTAT:STS_INPR_A(1.0),14/03/25 11:00:00,Annual,Production (volume),Manufacture of plastics products,"Calendar adjusted data, not seasonally adjusted data","Index, 2015=100",Austria,2016,,,C
ESTAT:STS_INPR_A(1.0),14/03/25 11:00:00,Annual,Production (volume),Manufacture of plastics products,"Calendar adjusted data, not seasonally adjusted data","Index, 2015=100",Austria,2017,,,C
ESTAT:STS_INPR_A(1.0),14/03/25 11:00:00,Annual,Production (volume),Manufacture of plastics products,"Calendar adjusted data, not seasonally adjusted data","Index, 2015=100",Austria,2018,,,C
ESTAT:STS_INPR_A(1.0),14/03/25 11:00:00,Annual,Production (volume),Manufacture of plastics products,"Calendar adjusted data, not seasonally adjusted data","Index, 2015=100",Austria,2019,,,C
ESTAT:STS_INPR_A(1.0),14/03/25 11:00:00,Annual,Production (volume),Manufacture of plastics products,"Calendar adjusted data, not seasonally adjusted data","Index, 2015=100",Austria,2020,,,C
ESTAT:STS_INPR_A(1.0),14/03/25 11:00:00,Annual,Production (volume),Manufacture of plastics products,"Calendar adjusted data, not seasonally adjusted data","Index, 2015=100",Austria,2021,,,C
ESTAT:STS_INPR_A(1.0),14/03/25 11:00:00,Annual,Production (volume),Manufacture of plastics products,"Calendar adjusted data, not seasonally adjusted data","Index, 2015=100",Belgium,2010,,,C
ESTAT:STS_INPR_A(1.0),14/03/25 11:00:00,Annual,Production (volume),Manufacture of plastics products,"Calendar adjusted data, not seasonally adjusted data","Index, 2015=100",Belgium,2011,,,C
ESTAT:STS_INPR_A(1.0),14/03/25 11:00:00,Annual,Production (volume),Manufacture of plastics products,"Calendar adjusted data, not seasonally adjusted data","Index, 2015=100",Belgium,2012,,,C
ESTAT:STS_INPR_A(1.0),14/03/25 11:00:00,Annual,Production (volume),Manufacture of plastics products,"Calendar adjusted data, not seasonally adjusted data","Index, 2015=100",Belgium,2013,,,C
ESTAT:STS_INPR_A(1.0),14/03/25 11:00:00,Annual,Production (volume),Manufacture of plastics products,"Calendar adjusted data, not seasonally adjusted data","Index, 2015=100",Belgium,2014,,,C
ESTAT:STS_INPR_A(1.0),14/03/25 11:00:00,Annual,Production (volume),Manufacture of plastics products,"Calendar adjusted data, not seasonally adjusted data","Index, 2015=100",Belgium,2015,,,C
ESTAT:STS_INPR_A(1.0),14/03/25 11:00:00,Annual,Production (volume),Manufacture of plastics products,"Calendar adjusted data, not seasonally adjusted data","Index, 2015=100",Belgium,2016,,,C
ESTAT:STS_INPR_A(1.0),14/03/25 11:00:00,Annual,Production (volume),Manufacture of plastics products,"Calendar adjusted data, not seasonally adjusted data","Index, 2015=100",Belgium,2017,,,C
ESTAT:STS_INPR_A(1.0),14/03/25 11:00:00,Annual,Production (volume),Manufacture of plastics products,"Calendar adjusted data, not seasonally adjusted data","Index, 2015=100",Belgium,2018,,,C
ESTAT:STS_INPR_A(1.0),14/03/25 11:00:00,Annual,Production (volume),Manufacture of plastics products,"Calendar adjusted data, not seasonally adjusted data","Index, 2015=100",Belgium,2019,,,C
ESTAT:STS_INPR_A(1.0),14/03/25 11:00:00,Annual,Production (volume),Manufacture of plastics products,"Calendar adjusted data, not seasonally adjusted data","Index, 2015=100",Belgium,2020,,,C
ESTAT:STS_INPR_A(1.0),14/03/25 11:00:00,Annual,Production (volume),Manufacture of plastics products,"Calendar adjusted data, not seasonally adjusted data","Index, 2015=100",Belgium,2021,,,C
ESTAT:STS_INPR_A(1.0),14/03/25 11:00:00,Annual,Production (volume),Manufacture of plastics products,"Calendar adjusted data, not seasonally adjusted data","Index, 2015=100",Bulgaria,2010,,,C
ESTAT:STS_INPR_A(1.0),14/03/25 11:00:00,Annual,Production (volume),Manufacture of plastics products,"Calendar adjusted data, not seasonally adjusted data","Index, 2015=100",Bulgaria,2011,,,C
ESTAT:STS_INPR_A(1.0),14/03/25 11:00:00,Annual,Production (volume),Manufacture of plastics products,"Calendar adjusted data, not seasonally adjusted data","Index, 2015=100",Bulgaria,2012,,,C
ESTAT:STS_INPR_A(1.0),14/03/25 11:00:00,Annual,Production (volume),Manufacture of plastics products,"Calendar adjusted data, not seasonally adjusted data","Index, 2015=100",Bulgaria,2013,,,C
ESTAT:STS_INPR_A(1.0),14/03/25 11:00:00,Annual,Production (volume),Manufacture of plastics products,"Calendar adjusted data, not seasonally adjusted data","Index, 2015=100",Bulgaria,2014,,,C
ESTAT:STS_INPR_A(1.0),14/03/25 11:00:00,Annual,Production (volume),Manufacture of plastics products,"Calendar adjusted data, not seasonally adjusted data","Index, 2015=100",Bulgaria,2015,,,C
ESTAT:STS_INPR_A(1.0),14/03/25 11:00:00,Annual,Production (volume),Manufacture of plastics products,"Calendar adjusted data, not seasonally adjusted data","Index, 2015=100",Bulgaria,2016,,,C
ESTAT:STS_INPR_A(1.0),14/03/25 11:00:00,Annual,Production (volume),Manufacture of plastics products,"Calendar adjusted data, not seasonally adjusted data","Index, 2015=100",Bulgaria,2017,,,C
ESTAT:STS_INPR_A(1.0),14/03/25 11:00:00,Annual,Production (volume),Manufacture of plastics products,"Calendar adjusted data, not seasonally adjusted data","Index, 2015=100",Bulgaria,2018,,,C
ESTAT:STS_INPR_A(1.0),14/03/25 11:00:00,Annual,Production (volume),Manufacture of plastics products,"Calendar adjusted data, not seasonally adjusted data","Index, 2015=100",Bulgaria,2019,,,C
ESTAT:STS_INPR_A(1.0),14/03/25 11:00:00,Annual,Production (volume),Manufacture of plastics products,"Calendar adjusted data, not seasonally adjusted data","Index, 2015=100",Bulgaria,2020,,,C
ESTAT:STS_INPR_A(1.0),14/03/25 11:00:00,Annual,Production (volume),Manufacture of plastics products,"Calendar adjusted data, not seasonally adjusted data","Index, 2015=100",Bulgaria,2021,,,C
ESTAT:STS_INPR_A(1.0),14/03/25 11:00:00,Annual,Production (volume),Manufacture of plastics products,"Calendar adjusted data, not seasonally adjusted data","Index, 2015=100",Germany,2010,90.9,,
ESTAT:STS_INPR_A(1.0),14/03/25 11:00:00,Annual,Production (volume),Manufacture of plastics products,"Calendar adjusted data, not seasonally adjusted data","Index, 2015=100",Germany,2011,96.4,,
ESTAT:STS_INPR_A(1.0),14/03/25 11:00:00,Annual,Production (volume),Manufacture of plastics products,"Calendar adjusted data, not seasonally adjusted data","Index, 2015=100",Germany,2012,95.6,,
ESTAT:STS_INPR_A(1.0),14/03/25 11:00:00,Annual,Production (volume),Manufacture of plastics products,"Calendar adjusted data, not seasonally adjusted data","Index, 2015=100",Germany,2013,97.5,,
ESTAT:STS_INPR_A(1.0),14/03/25 11:00:00,Annual,Production (volume),Manufacture of plastics products,"Calendar adjusted data, not seasonally adjusted data","Index, 2015=100",Germany,2014,98.2,,
ESTAT:STS_INPR_A(1.0),14/03/25 11:00:00,Annual,Production (volume),Manufacture of plastics products,"Calendar adjusted data, not seasonally adjusted data","Index, 2015=100",Germany,2015,99.8,,
ESTAT:STS_INPR_A(1.0),14/03/25 11:00:00,Annual,Production (volume),Manufacture of plastics products,"Calendar adjusted data, not seasonally adjusted data","Index, 2015=100",Germany,2016,102.8,,
ESTAT:STS_INPR_A(1.0),14/03/25 11:00:00,Annual,Production (volume),Manufacture of plastics products,"Calendar adjusted data, not seasonally adjusted data","Index, 2015=100",Germany,2017,107.2,,
ESTAT:STS_INPR_A(1.0),14/03/25 11:00:00,Annual,Production (volume),Manufacture of plastics products,"Calendar adjusted data, not seasonally adjusted data","Index, 2015=100",Germany,2018,107.6,,
ESTAT:STS_INPR_A(1.0),14/03/25 11:00:00,Annual,Production (volume),Manufacture of plastics products,"Calendar adjusted data, not seasonally adjusted data","Index, 2015=100",Germany,2019,105.1,,
ESTAT:STS_INPR_A(1.0),14/03/25 11:00:00,Annual,Production (volume),Manufacture of plastics products,"Calendar adjusted data, not seasonally adjusted data","Index, 2015=100",Germany,2020,98.1,,
ESTAT:STS_INPR_A(1.0),14/03/25 11:00:00,Annual,Production (volume),Manufacture of plastics products,"Calendar adjusted data, not seasonally adjusted data","Index, 2015=100",Germany,2021,103.3,,
ESTAT:STS_INPR_A(1.0),14/03/25 11:00:00,Annual,Production (volume),Manufacture of plastics products,"Calendar adjusted data, not seasonally adjusted data","Index, 2015=100",Germany,2022,100.9,,
ESTAT:STS_INPR_A(1.0),14/03/25 11:00:00,Annual,Production (volume),Manufacture of plastics products,"Calendar adjusted data, not seasonally adjusted data","Index, 2015=100",Germany,2023,93.5,,
ESTAT:STS_INPR_A(1.0),14/03/25 11:00:00,Annual,Production (volume),Manufacture of plastics products,"Calendar adjusted data, not seasonally adjusted data","Index, 2015=100",Denmark,2010,,,C
ESTAT:STS_INPR_A(1.0),14/03/25 11:00:00,Annual,Production (volume),Manufacture of plastics products,"Calendar adjusted data, not seasonally adjusted data","Index, 2015=100",Denmark,2011,,,C
ESTAT:STS_INPR_A(1.0),14/03/25 11:00:00,Annual,Production (volume),Manufacture of plastics products,"Calendar adjusted data, not seasonally adjusted data","Index, 2015=100",Denmark,2012,,,C
ESTAT:STS_INPR_A(1.0),14/03/25 11:00:00,Annual,Production (volume),Manufacture of plastics products,"Calendar adjusted data, not seasonally adjusted data","Index, 2015=100",Denmark,2013,,,C
ESTAT:STS_INPR_A(1.0),14/03/25 11:00:00,Annual,Production (volume),Manufacture of plastics products,"Calendar adjusted data, not seasonally adjusted data","Index, 2015=100",Denmark,2014,,,C
ESTAT:STS_INPR_A(1.0),14/03/25 11:00:00,Annual,Production (volume),Manufacture of plastics products,"Calendar adjusted data, not seasonally adjusted data","Index, 2015=100",Denmark,2015,,,C
ESTAT:STS_INPR_A(1.0),14/03/25 11:00:00,Annual,Production (volume),Manufacture of plastics products,"Calendar adjusted data, not seasonally adjusted data","Index, 2015=100",Denmark,2016,,,C
ESTAT:STS_INPR_A(1.0),14/03/25 11:00:00,Annual,Production (volume),Manufacture of plastics products,"Calendar adjusted data, not seasonally adjusted data","Index, 2015=100",Denmark,2017,,,C
ESTAT:STS_INPR_A(1.0),14/03/25 11:00:00,Annual,Production (volume),Manufacture of plastics products,"Calendar adjusted data, not seasonally adjusted data","Index, 2015=100",Denmark,2018,,,C
ESTAT:STS_INPR_A(1.0),14/03/25 11:00:00,Annual,Production (volume),Manufacture of plastics products,"Calendar adjusted data, not seasonally adjusted data","Index, 2015=100",Denmark,2019,,,C
ESTAT:STS_INPR_A(1.0),14/03/25 11:00:00,Annual,Production (volume),Manufacture of plastics products,"Calendar adjusted data, not seasonally adjusted data","Index, 2015=100",Denmark,2020,,,C
ESTAT:STS_INPR_A(1.0),14/03/25 11:00:00,Annual,Production (volume),Manufacture of plastics products,"Calendar adjusted data, not seasonally adjusted data","Index, 2015=100",Denmark,2021,,,C
ESTAT:STS_INPR_A(1.0),14/03/25 11:00:00,Annual,Production (volume),Manufacture of plastics products,"Calendar adjusted data, not seasonally adjusted data","Index, 2015=100",Euro area - 19 countries  (2015-2022),2010,93.7,i,
ESTAT:STS_INPR_A(1.0),14/03/25 11:00:00,Annual,Production (volume),Manufacture of plastics products,"Calendar adjusted data, not seasonally adjusted data","Index, 2015=100",Euro area - 19 countries  (2015-2022),2011,96.7,i,
ESTAT:STS_INPR_A(1.0),14/03/25 11:00:00,Annual,Production (volume),Manufacture of plastics products,"Calendar adjusted data, not seasonally adjusted data","Index, 2015=100",Euro area - 19 countries  (2015-2022),2012,93.8,i,
ESTAT:STS_INPR_A(1.0),14/03/25 11:00:00,Annual,Production (volume),Manufacture of plastics products,"Calendar adjusted data, not seasonally adjusted data","Index, 2015=100",Euro area - 19 countries  (2015-2022),2013,95.0,i,
ESTAT:STS_INPR_A(1.0),14/03/25 11:00:00,Annual,Production (volume),Manufacture of plastics products,"Calendar adjusted data, not seasonally adjusted data","Index, 2015=100",Euro area - 19 countries  (2015-2022),2014,97.2,i,
ESTAT:STS_INPR_A(1.0),14/03/25 11:00:00,Annual,Production (volume),Manufacture of plastics products,"Calendar adjusted data, not seasonally adjusted data","Index, 2015=100",Euro area - 19 countries  (2015-2022),2015,100.0,,
ESTAT:STS_INPR_A(1.0),14/03/25 11:00:00,Annual,Production (volume),Manufacture of plastics products,"Calendar adjusted data, not seasonally adjusted data","Index, 2015=100",Euro area - 19 countries  (2015-2022),2016,103.4,,
ESTAT:STS_INPR_A(1.0),14/03/25 11:00:00,Annual,Production (volume),Manufacture of plastics products,"Calendar adjusted data, not seasonally adjusted data","Index, 2015=100",Euro area - 19 countries  (2015-2022),2017,108.3,,
ESTAT:STS_INPR_A(1.0),14/03/25 11:00:00,Annual,Production (volume),Manufacture of plastics products,"Calendar adjusted data, not seasonally adjusted data","Index, 2015=100",Euro area - 19 countries  (2015-2022),2018,107.1,,
ESTAT:STS_INPR_A(1.0),14/03/25 11:00:00,Annual,Production (volume),Manufacture of plastics products,"Calendar adjusted data, not seasonally adjusted data","Index, 2015=100",Euro area - 19 countries  (2015-2022),2019,105.1,,
ESTAT:STS_INPR_A(1.0),14/03/25 11:00:00,Annual,Production (volume),Manufacture of plastics products,"Calendar adjusted data, not seasonally adjusted data","Index, 2015=100",Euro area - 19 countries  (2015-2022),2020,98.9,,
ESTAT:STS_INPR_A(1.0),14/03/25 11:00:00,Annual,Production (volume),Manufacture of plastics products,"Calendar adjusted data, not seasonally adjusted data","Index, 2015=100",Euro area - 19 countries  (2015-2022),2021,106.6,,
ESTAT:STS_INPR_A(1.0),14/03/25 11:00:00,Annual,Production (volume),Manufacture of plastics products,"Calendar adjusted data, not seasonally adjusted data","Index, 2015=100",Euro area - 19 countries  (2015-2022),2022,104.1,,
ESTAT:STS_INPR_A(1.0),14/03/25 11:00:00,Annual,Production (volume),Manufacture of plastics products,"Calendar adjusted data, not seasonally adjusted data","Index, 2015=100",Euro area - 19 countries  (2015-2022),2023,99.7,,
ESTAT:STS_INPR_A(1.0),14/03/25 11:00:00,Annual,Production (volume),Manufacture of plastics products,"Calendar adjusted data, not seasonally adjusted data","Index, 2015=100",Euro area – 20 countries (from 2023),2010,93.7,i,
ESTAT:STS_INPR_A(1.0),14/03/25 11:00:00,Annual,Production (volume),Manufacture of plastics products,"Calendar adjusted data, not seasonally adjusted data","Index, 2015=100",Euro area – 20 countries (from 2023),2011,96.7,i,
ESTAT:STS_INPR_A(1.0),14/03/25 11:00:00,Annual,Production (volume),Manufacture of plastics products,"Calendar adjusted data, not seasonally adjusted data","Index, 2015=100",Euro area – 20 countries (from 2023),2012,93.8,i,
ESTAT:STS_INPR_A(1.0),14/03/25 11:00:00,Annual,Production (volume),Manufacture of plastics products,"Calendar adjusted data, not seasonally adjusted data","Index, 2015=100",Euro area – 20 countries (from 2023),2013,95.0,i,
ESTAT:STS_INPR_A(1.0),14/03/25 11:00:00,Annual,Production (volume),Manufacture of plastics products,"Calendar adjusted data, not seasonally adjusted data","Index, 2015=100",Euro area – 20 countries (from 2023),2014,97.2,i,
ESTAT:STS_INPR_A(1.0),14/03/25 11:00:00,Annual,Production (volume),Manufacture of plastics products,"Calendar adjusted data, not seasonally adjusted data","Index, 2015=100",Euro area – 20 countries (from 2023),2015,100.0,,
ESTAT:STS_INPR_A(1.0),14/03/25 11:00:00,Annual,Production (volume),Manufacture of plastics products,"Calendar adjusted data, not seasonally adjusted data","Index, 2015=100",Euro area – 20 countries (from 2023),2016,103.4,,
ESTAT:STS_INPR_A(1.0),14/03/25 11:00:00,Annual,Production (volume),Manufacture of plastics products,"Calendar adjusted data, not seasonally adjusted data","Index, 2015=100",Euro area – 20 countries (from 2023),2017,108.3,,
ESTAT:STS_INPR_A(1.0),14/03/25 11:00:00,Annual,Production (volume),Manufacture of plastics products,"Calendar adjusted data, not seasonally adjusted data","Index, 2015=100",Euro area – 20 countries (from 2023),2018,107.1,,
ESTAT:STS_INPR_A(1.0),14/03/25 11:00:00,Annual,Production (volume),Manufacture of plastics products,"Calendar adjusted data, not seasonally adjusted data","Index, 2015=100",Euro area – 20 countries (from 2023),2019,105.1,,
ESTAT:STS_INPR_A(1.0),14/03/25 11:00:00,Annual,Production (volume),Manufacture of plastics products,"Calendar adjusted data, not seasonally adjusted data","Index, 2015=100",Euro area – 20 countries (from 2023),2020,98.9,,
ESTAT:STS_INPR_A(1.0),14/03/25 11:00:00,Annual,Production (volume),Manufacture of plastics products,"Calendar adjusted data, not seasonally adjusted data","Index, 2015=100",Euro area – 20 countries (from 2023),2021,106.6,,
ESTAT:STS_INPR_A(1.0),14/03/25 11:00:00,Annual,Production (volume),Manufacture of plastics products,"Calendar adjusted data, not seasonally adjusted data","Index, 2015=100",Euro area – 20 countries (from 2023),2022,104.1,,
ESTAT:STS_INPR_A(1.0),14/03/25 11:00:00,Annual,Production (volume),Manufacture of plastics products,"Calendar adjusted data, not seasonally adjusted data","Index, 2015=100",Euro area – 20 countries (from 2023),2023,99.7,,
ESTAT:STS_INPR_A(1.0),14/03/25 11:00:00,Annual,Production (volume),Manufacture of plastics products,"Calendar adjusted data, not seasonally adjusted data","Index, 2015=100",Greece,2010,103.9,,
ESTAT:STS_INPR_A(1.0),14/03/25 11:00:00,Annual,Production (volume),Manufacture of plastics products,"Calendar adjusted data, not seasonally adjusted data","Index, 2015=100",Greece,2011,98.1,,
ESTAT:STS_INPR_A(1.0),14/03/25 11:00:00,Annual,Production (volume),Manufacture of plastics products,"Calendar adjusted data, not seasonally adjusted data","Index, 2015=100",Greece,2012,92.2,,
ESTAT:STS_INPR_A(1.0),14/03/25 11:00:00,Annual,Production (volume),Manufacture of plastics products,"Calendar adjusted data, not seasonally adjusted data","Index, 2015=100",Greece,2013,91.5,p,
ESTAT:STS_INPR_A(1.0),14/03/25 11:00:00,Annual,Production (volume),Manufacture of plastics products,"Calendar adjusted data, not seasonally adjusted data","Index, 2015=100",Greece,2014,96.3,,
ESTAT:STS_INPR_A(1.0),14/03/25 11:00:00,Annual,Production (volume),Manufacture of plastics products,"Calendar adjusted data, not seasonally adjusted data","Index, 2015=100",Greece,2015,100.0,,
ESTAT:STS_INPR_A(1.0),14/03/25 11:00:00,Annual,Production (volume),Manufacture of plastics products,"Calendar adjusted data, not seasonally adjusted data","Index, 2015=100",Greece,2016,103.0,,
ESTAT:STS_INPR_A(1.0),14/03/25 11:00:00,Annual,Production (volume),Manufacture of plastics products,"Calendar adjusted data, not seasonally adjusted data","Index, 2015=100",Greece,2017,106.8,,
ESTAT:STS_INPR_A(1.0),14/03/25 11:00:00,Annual,Production (volume),Manufacture of plastics products,"Calendar adjusted data, not seasonally adjusted data","Index, 2015=100",Greece,2018,109.4,,
ESTAT:STS_INPR_A(1.0),14/03/25 11:00:00,Annual,Production (volume),Manufacture of plastics products,"Calendar adjusted data, not seasonally adjusted data","Index, 2015=100",Greece,2019,117.8,,
ESTAT:STS_INPR_A(1.0),14/03/25 11:00:00,Annual,Production (volume),Manufacture of plastics products,"Calendar adjusted data, not seasonally adjusted data","Index, 2015=100",Greece,2020,118.0,,
ESTAT:STS_INPR_A(1.0),14/03/25 11:00:00,Annual,Production (volume),Manufacture of plastics products,"Calendar adjusted data, not seasonally adjusted data","Index, 2015=100",Greece,2021,127.2,,
ESTAT:STS_INPR_A(1.0),14/03/25 11:00:00,Annual,Production (volume),Manufacture of plastics products,"Calendar adjusted data, not seasonally adjusted data","Index, 2015=100",Greece,2022,130.5,,
ESTAT:STS_INPR_A(1.0),14/03/25 11:00:00,Annual,Production (volume),Manufacture of plastics products,"Calendar adjusted data, not seasonally adjusted data","Index, 2015=100",Greece,2023,130.2,p,
ESTAT:STS_INPR_A(1.0),14/03/25 11:00:00,Annual,Production (volume),Manufacture of plastics products,"Calendar adjusted data, not seasonally adjusted data","Index, 2015=100",Spain,2010,96.2,p,
ESTAT:STS_INPR_A(1.0),14/03/25 11:00:00,Annual,Production (volume),Manufacture of plastics products,"Calendar adjusted data, not seasonally adjusted data","Index, 2015=100",Spain,2011,94.1,p,
ESTAT:STS_INPR_A(1.0),14/03/25 11:00:00,Annual,Production (volume),Manufacture of plastics products,"Calendar adjusted data, not seasonally adjusted data","Index, 2015=100",Spain,2012,87.9,p,
ESTAT:STS_INPR_A(1.0),14/03/25 11:00:00,Annual,Production (volume),Manufacture of plastics products,"Calendar adjusted data, not seasonally adjusted data","Index, 2015=100",Spain,2013,89.0,p,
ESTAT:STS_INPR_A(1.0),14/03/25 11:00:00,Annual,Production (volume),Manufacture of plastics products,"Calendar adjusted data, not seasonally adjusted data","Index, 2015=100",Spain,2014,92.8,p,
ESTAT:STS_INPR_A(1.0),14/03/25 11:00:00,Annual,Production (volume),Manufacture of plastics products,"Calendar adjusted data, not seasonally adjusted data","Index, 2015=100",Spain,2015,100.0,p,
ESTAT:STS_INPR_A(1.0),14/03/25 11:00:00,Annual,Production (volume),Manufacture of plastics products,"Calendar adjusted data, not seasonally adjusted data","Index, 2015=100",Spain,2016,104.0,p,
ESTAT:STS_INPR_A(1.0),14/03/25 11:00:00,Annual,Production (volume),Manufacture of plastics products,"Calendar adjusted data, not seasonally adjusted data","Index, 2015=100",Spain,2017,111.0,p,
ESTAT:STS_INPR_A(1.0),14/03/25 11:00:00,Annual,Production (volume),Manufacture of plastics products,"Calendar adjusted data, not seasonally adjusted data","Index, 2015=100",Spain,2018,110.2,p,
ESTAT:STS_INPR_A(1.0),14/03/25 11:00:00,Annual,Production (volume),Manufacture of plastics products,"Calendar adjusted data, not seasonally adjusted data","Index, 2015=100",Spain,2019,110.3,p,
ESTAT:STS_INPR_A(1.0),14/03/25 11:00:00,Annual,Production (volume),Manufacture of plastics products,"Calendar adjusted data, not seasonally adjusted data","Index, 2015=100",Spain,2020,105.2,p,
ESTAT:STS_INPR_A(1.0),14/03/25 11:00:00,Annual,Production (volume),Manufacture of plastics products,"Calendar adjusted data, not seasonally adjusted data","Index, 2015=100",Spain,2021,111.5,p,
ESTAT:STS_INPR_A(1.0),14/03/25 11:00:00,Annual,Production (volume),Manufacture of plastics products,"Calendar adjusted data, not seasonally adjusted data","Index, 2015=100",Spain,2022,113.9,p,
ESTAT:STS_INPR_A(1.0),14/03/25 11:00:00,Annual,Production (volume),Manufacture of plastics products,"Calendar adjusted data, not seasonally adjusted data","Index, 2015=100",Spain,2023,112.8,p,
ESTAT:STS_INPR_A(1.0),14/03/25 11:00:00,Annual,Production (volume),Manufacture of plastics products,"Calendar adjusted data, not seasonally adjusted data","Index, 2015=100",European Union - 27 countries (from 2020),2010,91.2,i,
ESTAT:STS_INPR_A(1.0),14/03/25 11:00:00,Annual,Production (volume),Manufacture of plastics products,"Calendar adjusted data, not seasonally adjusted data","Index, 2015=100",European Union - 27 countries (from 2020),2011,94.7,i,
ESTAT:STS_INPR_A(1.0),14/03/25 11:00:00,Annual,Production (volume),Manufacture of plastics products,"Calendar adjusted data, not seasonally adjusted data","Index, 2015=100",European Union - 27 countries (from 2020),2012,92.3,i,
ESTAT:STS_INPR_A(1.0),14/03/25 11:00:00,Annual,Production (volume),Manufacture of plastics products,"Calendar adjusted data, not seasonally adjusted data","Index, 2015=100",European Union - 27 countries (from 2020),2013,93.9,i,
ESTAT:STS_INPR_A(1.0),14/03/25 11:00:00,Annual,Production (volume),Manufacture of plastics products,"Calendar adjusted data, not seasonally adjusted data","Index, 2015=100",European Union - 27 countries (from 2020),2014,96.7,i,
ESTAT:STS_INPR_A(1.0),14/03/25 11:00:00,Annual,Production (volume),Manufacture of plastics products,"Calendar adjusted data, not seasonally adjusted data","Index, 2015=100",European Union - 27 countries (from 2020),2015,100.0,,
ESTAT:STS_INPR_A(1.0),14/03/25 11:00:00,Annual,Production (volume),Manufacture of plastics products,"Calendar adjusted data, not seasonally adjusted data","Index, 2015=100",European Union - 27 countries (from 2020),2016,103.7,,
ESTAT:STS_INPR_A(1.0),14/03/25 11:00:00,Annual,Production (volume),Manufacture of plastics products,"Calendar adjusted data, not seasonally adjusted data","Index, 2015=100",European Union - 27 countries (from 2020),2017,109.2,,
ESTAT:STS_INPR_A(1.0),14/03/25 11:00:00,Annual,Production (volume),Manufacture of plastics products,"Calendar adjusted data, not seasonally adjusted data","Index, 2015=100",European Union - 27 countries (from 2020),2018,108.8,,
ESTAT:STS_INPR_A(1.0),14/03/25 11:00:00,Annual,Production (volume),Manufacture of plastics products,"Calendar adjusted data, not seasonally adjusted data","Index, 2015=100",European Union - 27 countries (from 2020),2019,107.8,,
ESTAT:STS_INPR_A(1.0),14/03/25 11:00:00,Annual,Production (volume),Manufacture of plastics products,"Calendar adjusted data, not seasonally adjusted data","Index, 2015=100",European Union - 27 countries (from 2020),2020,102.5,,
ESTAT:STS_INPR_A(1.0),14/03/25 11:00:00,Annual,Production (volume),Manufacture of plastics products,"Calendar adjusted data, not seasonally adjusted data","Index, 2015=100",European Union - 27 countries (from 2020),2021,111.6,,
ESTAT:STS_INPR_A(1.0),14/03/25 11:00:00,Annual,Production (volume),Manufacture of plastics products,"Calendar adjusted data, not seasonally adjusted data","Index, 2015=100",European Union - 27 countries (from 2020),2022,110.1,,
ESTAT:STS_INPR_A(1.0),14/03/25 11:00:00,Annual,Production (volume),Manufacture of plastics products,"Calendar adjusted data, not seasonally adjusted data","Index, 2015=100",European Union - 27 countries (from 2020),2023,105.7,,
ESTAT:STS_INPR_A(1.0),14/03/25 11:00:00,Annual,Production (volume),Manufacture of plastics products,"Calendar adjusted data, not seasonally adjusted data","Index, 2015=100",European Union - 28 countries (2013-2020),2010,94.0,i,
ESTAT:STS_INPR_A(1.0),14/03/25 11:00:00,Annual,Production (volume),Manufacture of plastics products,"Calendar adjusted data, not seasonally adjusted data","Index, 2015=100",European Union - 28 countries (2013-2020),2011,96.4,i,
ESTAT:STS_INPR_A(1.0),14/03/25 11:00:00,Annual,Production (volume),Manufacture of plastics products,"Calendar adjusted data, not seasonally adjusted data","Index, 2015=100",European Union - 28 countries (2013-2020),2012,94.3,i,
ESTAT:STS_INPR_A(1.0),14/03/25 11:00:00,Annual,Production (volume),Manufacture of plastics products,"Calendar adjusted data, not seasonally adjusted data","Index, 2015=100",European Union - 28 countries (2013-2020),2013,94.6,i,
ESTAT:STS_INPR_A(1.0),14/03/25 11:00:00,Annual,Production (volume),Manufacture of plastics products,"Calendar adjusted data, not seasonally adjusted data","Index, 2015=100",European Union - 28 countries (2013-2020),2014,98.4,i,
ESTAT:STS_INPR_A(1.0),14/03/25 11:00:00,Annual,Production (volume),Manufacture of plastics products,"Calendar adjusted data, not seasonally adjusted data","Index, 2015=100",European Union - 28 countries (2013-2020),2015,100.0,,
ESTAT:STS_INPR_A(1.0),14/03/25 11:00:00,Annual,Production (volume),Manufacture of plastics products,"Calendar adjusted data, not seasonally adjusted data","Index, 2015=100",European Union - 28 countries (2013-2020),2016,103.1,,
ESTAT:STS_INPR_A(1.0),14/03/25 11:00:00,Annual,Production (volume),Manufacture of plastics products,"Calendar adjusted data, not seasonally adjusted data","Index, 2015=100",European Union - 28 countries (2013-2020),2017,107.6,,
ESTAT:STS_INPR_A(1.0),14/03/25 11:00:00,Annual,Production (volume),Manufacture of plastics products,"Calendar adjusted data, not seasonally adjusted data","Index, 2015=100",European Union - 28 countries (2013-2020),2018,107.3,,
ESTAT:STS_INPR_A(1.0),14/03/25 11:00:00,Annual,Production (volume),Manufacture of plastics products,"Calendar adjusted data, not seasonally adjusted data","Index, 2015=100",European Union - 28 countries (2013-2020),2019,106.5,,
ESTAT:STS_INPR_A(1.0),14/03/25 11:00:00,Annual,Production (volume),Manufacture of plastics products,"Calendar adjusted data, not seasonally adjusted data","Index, 2015=100",France,2010,97.6,,
ESTAT:STS_INPR_A(1.0),14/03/25 11:00:00,Annual,Production (volume),Manufacture of plastics products,"Calendar adjusted data, not seasonally adjusted data","Index, 2015=100",France,2011,100.7,,
ESTAT:STS_INPR_A(1.0),14/03/25 11:00:00,Annual,Production (volume),Manufacture of plastics products,"Calendar adjusted data, not seasonally adjusted data","Index, 2015=100",France,2012,95.2,,
ESTAT:STS_INPR_A(1.0),14/03/25 11:00:00,Annual,Production (volume),Manufacture of plastics products,"Calendar adjusted data, not seasonally adjusted data","Index, 2015=100",France,2013,94.8,,
ESTAT:STS_INPR_A(1.0),14/03/25 11:00:00,Annual,Production (volume),Manufacture of plastics products,"Calendar adjusted data, not seasonally adjusted data","Index, 2015=100",France,2014,96.6,,
ESTAT:STS_INPR_A(1.0),14/03/25 11:00:00,Annual,Production (volume),Manufacture of plastics products,"Calendar adjusted data, not seasonally adjusted data","Index, 2015=100",France,2015,100.0,,
ESTAT:STS_INPR_A(1.0),14/03/25 11:00:00,Annual,Production (volume),Manufacture of plastics products,"Calendar adjusted data, not seasonally adjusted data","Index, 2015=100",France,2016,103.8,,
ESTAT:STS_INPR_A(1.0),14/03/25 11:00:00,Annual,Production (volume),Manufacture of plastics products,"Calendar adjusted data, not seasonally adjusted data","Index, 2015=100",France,2017,108.5,,
ESTAT:STS_INPR_A(1.0),14/03/25 11:00:00,Annual,Production (volume),Manufacture of plastics products,"Calendar adjusted data, not seasonally adjusted data","Index, 2015=100",France,2018,104.9,,
ESTAT:STS_INPR_A(1.0),14/03/25 11:00:00,Annual,Production (volume),Manufacture of plastics products,"Calendar adjusted data, not seasonally adjusted data","Index, 2015=100",France,2019,104.8,,
ESTAT:STS_INPR_A(1.0),14/03/25 11:00:00,Annual,Production (volume),Manufacture of plastics products,"Calendar adjusted data, not seasonally adjusted data","Index, 2015=100",France,2020,96.8,,
ESTAT:STS_INPR_A(1.0),14/03/25 11:00:00,Annual,Production (volume),Manufacture of plastics products,"Calendar adjusted data, not seasonally adjusted data","Index, 2015=100",France,2021,104.6,,
ESTAT:STS_INPR_A(1.0),14/03/25 11:00:00,Annual,Production (volume),Manufacture of plastics products,"Calendar adjusted data, not seasonally adjusted data","Index, 2015=100",France,2022,103.7,,
ESTAT:STS_INPR_A(1.0),14/03/25 11:00:00,Annual,Production (volume),Manufacture of plastics products,"Calendar adjusted data, not seasonally adjusted data","Index, 2015=100",France,2023,99.4,,
ESTAT:STS_INPR_A(1.0),14/03/25 11:00:00,Annual,Production (volume),Manufacture of plastics products,"Calendar adjusted data, not seasonally adjusted data","Index, 2015=100",Ireland,2015,,,C
ESTAT:STS_INPR_A(1.0),14/03/25 11:00:00,Annual,Production (volume),Manufacture of plastics products,"Calendar adjusted data, not seasonally adjusted data","Index, 2015=100",Ireland,2016,,,C
ESTAT:STS_INPR_A(1.0),14/03/25 11:00:00,Annual,Production (volume),Manufacture of plastics products,"Calendar adjusted data, not seasonally adjusted data","Index, 2015=100",Ireland,2017,,,C
ESTAT:STS_INPR_A(1.0),14/03/25 11:00:00,Annual,Production (volume),Manufacture of plastics products,"Calendar adjusted data, not seasonally adjusted data","Index, 2015=100",Ireland,2018,,,C
ESTAT:STS_INPR_A(1.0),14/03/25 11:00:00,Annual,Production (volume),Manufacture of plastics products,"Calendar adjusted data, not seasonally adjusted data","Index, 2015=100",Ireland,2019,,,C
ESTAT:STS_INPR_A(1.0),14/03/25 11:00:00,Annual,Production (volume),Manufacture of plastics products,"Calendar adjusted data, not seasonally adjusted data","Index, 2015=100",Ireland,2020,,,C
ESTAT:STS_INPR_A(1.0),14/03/25 11:00:00,Annual,Production (volume),Manufacture of plastics products,"Calendar adjusted data, not seasonally adjusted data","Index, 2015=100",Ireland,2021,,,C
ESTAT:STS_INPR_A(1.0),14/03/25 11:00:00,Annual,Production (volume),Manufacture of plastics products,"Calendar adjusted data, not seasonally adjusted data","Index, 2015=100",Ireland,2022,,,C
ESTAT:STS_INPR_A(1.0),14/03/25 11:00:00,Annual,Production (volume),Manufacture of plastics products,"Calendar adjusted data, not seasonally adjusted data","Index, 2015=100",Ireland,2023,,,C
ESTAT:STS_INPR_A(1.0),14/03/25 11:00:00,Annual,Production (volume),Manufacture of plastics products,"Calendar adjusted data, not seasonally adjusted data","Index, 2015=100",Italy,2010,94.7,,
ESTAT:STS_INPR_A(1.0),14/03/25 11:00:00,Annual,Production (volume),Manufacture of plastics products,"Calendar adjusted data, not seasonally adjusted data","Index, 2015=100",Italy,2011,95.2,,
ESTAT:STS_INPR_A(1.0),14/03/25 11:00:00,Annual,Production (volume),Manufacture of plastics products,"Calendar adjusted data, not seasonally adjusted data","Index, 2015=100",Italy,2012,91.6,,
ESTAT:STS_INPR_A(1.0),14/03/25 11:00:00,Annual,Production (volume),Manufacture of plastics products,"Calendar adjusted data, not seasonally adjusted data","Index, 2015=100",Italy,2013,93.2,,
ESTAT:STS_INPR_A(1.0),14/03/25 11:00:00,Annual,Production (volume),Manufacture of plastics products,"Calendar adjusted data, not seasonally adjusted data","Index, 2015=100",Italy,2014,97.6,,
ESTAT:STS_INPR_A(1.0),14/03/25 11:00:00,Annual,Production (volume),Manufacture of plastics products,"Calendar adjusted data, not seasonally adjusted data","Index, 2015=100",Italy,2015,100.0,,
ESTAT:STS_INPR_A(1.0),14/03/25 11:00:00,Annual,Production (volume),Manufacture of plastics products,"Calendar adjusted data, not seasonally adjusted data","Index, 2015=100",Italy,2016,103.4,,
ESTAT:STS_INPR_A(1.0),14/03/25 11:00:00,Annual,Production (volume),Manufacture of plastics products,"Calendar adjusted data, not seasonally adjusted data","Index, 2015=100",Italy,2017,107.8,,
ESTAT:STS_INPR_A(1.0),14/03/25 11:00:00,Annual,Production (volume),Manufacture of plastics products,"Calendar adjusted data, not seasonally adjusted data","Index, 2015=100",Italy,2018,102.8,,
ESTAT:STS_INPR_A(1.0),14/03/25 11:00:00,Annual,Production (volume),Manufacture of plastics products,"Calendar adjusted data, not seasonally adjusted data","Index, 2015=100",Italy,2019,97.8,,
ESTAT:STS_INPR_A(1.0),14/03/25 11:00:00,Annual,Production (volume),Manufacture of plastics products,"Calendar adjusted data, not seasonally adjusted data","Index, 2015=100",Italy,2020,91.9,,
ESTAT:STS_INPR_A(1.0),14/03/25 11:00:00,Annual,Production (volume),Manufacture of plastics products,"Calendar adjusted data, not seasonally adjusted data","Index, 2015=100",Italy,2021,105.0,,
ESTAT:STS_INPR_A(1.0),14/03/25 11:00:00,Annual,Production (volume),Manufacture of plastics products,"Calendar adjusted data, not seasonally adjusted data","Index, 2015=100",Italy,2022,97.8,,
ESTAT:STS_INPR_A(1.0),14/03/25 11:00:00,Annual,Production (volume),Manufacture of plastics products,"Calendar adjusted data, not seasonally adjusted data","Index, 2015=100",Italy,2023,100.8,,
ESTAT:STS_INPR_A(1.0),14/03/25 11:00:00,Annual,Production (volume),Manufacture of plastics products,"Calendar adjusted data, not seasonally adjusted data","Index, 2015=100",Lithuania,2015,100.0,,
ESTAT:STS_INPR_A(1.0),14/03/25 11:00:00,Annual,Production (volume),Manufacture of plastics products,"Calendar adjusted data, not seasonally adjusted data","Index, 2015=100",Lithuania,2016,104.6,,
ESTAT:STS_INPR_A(1.0),14/03/25 11:00:00,Annual,Production (volume),Manufacture of plastics products,"Calendar adjusted data, not seasonally adjusted data","Index, 2015=100",Lithuania,2017,112.3,,
ESTAT:STS_INPR_A(1.0),14/03/25 11:00:00,Annual,Production (volume),Manufacture of plastics products,"Calendar adjusted data, not seasonally adjusted data","Index, 2015=100",Lithuania,2018,123.9,,
ESTAT:STS_INPR_A(1.0),14/03/25 11:00:00,Annual,Production (volume),Manufacture of plastics products,"Calendar adjusted data, not seasonally adjusted data","Index, 2015=100",Lithuania,2019,130.4,,
ESTAT:STS_INPR_A(1.0),14/03/25 11:00:00,Annual,Production (volume),Manufacture of plastics products,"Calendar adjusted data, not seasonally adjusted data","Index, 2015=100",Lithuania,2020,131.6,,
ESTAT:STS_INPR_A(1.0),14/03/25 11:00:00,Annual,Production (volume),Manufacture of plastics products,"Calendar adjusted data, not seasonally adjusted data","Index, 2015=100",Lithuania,2021,154.6,,
ESTAT:STS_INPR_A(1.0),14/03/25 11:00:00,Annual,Production (volume),Manufacture of plastics products,"Calendar adjusted data, not seasonally adjusted data","Index, 2015=100",Lithuania,2022,166.3,,
ESTAT:STS_INPR_A(1.0),14/03/25 11:00:00,Annual,Production (volume),Manufacture of plastics products,"Calendar adjusted data, not seasonally adjusted data","Index, 2015=100",Lithuania,2023,146.6,,
ESTAT:STS_INPR_A(1.0),14/03/25 11:00:00,Annual,Production (volume),Manufacture of plastics products,"Calendar adjusted data, not seasonally adjusted data","Index, 2015=100",Netherlands,2010,,,C
ESTAT:STS_INPR_A(1.0),14/03/25 11:00:00,Annual,Production (volume),Manufacture of plastics products,"Calendar adjusted data, not seasonally adjusted data","Index, 2015=100",Netherlands,2011,,,C
ESTAT:STS_INPR_A(1.0),14/03/25 11:00:00,Annual,Production (volume),Manufacture of plastics products,"Calendar adjusted data, not seasonally adjusted data","Index, 2015=100",Netherlands,2012,,,C
ESTAT:STS_INPR_A(1.0),14/03/25 11:00:00,Annual,Production (volume),Manufacture of plastics products,"Calendar adjusted data, not seasonally adjusted data","Index, 2015=100",Netherlands,2013,,,C
ESTAT:STS_INPR_A(1.0),14/03/25 11:00:00,Annual,Production (volume),Manufacture of plastics products,"Calendar adjusted data, not seasonally adjusted data","Index, 2015=100",Netherlands,2014,,,C
ESTAT:STS_INPR_A(1.0),14/03/25 11:00:00,Annual,Production (volume),Manufacture of plastics products,"Calendar adjusted data, not seasonally adjusted data","Index, 2015=100",Netherlands,2015,,,C
ESTAT:STS_INPR_A(1.0),14/03/25 11:00:00,Annual,Production (volume),Manufacture of plastics products,"Calendar adjusted data, not seasonally adjusted data","Index, 2015=100",Netherlands,2016,,,C
ESTAT:STS_INPR_A(1.0),14/03/25 11:00:00,Annual,Production (volume),Manufacture of plastics products,"Calendar adjusted data, not seasonally adjusted data","Index, 2015=100",Netherlands,2017,,,C
ESTAT:STS_INPR_A(1.0),14/03/25 11:00:00,Annual,Production (volume),Manufacture of plastics products,"Calendar adjusted data, not seasonally adjusted data","Index, 2015=100",Netherlands,2018,,,C
ESTAT:STS_INPR_A(1.0),14/03/25 11:00:00,Annual,Production (volume),Manufacture of plastics products,"Calendar adjusted data, not seasonally adjusted data","Index, 2015=100",Netherlands,2019,,,C
ESTAT:STS_INPR_A(1.0),14/03/25 11:00:00,Annual,Production (volume),Manufacture of plastics products,"Calendar adjusted data, not seasonally adjusted data","Index, 2015=100",Netherlands,2020,,,C
ESTAT:STS_INPR_A(1.0),14/03/25 11:00:00,Annual,Production (volume),Manufacture of plastics products,"Calendar adjusted data, not seasonally adjusted data","Index, 2015=100",Netherlands,2021,,,C
ESTAT:STS_INPR_A(1.0),14/03/25 11:00:00,Annual,Production (volume),Manufacture of plastics products,"Calendar adjusted data, not seasonally adjusted data","Index, 2015=100",Netherlands,2022,,,C
ESTAT:STS_INPR_A(1.0),14/03/25 11:00:00,Annual,Production (volume),Manufacture of plastics products,"Calendar adjusted data, not seasonally adjusted data","Index, 2015=100",Netherlands,2023,,,C
ESTAT:STS_INPR_A(1.0),14/03/25 11:00:00,Annual,Production (volume),Manufacture of plastics products,"Calendar adjusted data, not seasonally adjusted data","Index, 2015=100",Poland,2010,,,C
ESTAT:STS_INPR_A(1.0),14/03/25 11:00:00,Annual,Production (volume),Manufacture of plastics products,"Calendar adjusted data, not seasonally adjusted data","Index, 2015=100",Poland,2011,,,C
ESTAT:STS_INPR_A(1.0),14/03/25 11:00:00,Annual,Production (volume),Manufacture of plastics products,"Calendar adjusted data, not seasonally adjusted data","Index, 2015=100",Poland,2012,,,C
ESTAT:STS_INPR_A(1.0),14/03/25 11:00:00,Annual,Production (volume),Manufacture of plastics products,"Calendar adjusted data, not seasonally adjusted data","Index, 2015=100",Poland,2013,,,C
ESTAT:STS_INPR_A(1.0),14/03/25 11:00:00,Annual,Production (volume),Manufacture of plastics products,"Calendar adjusted data, not seasonally adjusted data","Index, 2015=100",Poland,2014,,,C
ESTAT:STS_INPR_A(1.0),14/03/25 11:00:00,Annual,Production (volume),Manufacture of plastics products,"Calendar adjusted data, not seasonally adjusted data","Index, 2015=100",Poland,2015,,,C
ESTAT:STS_INPR_A(1.0),14/03/25 11:00:00,Annual,Production (volume),Manufacture of plastics products,"Calendar adjusted data, not seasonally adjusted data","Index, 2015=100",Poland,2016,,,C
ESTAT:STS_INPR_A(1.0),14/03/25 11:00:00,Annual,Production (volume),Manufacture of plastics products,"Calendar adjusted data, not seasonally adjusted data","Index, 2015=100",Poland,2017,,,C
ESTAT:STS_INPR_A(1.0),14/03/25 11:00:00,Annual,Production (volume),Manufacture of plastics products,"Calendar adjusted data, not seasonally adjusted data","Index, 2015=100",Poland,2018,,,C
ESTAT:STS_INPR_A(1.0),14/03/25 11:00:00,Annual,Production (volume),Manufacture of plastics products,"Calendar adjusted data, not seasonally adjusted data","Index, 2015=100",Poland,2019,,,C
ESTAT:STS_INPR_A(1.0),14/03/25 11:00:00,Annual,Production (volume),Manufacture of plastics products,"Calendar adjusted data, not seasonally adjusted data","Index, 2015=100",Poland,2020,,,C
ESTAT:STS_INPR_A(1.0),14/03/25 11:00:00,Annual,Production (volume),Manufacture of plastics products,"Calendar adjusted data, not seasonally adjusted data","Index, 2015=100",Poland,2021,,,C
ESTAT:STS_INPR_A(1.0),14/03/25 11:00:00,Annual,Production (volume),Manufacture of plastics products,"Calendar adjusted data, not seasonally adjusted data","Index, 2015=100",Poland,2022,,,C
ESTAT:STS_INPR_A(1.0),14/03/25 11:00:00,Annual,Production (volume),Manufacture of plastics products,"Calendar adjusted data, not seasonally adjusted data","Index, 2015=100",Poland,2023,,,C
ESTAT:STS_INPR_A(1.0),14/03/25 11:00:00,Annual,Production (volume),Manufacture of plastics products,"Calendar adjusted data, not seasonally adjusted data","Index, 2015=100",Portugal,2010,,,C
ESTAT:STS_INPR_A(1.0),14/03/25 11:00:00,Annual,Production (volume),Manufacture of plastics products,"Calendar adjusted data, not seasonally adjusted data","Index, 2015=100",Portugal,2011,,,C
ESTAT:STS_INPR_A(1.0),14/03/25 11:00:00,Annual,Production (volume),Manufacture of plastics products,"Calendar adjusted data, not seasonally adjusted data","Index, 2015=100",Portugal,2012,,,C
ESTAT:STS_INPR_A(1.0),14/03/25 11:00:00,Annual,Production (volume),Manufacture of plastics products,"Calendar adjusted data, not seasonally adjusted data","Index, 2015=100",Portugal,2013,,,C
ESTAT:STS_INPR_A(1.0),14/03/25 11:00:00,Annual,Production (volume),Manufacture of plastics products,"Calendar adjusted data, not seasonally adjusted data","Index, 2015=100",Portugal,2014,,,C
ESTAT:STS_INPR_A(1.0),14/03/25 11:00:00,Annual,Production (volume),Manufacture of plastics products,"Calendar adjusted data, not seasonally adjusted data","Index, 2015=100",Portugal,2015,,,C
ESTAT:STS_INPR_A(1.0),14/03/25 11:00:00,Annual,Production (volume),Manufacture of plastics products,"Calendar adjusted data, not seasonally adjusted data","Index, 2015=100",Portugal,2016,,,C
ESTAT:STS_INPR_A(1.0),14/03/25 11:00:00,Annual,Production (volume),Manufacture of plastics products,"Calendar adjusted data, not seasonally adjusted data","Index, 2015=100",Portugal,2017,,,C
ESTAT:STS_INPR_A(1.0),14/03/25 11:00:00,Annual,Production (volume),Manufacture of plastics products,"Calendar adjusted data, not seasonally adjusted data","Index, 2015=100",Portugal,2018,,,C
ESTAT:STS_INPR_A(1.0),14/03/25 11:00:00,Annual,Production (volume),Manufacture of plastics products,"Calendar adjusted data, not seasonally adjusted data","Index, 2015=100",Portugal,2019,,,C
ESTAT:STS_INPR_A(1.0),14/03/25 11:00:00,Annual,Production (volume),Manufacture of plastics products,"Calendar adjusted data, not seasonally adjusted data","Index, 2015=100",Portugal,2020,,,C
ESTAT:STS_INPR_A(1.0),14/03/25 11:00:00,Annual,Production (volume),Manufacture of plastics products,"Calendar adjusted data, not seasonally adjusted data","Index, 2015=100",Portugal,2021,,,C
ESTAT:STS_INPR_A(1.0),14/03/25 11:00:00,Annual,Production (volume),Manufacture of plastics products,"Calendar adjusted data, not seasonally adjusted data","Index, 2015=100",Portugal,2022,,,C
ESTAT:STS_INPR_A(1.0),14/03/25 11:00:00,Annual,Production (volume),Manufacture of plastics products,"Calendar adjusted data, not seasonally adjusted data","Index, 2015=100",Portugal,2023,,,C
ESTAT:STS_INPR_A(1.0),14/03/25 11:00:00,Annual,Production (volume),Manufacture of plastics products,"Calendar adjusted data, not seasonally adjusted data","Index, 2015=100",Romania,2010,,,C
ESTAT:STS_INPR_A(1.0),14/03/25 11:00:00,Annual,Production (volume),Manufacture of plastics products,"Calendar adjusted data, not seasonally adjusted data","Index, 2015=100",Romania,2011,,,C
ESTAT:STS_INPR_A(1.0),14/03/25 11:00:00,Annual,Production (volume),Manufacture of plastics products,"Calendar adjusted data, not seasonally adjusted data","Index, 2015=100",Romania,2012,,,C
ESTAT:STS_INPR_A(1.0),14/03/25 11:00:00,Annual,Production (volume),Manufacture of plastics products,"Calendar adjusted data, not seasonally adjusted data","Index, 2015=100",Romania,2013,,,C
ESTAT:STS_INPR_A(1.0),14/03/25 11:00:00,Annual,Production (volume),Manufacture of plastics products,"Calendar adjusted data, not seasonally adjusted data","Index, 2015=100",Romania,2014,,,C
ESTAT:STS_INPR_A(1.0),14/03/25 11:00:00,Annual,Production (volume),Manufacture of plastics products,"Calendar adjusted data, not seasonally adjusted data","Index, 2015=100",Romania,2015,,,C
ESTAT:STS_INPR_A(1.0),14/03/25 11:00:00,Annual,Production (volume),Manufacture of plastics products,"Calendar adjusted data, not seasonally adjusted data","Index, 2015=100",Romania,2016,,,C
ESTAT:STS_INPR_A(1.0),14/03/25 11:00:00,Annual,Production (volume),Manufacture of plastics products,"Calendar adjusted data, not seasonally adjusted data","Index, 2015=100",Romania,2017,,,C
ESTAT:STS_INPR_A(1.0),14/03/25 11:00:00,Annual,Production (volume),Manufacture of plastics products,"Calendar adjusted data, not seasonally adjusted data","Index, 2015=100",Romania,2018,,,C
ESTAT:STS_INPR_A(1.0),14/03/25 11:00:00,Annual,Production (volume),Manufacture of plastics products,"Calendar adjusted data, not seasonally adjusted data","Index, 2015=100",Romania,2019,,,C
ESTAT:STS_INPR_A(1.0),14/03/25 11:00:00,Annual,Production (volume),Manufacture of plastics products,"Calendar adjusted data, not seasonally adjusted data","Index, 2015=100",Romania,2020,,,C
ESTAT:STS_INPR_A(1.0),14/03/25 11:00:00,Annual,Production (volume),Manufacture of plastics products,"Calendar adjusted data, not seasonally adjusted data","Index, 2015=100",Romania,2021,,,C
ESTAT:STS_INPR_A(1.0),14/03/25 11:00:00,Annual,Production (volume),Manufacture of plastics products,"Calendar adjusted data, not seasonally adjusted data","Index, 2015=100",Romania,2022,,,C
ESTAT:STS_INPR_A(1.0),14/03/25 11:00:00,Annual,Production (volume),Manufacture of plastics products,"Calendar adjusted data, not seasonally adjusted data","Index, 2015=100",Romania,2023,,,C
ESTAT:STS_INPR_A(1.0),14/03/25 11:00:00,Annual,Production (volume),Manufacture of plastics products,"Calendar adjusted data, not seasonally adjusted data","Index, 2015=100",Sweden,2010,,,C
ESTAT:STS_INPR_A(1.0),14/03/25 11:00:00,Annual,Production (volume),Manufacture of plastics products,"Calendar adjusted data, not seasonally adjusted data","Index, 2015=100",Sweden,2011,,,C
ESTAT:STS_INPR_A(1.0),14/03/25 11:00:00,Annual,Production (volume),Manufacture of plastics products,"Calendar adjusted data, not seasonally adjusted data","Index, 2015=100",Sweden,2012,,,C
ESTAT:STS_INPR_A(1.0),14/03/25 11:00:00,Annual,Production (volume),Manufacture of plastics products,"Calendar adjusted data, not seasonally adjusted data","Index, 2015=100",Sweden,2013,,,C
ESTAT:STS_INPR_A(1.0),14/03/25 11:00:00,Annual,Production (volume),Manufacture of plastics products,"Calendar adjusted data, not seasonally adjusted data","Index, 2015=100",Sweden,2014,,,C
ESTAT:STS_INPR_A(1.0),14/03/25 11:00:00,Annual,Production (volume),Manufacture of plastics products,"Calendar adjusted data, not seasonally adjusted data","Index, 2015=100",Sweden,2015,,,C
ESTAT:STS_INPR_A(1.0),14/03/25 11:00:00,Annual,Production (volume),Manufacture of plastics products,"Calendar adjusted data, not seasonally adjusted data","Index, 2015=100",Sweden,2016,,,C
ESTAT:STS_INPR_A(1.0),14/03/25 11:00:00,Annual,Production (volume),Manufacture of plastics products,"Calendar adjusted data, not seasonally adjusted data","Index, 2015=100",Sweden,2017,,,C
ESTAT:STS_INPR_A(1.0),14/03/25 11:00:00,Annual,Production (volume),Manufacture of plastics products,"Calendar adjusted data, not seasonally adjusted data","Index, 2015=100",Sweden,2018,,,C
ESTAT:STS_INPR_A(1.0),14/03/25 11:00:00,Annual,Production (volume),Manufacture of plastics products,"Calendar adjusted data, not seasonally adjusted data","Index, 2015=100",Sweden,2019,,,C
ESTAT:STS_INPR_A(1.0),14/03/25 11:00:00,Annual,Production (volume),Manufacture of plastics products,"Calendar adjusted data, not seasonally adjusted data","Index, 2015=100",Sweden,2020,,,C
ESTAT:STS_INPR_A(1.0),14/03/25 11:00:00,Annual,Production (volume),Manufacture of plastics products,"Calendar adjusted data, not seasonally adjusted data","Index, 2015=100",Sweden,2021,,,C
ESTAT:STS_INPR_A(1.0),14/03/25 11:00:00,Annual,Production (volume),Manufacture of plastics products,"Calendar adjusted data, not seasonally adjusted data","Index, 2015=100",Türkiye,2010,67.4,,
ESTAT:STS_INPR_A(1.0),14/03/25 11:00:00,Annual,Production (volume),Manufacture of plastics products,"Calendar adjusted data, not seasonally adjusted data","Index, 2015=100",Türkiye,2011,78.5,,
ESTAT:STS_INPR_A(1.0),14/03/25 11:00:00,Annual,Production (volume),Manufacture of plastics products,"Calendar adjusted data, not seasonally adjusted data","Index, 2015=100",Türkiye,2012,83.8,,
ESTAT:STS_INPR_A(1.0),14/03/25 11:00:00,Annual,Production (volume),Manufacture of plastics products,"Calendar adjusted data, not seasonally adjusted data","Index, 2015=100",Türkiye,2013,90.9,,
ESTAT:STS_INPR_A(1.0),14/03/25 11:00:00,Annual,Production (volume),Manufacture of plastics products,"Calendar adjusted data, not seasonally adjusted data","Index, 2015=100",Türkiye,2014,95.8,,
ESTAT:STS_INPR_A(1.0),14/03/25 11:00:00,Annual,Production (volume),Manufacture of plastics products,"Calendar adjusted data, not seasonally adjusted data","Index, 2015=100",Türkiye,2015,100.0,,
ESTAT:STS_INPR_A(1.0),14/03/25 11:00:00,Annual,Production (volume),Manufacture of plastics products,"Calendar adjusted data, not seasonally adjusted data","Index, 2015=100",Türkiye,2016,104.1,,
ESTAT:STS_INPR_A(1.0),14/03/25 11:00:00,Annual,Production (volume),Manufacture of plastics products,"Calendar adjusted data, not seasonally adjusted data","Index, 2015=100",Türkiye,2017,114.2,,
ESTAT:STS_INPR_A(1.0),14/03/25 11:00:00,Annual,Production (volume),Manufacture of plastics products,"Calendar adjusted data, not seasonally adjusted data","Index, 2015=100",Türkiye,2018,112.7,,
ESTAT:STS_INPR_A(1.0),14/03/25 11:00:00,Annual,Production (volume),Manufacture of plastics products,"Calendar adjusted data, not seasonally adjusted data","Index, 2015=100",Türkiye,2019,106.7,,
ESTAT:STS_INPR_A(1.0),14/03/25 11:00:00,Annual,Production (volume),Manufacture of plastics products,"Calendar adjusted data, not seasonally adjusted data","Index, 2015=100",Türkiye,2020,116.6,,
ESTAT:STS_INPR_A(1.0),14/03/25 11:00:00,Annual,Production (volume),Manufacture of plastics products,"Calendar adjusted data, not seasonally adjusted data","Index, 2015=100",Türkiye,2021,137.6,,
ESTAT:STS_INPR_A(1.0),14/03/25 11:00:00,Annual,Production (volume),Manufacture of plastics products,"Calendar adjusted data, not seasonally adjusted data","Index, 2015=100",Türkiye,2022,145.7,,
ESTAT:STS_INPR_A(1.0),14/03/25 11:00:00,Annual,Production (volume),Manufacture of plastics products,"Calendar adjusted data, not seasonally adjusted data","Index, 2015=100",Türkiye,2023,150.7,,
ESTAT:STS_INPR_A(1.0),14/03/25 11:00:00,Annual,Production (volume),Manufacture of plastics products,"Calendar adjusted data, not seasonally adjusted data","Index, 2015=100",United Kingdom,2010,,,C
ESTAT:STS_INPR_A(1.0),14/03/25 11:00:00,Annual,Production (volume),Manufacture of plastics products,"Calendar adjusted data, not seasonally adjusted data","Index, 2015=100",United Kingdom,2011,,,C
ESTAT:STS_INPR_A(1.0),14/03/25 11:00:00,Annual,Production (volume),Manufacture of plastics products,"Calendar adjusted data, not seasonally adjusted data","Index, 2015=100",United Kingdom,2012,,,C
ESTAT:STS_INPR_A(1.0),14/03/25 11:00:00,Annual,Production (volume),Manufacture of plastics products,"Calendar adjusted data, not seasonally adjusted data","Index, 2015=100",United Kingdom,2013,,,C
ESTAT:STS_INPR_A(1.0),14/03/25 11:00:00,Annual,Production (volume),Manufacture of plastics products,"Calendar adjusted data, not seasonally adjusted data","Index, 2015=100",United Kingdom,2014,,,C
ESTAT:STS_INPR_A(1.0),14/03/25 11:00:00,Annual,Production (volume),Manufacture of plastics products,"Calendar adjusted data, not seasonally adjusted data","Index, 2015=100",United Kingdom,2015,,,C
ESTAT:STS_INPR_A(1.0),14/03/25 11:00:00,Annual,Production (volume),Manufacture of plastics products,"Calendar adjusted data, not seasonally adjusted data","Index, 2015=100",United Kingdom,2016,,,C
ESTAT:STS_INPR_A(1.0),14/03/25 11:00:00,Annual,Production (volume),Manufacture of plastics products,"Calendar adjusted data, not seasonally adjusted data","Index, 2015=100",United Kingdom,2017,,,C
ESTAT:STS_INPR_A(1.0),14/03/25 11:00:00,Annual,Production (volume),Manufacture of plastics products,"Calendar adjusted data, not seasonally adjusted data","Index, 2015=100",United Kingdom,2018,,,C
ESTAT:STS_INPR_A(1.0),14/03/25 11:00:00,Annual,Production (volume),Manufacture of plastics products,"Calendar adjusted data, not seasonally adjusted data","Index, 2015=100",United Kingdom,2019,,,C
