DATAFLOW,LAST UPDATE,freq,unit,hazard,nace_r2,waste,geo,TIME_PERIOD,OBS_VALUE,OBS_FLAG,CONF_STATUS
ESTAT:ENV_WASGEN(1.0),30/09/24 23:00:00,Annual,Kilograms per capita,Hazardous and non-hazardous - total,All NACE activities plus households,Total waste,Albania,2022,245,d,
ESTAT:ENV_WASGEN(1.0),30/09/24 23:00:00,Annual,Kilograms per capita,Hazardous and non-hazardous - total,All NACE activities plus households,Total waste,Austria,2004,6488,,
ESTAT:ENV_WASGEN(1.0),30/09/24 23:00:00,Annual,Kilograms per capita,Hazardous and non-hazardous - total,All NACE activities plus households,Total waste,Austria,2006,6565,,
ESTAT:ENV_WASGEN(1.0),30/09/24 23:00:00,Annual,Kilograms per capita,Hazardous and non-hazardous - total,All NACE activities plus households,Total waste,Austria,2008,6767,,
ESTAT:ENV_WASGEN(1.0),30/09/24 23:00:00,Annual,Kilograms per capita,Hazardous and non-hazardous - total,All NACE activities plus households,Total waste,Austria,2010,5596,,
ESTAT:ENV_WASGEN(1.0),30/09/24 23:00:00,Annual,Kilograms per capita,Hazardous and non-hazardous - total,All NACE activities plus households,Total waste,Austria,2012,5699,,
ESTAT:ENV_WASGEN(1.0),30/09/24 23:00:00,Annual,Kilograms per capita,Hazardous and non-hazardous - total,All NACE activities plus households,Total waste,Austria,2014,6537,,
ESTAT:ENV_WASGEN(1.0),30/09/24 23:00:00,Annual,Kilograms per capita,Hazardous and non-hazardous - total,All NACE activities plus households,Total waste,Austria,2016,7008,,
ESTAT:ENV_WASGEN(1.0),30/09/24 23:00:00,Annual,Kilograms per capita,Hazardous and non-hazardous - total,All NACE activities plus households,Total waste,Austria,2018,7428,,
ESTAT:ENV_WASGEN(1.0),30/09/24 23:00:00,Annual,Kilograms per capita,Hazardous and non-hazardous - total,All NACE activities plus households,Total waste,Austria,2020,7728,,
ESTAT:ENV_WASGEN(1.0),30/09/24 23:00:00,Annual,Kilograms per capita,Hazardous and non-hazardous - total,All NACE activities plus households,Total waste,Austria,2022,8079,,
ESTAT:ENV_WASGEN(1.0),30/09/24 23:00:00,Annual,Kilograms per capita,Hazardous and non-hazardous - total,All NACE activities plus households,Total waste,Bosnia and Herzegovina,2012,1161,,
ESTAT:ENV_WASGEN(1.0),30/09/24 23:00:00,Annual,Kilograms per capita,Hazardous and non-hazardous - total,All NACE activities plus households,Total waste,Bosnia and Herzegovina,2014,1447,,
ESTAT:ENV_WASGEN(1.0),30/09/24 23:00:00,Annual,Kilograms per capita,Hazardous and non-hazardous - total,All NACE activities plus households,Total waste,Bosnia and Herzegovina,2016,1744,,
ESTAT:ENV_WASGEN(1.0),30/09/24 23:00:00,Annual,Kilograms per capita,Hazardous and non-hazardous - total,All NACE activities plus households,Total waste,Bosnia and Herzegovina,2018,1930,,
ESTAT:ENV_WASGEN(1.0),30/09/24 23:00:00,Annual,Kilograms per capita,Hazardous and non-hazardous - total,All NACE activities plus households,Total waste,Bosnia and Herzegovina,2022,1797,,
ESTAT:ENV_WASGEN(1.0),30/09/24 23:00:00,Annual,Kilograms per capita,Hazardous and non-hazardous - total,All NACE activities plus households,Total waste,Belgium,2004,5068,,
ESTAT:ENV_WASGEN(1.0),30/09/24 23:00:00,Annual,Kilograms per capita,Hazardous and non-hazardous - total,All NACE activities plus households,Total waste,Belgium,2006,5627,e,
ESTAT:ENV_WASGEN(1.0),30/09/24 23:00:00,Annual,Kilograms per capita,Hazardous and non-hazardous - total,All NACE activities plus households,Total waste,Belgium,2008,4540,,
ESTAT:ENV_WASGEN(1.0),30/09/24 23:00:00,Annual,Kilograms per capita,Hazardous and non-hazardous - total,All NACE activities plus households,Total waste,Belgium,2010,5630,,
ESTAT:ENV_WASGEN(1.0),30/09/24 23:00:00,Annual,Kilograms per capita,Hazardous and non-hazardous - total,All NACE activities plus households,Total waste,Belgium,2012,4847,,
ESTAT:ENV_WASGEN(1.0),30/09/24 23:00:00,Annual,Kilograms per capita,Hazardous and non-hazardous - total,All NACE activities plus households,Total waste,Belgium,2014,5171,,
ESTAT:ENV_WASGEN(1.0),30/09/24 23:00:00,Annual,Kilograms per capita,Hazardous and non-hazardous - total,All NACE activities plus households,Total waste,Belgium,2016,5573,,
ESTAT:ENV_WASGEN(1.0),30/09/24 23:00:00,Annual,Kilograms per capita,Hazardous and non-hazardous - total,All NACE activities plus households,Total waste,Belgium,2018,5967,,
ESTAT:ENV_WASGEN(1.0),30/09/24 23:00:00,Annual,Kilograms per capita,Hazardous and non-hazardous - total,All NACE activities plus households,Total waste,Belgium,2020,5899,,
ESTAT:ENV_WASGEN(1.0),30/09/24 23:00:00,Annual,Kilograms per capita,Hazardous and non-hazardous - total,All NACE activities plus households,Total waste,Belgium,2022,5363,,
ESTAT:ENV_WASGEN(1.0),30/09/24 23:00:00,Annual,Kilograms per capita,Hazardous and non-hazardous - total,All NACE activities plus households,Total waste,Bulgaria,2004,26050,,
ESTAT:ENV_WASGEN(1.0),30/09/24 23:00:00,Annual,Kilograms per capita,Hazardous and non-hazardous - total,All NACE activities plus households,Total waste,Bulgaria,2006,21429,,
ESTAT:ENV_WASGEN(1.0),30/09/24 23:00:00,Annual,Kilograms per capita,Hazardous and non-hazardous - total,All NACE activities plus households,Total waste,Bulgaria,2008,22375,,
ESTAT:ENV_WASGEN(1.0),30/09/24 23:00:00,Annual,Kilograms per capita,Hazardous and non-hazardous - total,All NACE activities plus households,Total waste,Bulgaria,2010,22635,,
ESTAT:ENV_WASGEN(1.0),30/09/24 23:00:00,Annual,Kilograms per capita,Hazardous and non-hazardous - total,All NACE activities plus households,Total waste,Bulgaria,2012,22072,,
ESTAT:ENV_WASGEN(1.0),30/09/24 23:00:00,Annual,Kilograms per capita,Hazardous and non-hazardous - total,All NACE activities plus households,Total waste,Bulgaria,2014,24872,,
ESTAT:ENV_WASGEN(1.0),30/09/24 23:00:00,Annual,Kilograms per capita,Hazardous and non-hazardous - total,All NACE activities plus households,Total waste,Bulgaria,2016,16907,,
ESTAT:ENV_WASGEN(1.0),30/09/24 23:00:00,Annual,Kilograms per capita,Hazardous and non-hazardous - total,All NACE activities plus households,Total waste,Bulgaria,2018,18470,,
ESTAT:ENV_WASGEN(1.0),30/09/24 23:00:00,Annual,Kilograms per capita,Hazardous and non-hazardous - total,All NACE activities plus households,Total waste,Bulgaria,2020,16785,,
ESTAT:ENV_WASGEN(1.0),30/09/24 23:00:00,Annual,Kilograms per capita,Hazardous and non-hazardous - total,All NACE activities plus households,Total waste,Bulgaria,2022,14603,,
ESTAT:ENV_WASGEN(1.0),30/09/24 23:00:00,Annual,Kilograms per capita,Hazardous and non-hazardous - total,All NACE activities plus households,Total waste,Cyprus,2004,3079,,
ESTAT:ENV_WASGEN(1.0),30/09/24 23:00:00,Annual,Kilograms per capita,Hazardous and non-hazardous - total,All NACE activities plus households,Total waste,Cyprus,2006,1663,,
ESTAT:ENV_WASGEN(1.0),30/09/24 23:00:00,Annual,Kilograms per capita,Hazardous and non-hazardous - total,All NACE activities plus households,Total waste,Cyprus,2008,2343,,
ESTAT:ENV_WASGEN(1.0),30/09/24 23:00:00,Annual,Kilograms per capita,Hazardous and non-hazardous - total,All NACE activities plus households,Total waste,Cyprus,2010,2861,,
ESTAT:ENV_WASGEN(1.0),30/09/24 23:00:00,Annual,Kilograms per capita,Hazardous and non-hazardous - total,All NACE activities plus households,Total waste,Cyprus,2012,2171,,
ESTAT:ENV_WASGEN(1.0),30/09/24 23:00:00,Annual,Kilograms per capita,Hazardous and non-hazardous - total,All NACE activities plus households,Total waste,Cyprus,2014,2321,,
ESTAT:ENV_WASGEN(1.0),30/09/24 23:00:00,Annual,Kilograms per capita,Hazardous and non-hazardous - total,All NACE activities plus households,Total waste,Cyprus,2016,2897,,
ESTAT:ENV_WASGEN(1.0),30/09/24 23:00:00,Annual,Kilograms per capita,Hazardous and non-hazardous - total,All NACE activities plus households,Total waste,Cyprus,2018,2646,,
ESTAT:ENV_WASGEN(1.0),30/09/24 23:00:00,Annual,Kilograms per capita,Hazardous and non-hazardous - total,All NACE activities plus households,Total waste,Cyprus,2020,2491,,
ESTAT:ENV_WASGEN(1.0),30/09/24 23:00:00,Annual,Kilograms per capita,Hazardous and non-hazardous - total,All NACE activities plus households,Total waste,Cyprus,2022,3294,,
ESTAT:ENV_WASGEN(1.0),30/09/24 23:00:00,Annual,Kilograms per capita,Hazardous and non-hazardous - total,All NACE activities plus households,Total waste,Czechia,2004,2871,,
ESTAT:ENV_WASGEN(1.0),30/09/24 23:00:00,Annual,Kilograms per capita,Hazardous and non-hazardous - total,All NACE activities plus households,Total waste,Czechia,2006,2417,,
ESTAT:ENV_WASGEN(1.0),30/09/24 23:00:00,Annual,Kilograms per capita,Hazardous and non-hazardous - total,All NACE activities plus households,Total waste,Czechia,2008,2448,,
ESTAT:ENV_WASGEN(1.0),30/09/24 23:00:00,Annual,Kilograms per capita,Hazardous and non-hazardous - total,All NACE activities plus households,Total waste,Czechia,2010,2268,,
ESTAT:ENV_WASGEN(1.0),30/09/24 23:00:00,Annual,Kilograms per capita,Hazardous and non-hazardous - total,All NACE activities plus households,Total waste,Czechia,2012,2205,,
ESTAT:ENV_WASGEN(1.0),30/09/24 23:00:00,Annual,Kilograms per capita,Hazardous and non-hazardous - total,All NACE activities plus households,Total waste,Czechia,2014,2223,,
ESTAT:ENV_WASGEN(1.0),30/09/24 23:00:00,Annual,Kilograms per capita,Hazardous and non-hazardous - total,All NACE activities plus households,Total waste,Czechia,2016,2402,,
ESTAT:ENV_WASGEN(1.0),30/09/24 23:00:00,Annual,Kilograms per capita,Hazardous and non-hazardous - total,All NACE activities plus households,Total waste,Czechia,2018,3560,b,
ESTAT:ENV_WASGEN(1.0),30/09/24 23:00:00,Annual,Kilograms per capita,Hazardous and non-hazardous - total,All NACE activities plus households,Total waste,Czechia,2020,3598,,
ESTAT:ENV_WASGEN(1.0),30/09/24 23:00:00,Annual,Kilograms per capita,Hazardous and non-hazardous - total,All NACE activities plus households,Total waste,Czechia,2022,3672,,
ESTAT:ENV_WASGEN(1.0),30/09/24 23:00:00,Annual,Kilograms per capita,Hazardous and non-hazardous - total,All NACE activities plus households,Total waste,Germany,2004,4412,,
ESTAT:ENV_WASGEN(1.0),30/09/24 23:00:00,Annual,Kilograms per capita,Hazardous and non-hazardous - total,All NACE activities plus households,Total waste,Germany,2006,4416,,
ESTAT:ENV_WASGEN(1.0),30/09/24 23:00:00,Annual,Kilograms per capita,Hazardous and non-hazardous - total,All NACE activities plus households,Total waste,Germany,2008,4540,,
ESTAT:ENV_WASGEN(1.0),30/09/24 23:00:00,Annual,Kilograms per capita,Hazardous and non-hazardous - total,All NACE activities plus households,Total waste,Germany,2010,4446,,
ESTAT:ENV_WASGEN(1.0),30/09/24 23:00:00,Annual,Kilograms per capita,Hazardous and non-hazardous - total,All NACE activities plus households,Total waste,Germany,2012,4576,,
ESTAT:ENV_WASGEN(1.0),30/09/24 23:00:00,Annual,Kilograms per capita,Hazardous and non-hazardous - total,All NACE activities plus households,Total waste,Germany,2014,4785,,
ESTAT:ENV_WASGEN(1.0),30/09/24 23:00:00,Annual,Kilograms per capita,Hazardous and non-hazardous - total,All NACE activities plus households,Total waste,Germany,2016,4858,,
ESTAT:ENV_WASGEN(1.0),30/09/24 23:00:00,Annual,Kilograms per capita,Hazardous and non-hazardous - total,All NACE activities plus households,Total waste,Germany,2018,4891,,
ESTAT:ENV_WASGEN(1.0),30/09/24 23:00:00,Annual,Kilograms per capita,Hazardous and non-hazardous - total,All NACE activities plus households,Total waste,Germany,2020,4824,,
ESTAT:ENV_WASGEN(1.0),30/09/24 23:00:00,Annual,Kilograms per capita,Hazardous and non-hazardous - total,All NACE activities plus households,Total waste,Germany,2022,4604,,
ESTAT:ENV_WASGEN(1.0),30/09/24 23:00:00,Annual,Kilograms per capita,Hazardous and non-hazardous - total,All NACE activities plus households,Total waste,Denmark,2004,2329,,
ESTAT:ENV_WASGEN(1.0),30/09/24 23:00:00,Annual,Kilograms per capita,Hazardous and non-hazardous - total,All NACE activities plus households,Total waste,Denmark,2006,2704,,
ESTAT:ENV_WASGEN(1.0),30/09/24 23:00:00,Annual,Kilograms per capita,Hazardous and non-hazardous - total,All NACE activities plus households,Total waste,Denmark,2008,2759,,
ESTAT:ENV_WASGEN(1.0),30/09/24 23:00:00,Annual,Kilograms per capita,Hazardous and non-hazardous - total,All NACE activities plus households,Total waste,Denmark,2010,2923,,
ESTAT:ENV_WASGEN(1.0),30/09/24 23:00:00,Annual,Kilograms per capita,Hazardous and non-hazardous - total,All NACE activities plus households,Total waste,Denmark,2012,2989,,
ESTAT:ENV_WASGEN(1.0),30/09/24 23:00:00,Annual,Kilograms per capita,Hazardous and non-hazardous - total,All NACE activities plus households,Total waste,Denmark,2014,3687,,
ESTAT:ENV_WASGEN(1.0),30/09/24 23:00:00,Annual,Kilograms per capita,Hazardous and non-hazardous - total,All NACE activities plus households,Total waste,Denmark,2016,3663,,
ESTAT:ENV_WASGEN(1.0),30/09/24 23:00:00,Annual,Kilograms per capita,Hazardous and non-hazardous - total,All NACE activities plus households,Total waste,Denmark,2018,3702,,
ESTAT:ENV_WASGEN(1.0),30/09/24 23:00:00,Annual,Kilograms per capita,Hazardous and non-hazardous - total,All NACE activities plus households,Total waste,Denmark,2020,3453,,
ESTAT:ENV_WASGEN(1.0),30/09/24 23:00:00,Annual,Kilograms per capita,Hazardous and non-hazardous - total,All NACE activities plus households,Total waste,Denmark,2022,3333,,
ESTAT:ENV_WASGEN(1.0),30/09/24 23:00:00,Annual,Kilograms per capita,Hazardous and non-hazardous - total,All NACE activities plus households,Total waste,Estonia,2004,15310,,
ESTAT:ENV_WASGEN(1.0),30/09/24 23:00:00,Annual,Kilograms per capita,Hazardous and non-hazardous - total,All NACE activities plus households,Total waste,Estonia,2006,14058,,
ESTAT:ENV_WASGEN(1.0),30/09/24 23:00:00,Annual,Kilograms per capita,Hazardous and non-hazardous - total,All NACE activities plus households,Total waste,Estonia,2008,14647,,
ESTAT:ENV_WASGEN(1.0),30/09/24 23:00:00,Annual,Kilograms per capita,Hazardous and non-hazardous - total,All NACE activities plus households,Total waste,Estonia,2010,14270,,
ESTAT:ENV_WASGEN(1.0),30/09/24 23:00:00,Annual,Kilograms per capita,Hazardous and non-hazardous - total,All NACE activities plus households,Total waste,Estonia,2012,16627,,
ESTAT:ENV_WASGEN(1.0),30/09/24 23:00:00,Annual,Kilograms per capita,Hazardous and non-hazardous - total,All NACE activities plus households,Total waste,Estonia,2014,16587,,
ESTAT:ENV_WASGEN(1.0),30/09/24 23:00:00,Annual,Kilograms per capita,Hazardous and non-hazardous - total,All NACE activities plus households,Total waste,Estonia,2016,18451,,
ESTAT:ENV_WASGEN(1.0),30/09/24 23:00:00,Annual,Kilograms per capita,Hazardous and non-hazardous - total,All NACE activities plus households,Total waste,Estonia,2018,17539,,
ESTAT:ENV_WASGEN(1.0),30/09/24 23:00:00,Annual,Kilograms per capita,Hazardous and non-hazardous - total,All NACE activities plus households,Total waste,Estonia,2020,12163,,
ESTAT:ENV_WASGEN(1.0),30/09/24 23:00:00,Annual,Kilograms per capita,Hazardous and non-hazardous - total,All NACE activities plus households,Total waste,Estonia,2022,16752,,
ESTAT:ENV_WASGEN(1.0),30/09/24 23:00:00,Annual,Kilograms per capita,Hazardous and non-hazardous - total,All NACE activities plus households,Total waste,Greece,2004,3044,,
ESTAT:ENV_WASGEN(1.0),30/09/24 23:00:00,Annual,Kilograms per capita,Hazardous and non-hazardous - total,All NACE activities plus households,Total waste,Greece,2006,4657,,
ESTAT:ENV_WASGEN(1.0),30/09/24 23:00:00,Annual,Kilograms per capita,Hazardous and non-hazardous - total,All NACE activities plus households,Total waste,Greece,2008,6197,,
ESTAT:ENV_WASGEN(1.0),30/09/24 23:00:00,Annual,Kilograms per capita,Hazardous and non-hazardous - total,All NACE activities plus households,Total waste,Greece,2010,6333,,
ESTAT:ENV_WASGEN(1.0),30/09/24 23:00:00,Annual,Kilograms per capita,Hazardous and non-hazardous - total,All NACE activities plus households,Total waste,Greece,2012,6549,,
ESTAT:ENV_WASGEN(1.0),30/09/24 23:00:00,Annual,Kilograms per capita,Hazardous and non-hazardous - total,All NACE activities plus households,Total waste,Greece,2014,6404,,
ESTAT:ENV_WASGEN(1.0),30/09/24 23:00:00,Annual,Kilograms per capita,Hazardous and non-hazardous - total,All NACE activities plus households,Total waste,Greece,2016,6712,,
ESTAT:ENV_WASGEN(1.0),30/09/24 23:00:00,Annual,Kilograms per capita,Hazardous and non-hazardous - total,All NACE activities plus households,Total waste,Greece,2018,4215,,
ESTAT:ENV_WASGEN(1.0),30/09/24 23:00:00,Annual,Kilograms per capita,Hazardous and non-hazardous - total,All NACE activities plus households,Total waste,Greece,2020,2651,,
ESTAT:ENV_WASGEN(1.0),30/09/24 23:00:00,Annual,Kilograms per capita,Hazardous and non-hazardous - total,All NACE activities plus households,Total waste,Greece,2022,2858,p,
ESTAT:ENV_WASGEN(1.0),30/09/24 23:00:00,Annual,Kilograms per capita,Hazardous and non-hazardous - total,All NACE activities plus households,Total waste,Spain,2004,3743,,
ESTAT:ENV_WASGEN(1.0),30/09/24 23:00:00,Annual,Kilograms per capita,Hazardous and non-hazardous - total,All NACE activities plus households,Total waste,Spain,2006,3625,,
ESTAT:ENV_WASGEN(1.0),30/09/24 23:00:00,Annual,Kilograms per capita,Hazardous and non-hazardous - total,All NACE activities plus households,Total waste,Spain,2008,3248,,
ESTAT:ENV_WASGEN(1.0),30/09/24 23:00:00,Annual,Kilograms per capita,Hazardous and non-hazardous - total,All NACE activities plus households,Total waste,Spain,2010,2953,,
ESTAT:ENV_WASGEN(1.0),30/09/24 23:00:00,Annual,Kilograms per capita,Hazardous and non-hazardous - total,All NACE activities plus households,Total waste,Spain,2012,2535,,
ESTAT:ENV_WASGEN(1.0),30/09/24 23:00:00,Annual,Kilograms per capita,Hazardous and non-hazardous - total,All NACE activities plus households,Total waste,Spain,2014,2378,,
ESTAT:ENV_WASGEN(1.0),30/09/24 23:00:00,Annual,Kilograms per capita,Hazardous and non-hazardous - total,All NACE activities plus households,Total waste,Spain,2016,2774,,
ESTAT:ENV_WASGEN(1.0),30/09/24 23:00:00,Annual,Kilograms per capita,Hazardous and non-hazardous - total,All NACE activities plus households,Total waste,Spain,2018,2945,,
ESTAT:ENV_WASGEN(1.0),30/09/24 23:00:00,Annual,Kilograms per capita,Hazardous and non-hazardous - total,All NACE activities plus households,Total waste,Spain,2020,2230,,
ESTAT:ENV_WASGEN(1.0),30/09/24 23:00:00,Annual,Kilograms per capita,Hazardous and non-hazardous - total,All NACE activities plus households,Total waste,Spain,2022,2480,,
ESTAT:ENV_WASGEN(1.0),30/09/24 23:00:00,Annual,Kilograms per capita,Hazardous and non-hazardous - total,All NACE activities plus households,Total waste,European Union - 27 countries (from 2020),2004,5186,,
ESTAT:ENV_WASGEN(1.0),30/09/24 23:00:00,Annual,Kilograms per capita,Hazardous and non-hazardous - total,All NACE activities plus households,Total waste,European Union - 27 countries (from 2020),2006,5214,,
ESTAT:ENV_WASGEN(1.0),30/09/24 23:00:00,Annual,Kilograms per capita,Hazardous and non-hazardous - total,All NACE activities plus households,Total waste,European Union - 27 countries (from 2020),2008,4881,,
ESTAT:ENV_WASGEN(1.0),30/09/24 23:00:00,Annual,Kilograms per capita,Hazardous and non-hazardous - total,All NACE activities plus households,Total waste,European Union - 27 countries (from 2020),2010,5017,,
ESTAT:ENV_WASGEN(1.0),30/09/24 23:00:00,Annual,Kilograms per capita,Hazardous and non-hazardous - total,All NACE activities plus households,Total waste,European Union - 27 countries (from 2020),2012,5086,,
ESTAT:ENV_WASGEN(1.0),30/09/24 23:00:00,Annual,Kilograms per capita,Hazardous and non-hazardous - total,All NACE activities plus households,Total waste,European Union - 27 countries (from 2020),2014,5062,,
ESTAT:ENV_WASGEN(1.0),30/09/24 23:00:00,Annual,Kilograms per capita,Hazardous and non-hazardous - total,All NACE activities plus households,Total waste,European Union - 27 countries (from 2020),2016,5074,,
ESTAT:ENV_WASGEN(1.0),30/09/24 23:00:00,Annual,Kilograms per capita,Hazardous and non-hazardous - total,All NACE activities plus households,Total waste,European Union - 27 countries (from 2020),2018,5235,,
ESTAT:ENV_WASGEN(1.0),30/09/24 23:00:00,Annual,Kilograms per capita,Hazardous and non-hazardous - total,All NACE activities plus households,Total waste,European Union - 27 countries (from 2020),2020,4817,,
ESTAT:ENV_WASGEN(1.0),30/09/24 23:00:00,Annual,Kilograms per capita,Hazardous and non-hazardous - total,All NACE activities plus households,Total waste,European Union - 27 countries (from 2020),2022,4991,,
ESTAT:ENV_WASGEN(1.0),30/09/24 23:00:00,Annual,Kilograms per capita,Hazardous and non-hazardous - total,All NACE activities plus households,Total waste,European Union - 28 countries (2013-2020),2004,5161,,
ESTAT:ENV_WASGEN(1.0),30/09/24 23:00:00,Annual,Kilograms per capita,Hazardous and non-hazardous - total,All NACE activities plus households,Total waste,European Union - 28 countries (2013-2020),2006,5162,,
ESTAT:ENV_WASGEN(1.0),30/09/24 23:00:00,Annual,Kilograms per capita,Hazardous and non-hazardous - total,All NACE activities plus households,Total waste,European Union - 28 countries (2013-2020),2008,4842,,
ESTAT:ENV_WASGEN(1.0),30/09/24 23:00:00,Annual,Kilograms per capita,Hazardous and non-hazardous - total,All NACE activities plus households,Total waste,European Union - 28 countries (2013-2020),2010,4872,,
ESTAT:ENV_WASGEN(1.0),30/09/24 23:00:00,Annual,Kilograms per capita,Hazardous and non-hazardous - total,All NACE activities plus households,Total waste,European Union - 28 countries (2013-2020),2012,4922,,
ESTAT:ENV_WASGEN(1.0),30/09/24 23:00:00,Annual,Kilograms per capita,Hazardous and non-hazardous - total,All NACE activities plus households,Total waste,European Union - 28 countries (2013-2020),2014,4936,,
ESTAT:ENV_WASGEN(1.0),30/09/24 23:00:00,Annual,Kilograms per capita,Hazardous and non-hazardous - total,All NACE activities plus households,Total waste,European Union - 28 countries (2013-2020),2016,4955,,
ESTAT:ENV_WASGEN(1.0),30/09/24 23:00:00,Annual,Kilograms per capita,Hazardous and non-hazardous - total,All NACE activities plus households,Total waste,European Union - 28 countries (2013-2020),2018,5107,,
ESTAT:ENV_WASGEN(1.0),30/09/24 23:00:00,Annual,Kilograms per capita,Hazardous and non-hazardous - total,All NACE activities plus households,Total waste,Finland,2004,13333,,
ESTAT:ENV_WASGEN(1.0),30/09/24 23:00:00,Annual,Kilograms per capita,Hazardous and non-hazardous - total,All NACE activities plus households,Total waste,Finland,2006,13711,,
ESTAT:ENV_WASGEN(1.0),30/09/24 23:00:00,Annual,Kilograms per capita,Hazardous and non-hazardous - total,All NACE activities plus households,Total waste,Finland,2008,15394,,
ESTAT:ENV_WASGEN(1.0),30/09/24 23:00:00,Annual,Kilograms per capita,Hazardous and non-hazardous - total,All NACE activities plus households,Total waste,Finland,2010,19454,,
ESTAT:ENV_WASGEN(1.0),30/09/24 23:00:00,Annual,Kilograms per capita,Hazardous and non-hazardous - total,All NACE activities plus households,Total waste,Finland,2012,16961,,
ESTAT:ENV_WASGEN(1.0),30/09/24 23:00:00,Annual,Kilograms per capita,Hazardous and non-hazardous - total,All NACE activities plus households,Total waste,Finland,2014,17572,,
ESTAT:ENV_WASGEN(1.0),30/09/24 23:00:00,Annual,Kilograms per capita,Hazardous and non-hazardous - total,All NACE activities plus households,Total waste,Finland,2016,22359,,
ESTAT:ENV_WASGEN(1.0),30/09/24 23:00:00,Annual,Kilograms per capita,Hazardous and non-hazardous - total,All NACE activities plus households,Total waste,Finland,2018,23253,,
ESTAT:ENV_WASGEN(1.0),30/09/24 23:00:00,Annual,Kilograms per capita,Hazardous and non-hazardous - total,All NACE activities plus households,Total waste,Finland,2020,20993,,
ESTAT:ENV_WASGEN(1.0),30/09/24 23:00:00,Annual,Kilograms per capita,Hazardous and non-hazardous - total,All NACE activities plus households,Total waste,Finland,2022,19950,,
ESTAT:ENV_WASGEN(1.0),30/09/24 23:00:00,Annual,Kilograms per capita,Hazardous and non-hazardous - total,All NACE activities plus households,Total waste,France,2004,4743,i,
ESTAT:ENV_WASGEN(1.0),30/09/24 23:00:00,Annual,Kilograms per capita,Hazardous and non-hazardous - total,All NACE activities plus households,Total waste,France,2006,4923,i,
ESTAT:ENV_WASGEN(1.0),30/09/24 23:00:00,Annual,Kilograms per capita,Hazardous and non-hazardous - total,All NACE activities plus households,Total waste,France,2008,5376,,
ESTAT:ENV_WASGEN(1.0),30/09/24 23:00:00,Annual,Kilograms per capita,Hazardous and non-hazardous - total,All NACE activities plus households,Total waste,France,2010,5478,,
ESTAT:ENV_WASGEN(1.0),30/09/24 23:00:00,Annual,Kilograms per capita,Hazardous and non-hazardous - total,All NACE activities plus households,Total waste,France,2012,5264,,
ESTAT:ENV_WASGEN(1.0),30/09/24 23:00:00,Annual,Kilograms per capita,Hazardous and non-hazardous - total,All NACE activities plus households,Total waste,France,2014,4893,,
ESTAT:ENV_WASGEN(1.0),30/09/24 23:00:00,Annual,Kilograms per capita,Hazardous and non-hazardous - total,All NACE activities plus households,Total waste,France,2016,4836,,
ESTAT:ENV_WASGEN(1.0),30/09/24 23:00:00,Annual,Kilograms per capita,Hazardous and non-hazardous - total,All NACE activities plus households,Total waste,France,2018,5112,,
ESTAT:ENV_WASGEN(1.0),30/09/24 23:00:00,Annual,Kilograms per capita,Hazardous and non-hazardous - total,All NACE activities plus households,Total waste,France,2020,4577,,
ESTAT:ENV_WASGEN(1.0),30/09/24 23:00:00,Annual,Kilograms per capita,Hazardous and non-hazardous - total,All NACE activities plus households,Total waste,France,2022,5076,,
ESTAT:ENV_WASGEN(1.0),30/09/24 23:00:00,Annual,Kilograms per capita,Hazardous and non-hazardous - total,All NACE activities plus households,Total waste,Croatia,2004,1673,,
ESTAT:ENV_WASGEN(1.0),30/09/24 23:00:00,Annual,Kilograms per capita,Hazardous and non-hazardous - total,All NACE activities plus households,Total waste,Croatia,2006,1258,,
ESTAT:ENV_WASGEN(1.0),30/09/24 23:00:00,Annual,Kilograms per capita,Hazardous and non-hazardous - total,All NACE activities plus households,Total waste,Croatia,2008,968,,
ESTAT:ENV_WASGEN(1.0),30/09/24 23:00:00,Annual,Kilograms per capita,Hazardous and non-hazardous - total,All NACE activities plus households,Total waste,Croatia,2010,735,,
ESTAT:ENV_WASGEN(1.0),30/09/24 23:00:00,Annual,Kilograms per capita,Hazardous and non-hazardous - total,All NACE activities plus households,Total waste,Croatia,2012,846,,
ESTAT:ENV_WASGEN(1.0),30/09/24 23:00:00,Annual,Kilograms per capita,Hazardous and non-hazardous - total,All NACE activities plus households,Total waste,Croatia,2014,879,,
ESTAT:ENV_WASGEN(1.0),30/09/24 23:00:00,Annual,Kilograms per capita,Hazardous and non-hazardous - total,All NACE activities plus households,Total waste,Croatia,2016,1286,,
ESTAT:ENV_WASGEN(1.0),30/09/24 23:00:00,Annual,Kilograms per capita,Hazardous and non-hazardous - total,All NACE activities plus households,Total waste,Croatia,2018,1355,,
ESTAT:ENV_WASGEN(1.0),30/09/24 23:00:00,Annual,Kilograms per capita,Hazardous and non-hazardous - total,All NACE activities plus households,Total waste,Croatia,2020,1483,,
ESTAT:ENV_WASGEN(1.0),30/09/24 23:00:00,Annual,Kilograms per capita,Hazardous and non-hazardous - total,All NACE activities plus households,Total waste,Croatia,2022,1838,,
ESTAT:ENV_WASGEN(1.0),30/09/24 23:00:00,Annual,Kilograms per capita,Hazardous and non-hazardous - total,All NACE activities plus households,Total waste,Hungary,2004,2440,e,
ESTAT:ENV_WASGEN(1.0),30/09/24 23:00:00,Annual,Kilograms per capita,Hazardous and non-hazardous - total,All NACE activities plus households,Total waste,Hungary,2006,2213,e,
ESTAT:ENV_WASGEN(1.0),30/09/24 23:00:00,Annual,Kilograms per capita,Hazardous and non-hazardous - total,All NACE activities plus households,Total waste,Hungary,2008,1688,e,
ESTAT:ENV_WASGEN(1.0),30/09/24 23:00:00,Annual,Kilograms per capita,Hazardous and non-hazardous - total,All NACE activities plus households,Total waste,Hungary,2010,1674,,
ESTAT:ENV_WASGEN(1.0),30/09/24 23:00:00,Annual,Kilograms per capita,Hazardous and non-hazardous - total,All NACE activities plus households,Total waste,Hungary,2012,1644,,
ESTAT:ENV_WASGEN(1.0),30/09/24 23:00:00,Annual,Kilograms per capita,Hazardous and non-hazardous - total,All NACE activities plus households,Total waste,Hungary,2014,1688,,
ESTAT:ENV_WASGEN(1.0),30/09/24 23:00:00,Annual,Kilograms per capita,Hazardous and non-hazardous - total,All NACE activities plus households,Total waste,Hungary,2016,1624,,
ESTAT:ENV_WASGEN(1.0),30/09/24 23:00:00,Annual,Kilograms per capita,Hazardous and non-hazardous - total,All NACE activities plus households,Total waste,Hungary,2018,1879,,
ESTAT:ENV_WASGEN(1.0),30/09/24 23:00:00,Annual,Kilograms per capita,Hazardous and non-hazardous - total,All NACE activities plus households,Total waste,Hungary,2020,1759,,
ESTAT:ENV_WASGEN(1.0),30/09/24 23:00:00,Annual,Kilograms per capita,Hazardous and non-hazardous - total,All NACE activities plus households,Total waste,Hungary,2022,2838,,
ESTAT:ENV_WASGEN(1.0),30/09/24 23:00:00,Annual,Kilograms per capita,Hazardous and non-hazardous - total,All NACE activities plus households,Total waste,Ireland,2004,6019,,
ESTAT:ENV_WASGEN(1.0),30/09/24 23:00:00,Annual,Kilograms per capita,Hazardous and non-hazardous - total,All NACE activities plus households,Total waste,Ireland,2006,6926,e,
ESTAT:ENV_WASGEN(1.0),30/09/24 23:00:00,Annual,Kilograms per capita,Hazardous and non-hazardous - total,All NACE activities plus households,Total waste,Ireland,2008,5288,,
ESTAT:ENV_WASGEN(1.0),30/09/24 23:00:00,Annual,Kilograms per capita,Hazardous and non-hazardous - total,All NACE activities plus households,Total waste,Ireland,2010,4344,,
ESTAT:ENV_WASGEN(1.0),30/09/24 23:00:00,Annual,Kilograms per capita,Hazardous and non-hazardous - total,All NACE activities plus households,Total waste,Ireland,2012,2764,,
ESTAT:ENV_WASGEN(1.0),30/09/24 23:00:00,Annual,Kilograms per capita,Hazardous and non-hazardous - total,All NACE activities plus households,Total waste,Ireland,2014,3256,,
ESTAT:ENV_WASGEN(1.0),30/09/24 23:00:00,Annual,Kilograms per capita,Hazardous and non-hazardous - total,All NACE activities plus households,Total waste,Ireland,2016,3207,,
ESTAT:ENV_WASGEN(1.0),30/09/24 23:00:00,Annual,Kilograms per capita,Hazardous and non-hazardous - total,All NACE activities plus households,Total waste,Ireland,2018,2874,,
ESTAT:ENV_WASGEN(1.0),30/09/24 23:00:00,Annual,Kilograms per capita,Hazardous and non-hazardous - total,All NACE activities plus households,Total waste,Ireland,2020,3248,,
ESTAT:ENV_WASGEN(1.0),30/09/24 23:00:00,Annual,Kilograms per capita,Hazardous and non-hazardous - total,All NACE activities plus households,Total waste,Ireland,2022,2971,,
ESTAT:ENV_WASGEN(1.0),30/09/24 23:00:00,Annual,Kilograms per capita,Hazardous and non-hazardous - total,All NACE activities plus households,Total waste,Iceland,2004,1717,,
ESTAT:ENV_WASGEN(1.0),30/09/24 23:00:00,Annual,Kilograms per capita,Hazardous and non-hazardous - total,All NACE activities plus households,Total waste,Iceland,2008,2434,,
ESTAT:ENV_WASGEN(1.0),30/09/24 23:00:00,Annual,Kilograms per capita,Hazardous and non-hazardous - total,All NACE activities plus households,Total waste,Iceland,2010,1607,,
ESTAT:ENV_WASGEN(1.0),30/09/24 23:00:00,Annual,Kilograms per capita,Hazardous and non-hazardous - total,All NACE activities plus households,Total waste,Iceland,2012,1651,,
ESTAT:ENV_WASGEN(1.0),30/09/24 23:00:00,Annual,Kilograms per capita,Hazardous and non-hazardous - total,All NACE activities plus households,Total waste,Iceland,2014,2490,,
ESTAT:ENV_WASGEN(1.0),30/09/24 23:00:00,Annual,Kilograms per capita,Hazardous and non-hazardous - total,All NACE activities plus households,Total waste,Iceland,2016,3182,,
ESTAT:ENV_WASGEN(1.0),30/09/24 23:00:00,Annual,Kilograms per capita,Hazardous and non-hazardous - total,All NACE activities plus households,Total waste,Iceland,2018,3667,,
ESTAT:ENV_WASGEN(1.0),30/09/24 23:00:00,Annual,Kilograms per capita,Hazardous and non-hazardous - total,All NACE activities plus households,Total waste,Iceland,2020,2895,,
ESTAT:ENV_WASGEN(1.0),30/09/24 23:00:00,Annual,Kilograms per capita,Hazardous and non-hazardous - total,All NACE activities plus households,Total waste,Italy,2004,2424,,
ESTAT:ENV_WASGEN(1.0),30/09/24 23:00:00,Annual,Kilograms per capita,Hazardous and non-hazardous - total,All NACE activities plus households,Total waste,Italy,2006,2666,,
ESTAT:ENV_WASGEN(1.0),30/09/24 23:00:00,Annual,Kilograms per capita,Hazardous and non-hazardous - total,All NACE activities plus households,Total waste,Italy,2008,3047,,
ESTAT:ENV_WASGEN(1.0),30/09/24 23:00:00,Annual,Kilograms per capita,Hazardous and non-hazardous - total,All NACE activities plus households,Total waste,Italy,2010,2676,,
ESTAT:ENV_WASGEN(1.0),30/09/24 23:00:00,Annual,Kilograms per capita,Hazardous and non-hazardous - total,All NACE activities plus households,Total waste,Italy,2012,2594,,
ESTAT:ENV_WASGEN(1.0),30/09/24 23:00:00,Annual,Kilograms per capita,Hazardous and non-hazardous - total,All NACE activities plus households,Total waste,Italy,2014,2597,,
ESTAT:ENV_WASGEN(1.0),30/09/24 23:00:00,Annual,Kilograms per capita,Hazardous and non-hazardous - total,All NACE activities plus households,Total waste,Italy,2016,2702,,
ESTAT:ENV_WASGEN(1.0),30/09/24 23:00:00,Annual,Kilograms per capita,Hazardous and non-hazardous - total,All NACE activities plus households,Total waste,Italy,2018,2855,,
ESTAT:ENV_WASGEN(1.0),30/09/24 23:00:00,Annual,Kilograms per capita,Hazardous and non-hazardous - total,All NACE activities plus households,Total waste,Italy,2020,2942,,
ESTAT:ENV_WASGEN(1.0),30/09/24 23:00:00,Annual,Kilograms per capita,Hazardous and non-hazardous - total,All NACE activities plus households,Total waste,Italy,2022,3212,,
ESTAT:ENV_WASGEN(1.0),30/09/24 23:00:00,Annual,Kilograms per capita,Hazardous and non-hazardous - total,All NACE activities plus households,Total waste,Liechtenstein,2008,10806,,
ESTAT:ENV_WASGEN(1.0),30/09/24 23:00:00,Annual,Kilograms per capita,Hazardous and non-hazardous - total,All NACE activities plus households,Total waste,Liechtenstein,2010,8666,,
ESTAT:ENV_WASGEN(1.0),30/09/24 23:00:00,Annual,Kilograms per capita,Hazardous and non-hazardous - total,All NACE activities plus households,Total waste,Liechtenstein,2012,12727,,
ESTAT:ENV_WASGEN(1.0),30/09/24 23:00:00,Annual,Kilograms per capita,Hazardous and non-hazardous - total,All NACE activities plus households,Total waste,Liechtenstein,2014,15278,,
ESTAT:ENV_WASGEN(1.0),30/09/24 23:00:00,Annual,Kilograms per capita,Hazardous and non-hazardous - total,All NACE activities plus households,Total waste,Liechtenstein,2016,13325,,
ESTAT:ENV_WASGEN(1.0),30/09/24 23:00:00,Annual,Kilograms per capita,Hazardous and non-hazardous - total,All NACE activities plus households,Total waste,Liechtenstein,2018,11448,,
ESTAT:ENV_WASGEN(1.0),30/09/24 23:00:00,Annual,Kilograms per capita,Hazardous and non-hazardous - total,All NACE activities plus households,Total waste,Liechtenstein,2020,13951,,
ESTAT:ENV_WASGEN(1.0),30/09/24 23:00:00,Annual,Kilograms per capita,Hazardous and non-hazardous - total,All NACE activities plus households,Total waste,Liechtenstein,2022,11088,,
ESTAT:ENV_WASGEN(1.0),30/09/24 23:00:00,Annual,Kilograms per capita,Hazardous and non-hazardous - total,All NACE activities plus households,Total waste,Lithuania,2004,2076,,
ESTAT:ENV_WASGEN(1.0),30/09/24 23:00:00,Annual,Kilograms per capita,Hazardous and non-hazardous - total,All NACE activities plus households,Total waste,Lithuania,2006,1945,,
ESTAT:ENV_WASGEN(1.0),30/09/24 23:00:00,Annual,Kilograms per capita,Hazardous and non-hazardous - total,All NACE activities plus households,Total waste,Lithuania,2008,1980,,
ESTAT:ENV_WASGEN(1.0),30/09/24 23:00:00,Annual,Kilograms per capita,Hazardous and non-hazardous - total,All NACE activities plus households,Total waste,Lithuania,2010,1801,,
ESTAT:ENV_WASGEN(1.0),30/09/24 23:00:00,Annual,Kilograms per capita,Hazardous and non-hazardous - total,All NACE activities plus households,Total waste,Lithuania,2012,1901,,
ESTAT:ENV_WASGEN(1.0),30/09/24 23:00:00,Annual,Kilograms per capita,Hazardous and non-hazardous - total,All NACE activities plus households,Total waste,Lithuania,2014,2114,,
ESTAT:ENV_WASGEN(1.0),30/09/24 23:00:00,Annual,Kilograms per capita,Hazardous and non-hazardous - total,All NACE activities plus households,Total waste,Lithuania,2016,2327,,
ESTAT:ENV_WASGEN(1.0),30/09/24 23:00:00,Annual,Kilograms per capita,Hazardous and non-hazardous - total,All NACE activities plus households,Total waste,Lithuania,2018,2527,,
ESTAT:ENV_WASGEN(1.0),30/09/24 23:00:00,Annual,Kilograms per capita,Hazardous and non-hazardous - total,All NACE activities plus households,Total waste,Lithuania,2020,2396,,
ESTAT:ENV_WASGEN(1.0),30/09/24 23:00:00,Annual,Kilograms per capita,Hazardous and non-hazardous - total,All NACE activities plus households,Total waste,Lithuania,2022,2003,,
ESTAT:ENV_WASGEN(1.0),30/09/24 23:00:00,Annual,Kilograms per capita,Hazardous and non-hazardous - total,All NACE activities plus households,Total waste,Luxembourg,2004,18153,,
ESTAT:ENV_WASGEN(1.0),30/09/24 23:00:00,Annual,Kilograms per capita,Hazardous and non-hazardous - total,All NACE activities plus households,Total waste,Luxembourg,2006,17728,,
ESTAT:ENV_WASGEN(1.0),30/09/24 23:00:00,Annual,Kilograms per capita,Hazardous and non-hazardous - total,All NACE activities plus households,Total waste,Luxembourg,2008,19630,,
ESTAT:ENV_WASGEN(1.0),30/09/24 23:00:00,Annual,Kilograms per capita,Hazardous and non-hazardous - total,All NACE activities plus households,Total waste,Luxembourg,2010,20597,,
ESTAT:ENV_WASGEN(1.0),30/09/24 23:00:00,Annual,Kilograms per capita,Hazardous and non-hazardous - total,All NACE activities plus households,Total waste,Luxembourg,2012,15816,,
ESTAT:ENV_WASGEN(1.0),30/09/24 23:00:00,Annual,Kilograms per capita,Hazardous and non-hazardous - total,All NACE activities plus households,Total waste,Luxembourg,2014,12713,,
ESTAT:ENV_WASGEN(1.0),30/09/24 23:00:00,Annual,Kilograms per capita,Hazardous and non-hazardous - total,All NACE activities plus households,Total waste,Luxembourg,2016,17217,,
ESTAT:ENV_WASGEN(1.0),30/09/24 23:00:00,Annual,Kilograms per capita,Hazardous and non-hazardous - total,All NACE activities plus households,Total waste,Luxembourg,2018,14828,,
ESTAT:ENV_WASGEN(1.0),30/09/24 23:00:00,Annual,Kilograms per capita,Hazardous and non-hazardous - total,All NACE activities plus households,Total waste,Luxembourg,2020,14618,,
ESTAT:ENV_WASGEN(1.0),30/09/24 23:00:00,Annual,Kilograms per capita,Hazardous and non-hazardous - total,All NACE activities plus households,Total waste,Luxembourg,2022,15169,,
ESTAT:ENV_WASGEN(1.0),30/09/24 23:00:00,Annual,Kilograms per capita,Hazardous and non-hazardous - total,All NACE activities plus households,Total waste,Latvia,2004,556,,
ESTAT:ENV_WASGEN(1.0),30/09/24 23:00:00,Annual,Kilograms per capita,Hazardous and non-hazardous - total,All NACE activities plus households,Total waste,Latvia,2006,838,,
ESTAT:ENV_WASGEN(1.0),30/09/24 23:00:00,Annual,Kilograms per capita,Hazardous and non-hazardous - total,All NACE activities plus households,Total waste,Latvia,2008,687,,
ESTAT:ENV_WASGEN(1.0),30/09/24 23:00:00,Annual,Kilograms per capita,Hazardous and non-hazardous - total,All NACE activities plus households,Total waste,Latvia,2010,714,,
ESTAT:ENV_WASGEN(1.0),30/09/24 23:00:00,Annual,Kilograms per capita,Hazardous and non-hazardous - total,All NACE activities plus households,Total waste,Latvia,2012,1135,,
ESTAT:ENV_WASGEN(1.0),30/09/24 23:00:00,Annual,Kilograms per capita,Hazardous and non-hazardous - total,All NACE activities plus households,Total waste,Latvia,2014,1315,,
ESTAT:ENV_WASGEN(1.0),30/09/24 23:00:00,Annual,Kilograms per capita,Hazardous and non-hazardous - total,All NACE activities plus households,Total waste,Latvia,2016,975,,
ESTAT:ENV_WASGEN(1.0),30/09/24 23:00:00,Annual,Kilograms per capita,Hazardous and non-hazardous - total,All NACE activities plus households,Total waste,Latvia,2018,920,,
ESTAT:ENV_WASGEN(1.0),30/09/24 23:00:00,Annual,Kilograms per capita,Hazardous and non-hazardous - total,All NACE activities plus households,Total waste,Latvia,2020,1501,,
ESTAT:ENV_WASGEN(1.0),30/09/24 23:00:00,Annual,Kilograms per capita,Hazardous and non-hazardous - total,All NACE activities plus households,Total waste,Latvia,2022,1330,,
ESTAT:ENV_WASGEN(1.0),30/09/24 23:00:00,Annual,Kilograms per capita,Hazardous and non-hazardous - total,All NACE activities plus households,Total waste,Montenegro,2012,1634,,
ESTAT:ENV_WASGEN(1.0),30/09/24 23:00:00,Annual,Kilograms per capita,Hazardous and non-hazardous - total,All NACE activities plus households,Total waste,Montenegro,2014,1757,,
ESTAT:ENV_WASGEN(1.0),30/09/24 23:00:00,Annual,Kilograms per capita,Hazardous and non-hazardous - total,All NACE activities plus households,Total waste,Montenegro,2016,1820,,
ESTAT:ENV_WASGEN(1.0),30/09/24 23:00:00,Annual,Kilograms per capita,Hazardous and non-hazardous - total,All NACE activities plus households,Total waste,Montenegro,2018,1965,,
ESTAT:ENV_WASGEN(1.0),30/09/24 23:00:00,Annual,Kilograms per capita,Hazardous and non-hazardous - total,All NACE activities plus households,Total waste,Montenegro,2020,2007,,
ESTAT:ENV_WASGEN(1.0),30/09/24 23:00:00,Annual,Kilograms per capita,Hazardous and non-hazardous - total,All NACE activities plus households,Total waste,Montenegro,2022,2050,,
ESTAT:ENV_WASGEN(1.0),30/09/24 23:00:00,Annual,Kilograms per capita,Hazardous and non-hazardous - total,All NACE activities plus households,Total waste,North Macedonia,2008,666,,
ESTAT:ENV_WASGEN(1.0),30/09/24 23:00:00,Annual,Kilograms per capita,Hazardous and non-hazardous - total,All NACE activities plus households,Total waste,North Macedonia,2010,1133,,
ESTAT:ENV_WASGEN(1.0),30/09/24 23:00:00,Annual,Kilograms per capita,Hazardous and non-hazardous - total,All NACE activities plus households,Total waste,North Macedonia,2012,4111,,
ESTAT:ENV_WASGEN(1.0),30/09/24 23:00:00,Annual,Kilograms per capita,Hazardous and non-hazardous - total,All NACE activities plus households,Total waste,North Macedonia,2014,1058,,
ESTAT:ENV_WASGEN(1.0),30/09/24 23:00:00,Annual,Kilograms per capita,Hazardous and non-hazardous - total,All NACE activities plus households,Total waste,North Macedonia,2016,688,,
ESTAT:ENV_WASGEN(1.0),30/09/24 23:00:00,Annual,Kilograms per capita,Hazardous and non-hazardous - total,All NACE activities plus households,Total waste,North Macedonia,2018,549,,
ESTAT:ENV_WASGEN(1.0),30/09/24 23:00:00,Annual,Kilograms per capita,Hazardous and non-hazardous - total,All NACE activities plus households,Total waste,North Macedonia,2020,716,,
ESTAT:ENV_WASGEN(1.0),30/09/24 23:00:00,Annual,Kilograms per capita,Hazardous and non-hazardous - total,All NACE activities plus households,Total waste,North Macedonia,2022,1038,,
ESTAT:ENV_WASGEN(1.0),30/09/24 23:00:00,Annual,Kilograms per capita,Hazardous and non-hazardous - total,All NACE activities plus households,Total waste,Malta,2004,7840,e,
ESTAT:ENV_WASGEN(1.0),30/09/24 23:00:00,Annual,Kilograms per capita,Hazardous and non-hazardous - total,All NACE activities plus households,Total waste,Malta,2006,7060,e,
ESTAT:ENV_WASGEN(1.0),30/09/24 23:00:00,Annual,Kilograms per capita,Hazardous and non-hazardous - total,All NACE activities plus households,Total waste,Malta,2008,5057,e,
ESTAT:ENV_WASGEN(1.0),30/09/24 23:00:00,Annual,Kilograms per capita,Hazardous and non-hazardous - total,All NACE activities plus households,Total waste,Malta,2010,3245,,
ESTAT:ENV_WASGEN(1.0),30/09/24 23:00:00,Annual,Kilograms per capita,Hazardous and non-hazardous - total,All NACE activities plus households,Total waste,Malta,2012,3636,,
ESTAT:ENV_WASGEN(1.0),30/09/24 23:00:00,Annual,Kilograms per capita,Hazardous and non-hazardous - total,All NACE activities plus households,Total waste,Malta,2014,3960,,
ESTAT:ENV_WASGEN(1.0),30/09/24 23:00:00,Annual,Kilograms per capita,Hazardous and non-hazardous - total,All NACE activities plus households,Total waste,Malta,2016,4379,,
ESTAT:ENV_WASGEN(1.0),30/09/24 23:00:00,Annual,Kilograms per capita,Hazardous and non-hazardous - total,All NACE activities plus households,Total waste,Malta,2018,5336,,
ESTAT:ENV_WASGEN(1.0),30/09/24 23:00:00,Annual,Kilograms per capita,Hazardous and non-hazardous - total,All NACE activities plus households,Total waste,Malta,2020,6938,,
ESTAT:ENV_WASGEN(1.0),30/09/24 23:00:00,Annual,Kilograms per capita,Hazardous and non-hazardous - total,All NACE activities plus households,Total waste,Malta,2022,5004,,
ESTAT:ENV_WASGEN(1.0),30/09/24 23:00:00,Annual,Kilograms per capita,Hazardous and non-hazardous - total,All NACE activities plus households,Total waste,Netherlands,2004,5678,,
ESTAT:ENV_WASGEN(1.0),30/09/24 23:00:00,Annual,Kilograms per capita,Hazardous and non-hazardous - total,All NACE activities plus households,Total waste,Netherlands,2006,6067,,
ESTAT:ENV_WASGEN(1.0),30/09/24 23:00:00,Annual,Kilograms per capita,Hazardous and non-hazardous - total,All NACE activities plus households,Total waste,Netherlands,2008,6242,,
ESTAT:ENV_WASGEN(1.0),30/09/24 23:00:00,Annual,Kilograms per capita,Hazardous and non-hazardous - total,All NACE activities plus households,Total waste,Netherlands,2010,7291,,
ESTAT:ENV_WASGEN(1.0),30/09/24 23:00:00,Annual,Kilograms per capita,Hazardous and non-hazardous - total,All NACE activities plus households,Total waste,Netherlands,2012,7233,,
ESTAT:ENV_WASGEN(1.0),30/09/24 23:00:00,Annual,Kilograms per capita,Hazardous and non-hazardous - total,All NACE activities plus households,Total waste,Netherlands,2014,7848,,
ESTAT:ENV_WASGEN(1.0),30/09/24 23:00:00,Annual,Kilograms per capita,Hazardous and non-hazardous - total,All NACE activities plus households,Total waste,Netherlands,2016,8281,,
ESTAT:ENV_WASGEN(1.0),30/09/24 23:00:00,Annual,Kilograms per capita,Hazardous and non-hazardous - total,All NACE activities plus households,Total waste,Netherlands,2018,8429,,
ESTAT:ENV_WASGEN(1.0),30/09/24 23:00:00,Annual,Kilograms per capita,Hazardous and non-hazardous - total,All NACE activities plus households,Total waste,Netherlands,2020,7175,,
ESTAT:ENV_WASGEN(1.0),30/09/24 23:00:00,Annual,Kilograms per capita,Hazardous and non-hazardous - total,All NACE activities plus households,Total waste,Netherlands,2022,6921,,
ESTAT:ENV_WASGEN(1.0),30/09/24 23:00:00,Annual,Kilograms per capita,Hazardous and non-hazardous - total,All NACE activities plus households,Total waste,Norway,2004,1623,,
ESTAT:ENV_WASGEN(1.0),30/09/24 23:00:00,Annual,Kilograms per capita,Hazardous and non-hazardous - total,All NACE activities plus households,Total waste,Norway,2006,2127,,
ESTAT:ENV_WASGEN(1.0),30/09/24 23:00:00,Annual,Kilograms per capita,Hazardous and non-hazardous - total,All NACE activities plus households,Total waste,Norway,2008,2157,,
ESTAT:ENV_WASGEN(1.0),30/09/24 23:00:00,Annual,Kilograms per capita,Hazardous and non-hazardous - total,All NACE activities plus households,Total waste,Norway,2010,1929,,
ESTAT:ENV_WASGEN(1.0),30/09/24 23:00:00,Annual,Kilograms per capita,Hazardous and non-hazardous - total,All NACE activities plus households,Total waste,Norway,2012,2136,,
ESTAT:ENV_WASGEN(1.0),30/09/24 23:00:00,Annual,Kilograms per capita,Hazardous and non-hazardous - total,All NACE activities plus households,Total waste,Norway,2014,2066,,
ESTAT:ENV_WASGEN(1.0),30/09/24 23:00:00,Annual,Kilograms per capita,Hazardous and non-hazardous - total,All NACE activities plus households,Total waste,Norway,2016,2127,,
ESTAT:ENV_WASGEN(1.0),30/09/24 23:00:00,Annual,Kilograms per capita,Hazardous and non-hazardous - total,All NACE activities plus households,Total waste,Norway,2018,2662,,
ESTAT:ENV_WASGEN(1.0),30/09/24 23:00:00,Annual,Kilograms per capita,Hazardous and non-hazardous - total,All NACE activities plus households,Total waste,Norway,2020,2610,,
ESTAT:ENV_WASGEN(1.0),30/09/24 23:00:00,Annual,Kilograms per capita,Hazardous and non-hazardous - total,All NACE activities plus households,Total waste,Norway,2022,2573,,
ESTAT:ENV_WASGEN(1.0),30/09/24 23:00:00,Annual,Kilograms per capita,Hazardous and non-hazardous - total,All NACE activities plus households,Total waste,Poland,2004,3601,,
ESTAT:ENV_WASGEN(1.0),30/09/24 23:00:00,Annual,Kilograms per capita,Hazardous and non-hazardous - total,All NACE activities plus households,Total waste,Poland,2006,4028,,
ESTAT:ENV_WASGEN(1.0),30/09/24 23:00:00,Annual,Kilograms per capita,Hazardous and non-hazardous - total,All NACE activities plus households,Total waste,Poland,2008,3645,,
ESTAT:ENV_WASGEN(1.0),30/09/24 23:00:00,Annual,Kilograms per capita,Hazardous and non-hazardous - total,All NACE activities plus households,Total waste,Poland,2010,4171,,
ESTAT:ENV_WASGEN(1.0),30/09/24 23:00:00,Annual,Kilograms per capita,Hazardous and non-hazardous - total,All NACE activities plus households,Total waste,Poland,2012,4266,,
ESTAT:ENV_WASGEN(1.0),30/09/24 23:00:00,Annual,Kilograms per capita,Hazardous and non-hazardous - total,All NACE activities plus households,Total waste,Poland,2014,4714,,
ESTAT:ENV_WASGEN(1.0),30/09/24 23:00:00,Annual,Kilograms per capita,Hazardous and non-hazardous - total,All NACE activities plus households,Total waste,Poland,2016,4793,,
ESTAT:ENV_WASGEN(1.0),30/09/24 23:00:00,Annual,Kilograms per capita,Hazardous and non-hazardous - total,All NACE activities plus households,Total waste,Poland,2018,4621,,
ESTAT:ENV_WASGEN(1.0),30/09/24 23:00:00,Annual,Kilograms per capita,Hazardous and non-hazardous - total,All NACE activities plus households,Total waste,Poland,2020,4492,,
ESTAT:ENV_WASGEN(1.0),30/09/24 23:00:00,Annual,Kilograms per capita,Hazardous and non-hazardous - total,All NACE activities plus households,Total waste,Poland,2022,4739,,
ESTAT:ENV_WASGEN(1.0),30/09/24 23:00:00,Annual,Kilograms per capita,Hazardous and non-hazardous - total,All NACE activities plus households,Total waste,Portugal,2004,2796,e,
ESTAT:ENV_WASGEN(1.0),30/09/24 23:00:00,Annual,Kilograms per capita,Hazardous and non-hazardous - total,All NACE activities plus households,Total waste,Portugal,2006,3322,e,
ESTAT:ENV_WASGEN(1.0),30/09/24 23:00:00,Annual,Kilograms per capita,Hazardous and non-hazardous - total,All NACE activities plus households,Total waste,Portugal,2008,1599,,
ESTAT:ENV_WASGEN(1.0),30/09/24 23:00:00,Annual,Kilograms per capita,Hazardous and non-hazardous - total,All NACE activities plus households,Total waste,Portugal,2010,1290,,
ESTAT:ENV_WASGEN(1.0),30/09/24 23:00:00,Annual,Kilograms per capita,Hazardous and non-hazardous - total,All NACE activities plus households,Total waste,Portugal,2012,1271,,
ESTAT:ENV_WASGEN(1.0),30/09/24 23:00:00,Annual,Kilograms per capita,Hazardous and non-hazardous - total,All NACE activities plus households,Total waste,Portugal,2014,1381,,
ESTAT:ENV_WASGEN(1.0),30/09/24 23:00:00,Annual,Kilograms per capita,Hazardous and non-hazardous - total,All NACE activities plus households,Total waste,Portugal,2016,1427,,
ESTAT:ENV_WASGEN(1.0),30/09/24 23:00:00,Annual,Kilograms per capita,Hazardous and non-hazardous - total,All NACE activities plus households,Total waste,Portugal,2018,1546,b,
ESTAT:ENV_WASGEN(1.0),30/09/24 23:00:00,Annual,Kilograms per capita,Hazardous and non-hazardous - total,All NACE activities plus households,Total waste,Portugal,2020,1612,,
ESTAT:ENV_WASGEN(1.0),30/09/24 23:00:00,Annual,Kilograms per capita,Hazardous and non-hazardous - total,All NACE activities plus households,Total waste,Portugal,2022,1878,,
ESTAT:ENV_WASGEN(1.0),30/09/24 23:00:00,Annual,Kilograms per capita,Hazardous and non-hazardous - total,All NACE activities plus households,Total waste,Romania,2004,17215,i,
ESTAT:ENV_WASGEN(1.0),30/09/24 23:00:00,Annual,Kilograms per capita,Hazardous and non-hazardous - total,All NACE activities plus households,Total waste,Romania,2006,16248,,
ESTAT:ENV_WASGEN(1.0),30/09/24 23:00:00,Annual,Kilograms per capita,Hazardous and non-hazardous - total,All NACE activities plus households,Total waste,Romania,2008,9209,,
ESTAT:ENV_WASGEN(1.0),30/09/24 23:00:00,Annual,Kilograms per capita,Hazardous and non-hazardous - total,All NACE activities plus households,Total waste,Romania,2010,9949,,
ESTAT:ENV_WASGEN(1.0),30/09/24 23:00:00,Annual,Kilograms per capita,Hazardous and non-hazardous - total,All NACE activities plus households,Total waste,Romania,2012,12432,,
ESTAT:ENV_WASGEN(1.0),30/09/24 23:00:00,Annual,Kilograms per capita,Hazardous and non-hazardous - total,All NACE activities plus households,Total waste,Romania,2014,8871,,
ESTAT:ENV_WASGEN(1.0),30/09/24 23:00:00,Annual,Kilograms per capita,Hazardous and non-hazardous - total,All NACE activities plus households,Total waste,Romania,2016,9012,,
ESTAT:ENV_WASGEN(1.0),30/09/24 23:00:00,Annual,Kilograms per capita,Hazardous and non-hazardous - total,All NACE activities plus households,Total waste,Romania,2018,10425,,
ESTAT:ENV_WASGEN(1.0),30/09/24 23:00:00,Annual,Kilograms per capita,Hazardous and non-hazardous - total,All NACE activities plus households,Total waste,Romania,2020,7344,,
ESTAT:ENV_WASGEN(1.0),30/09/24 23:00:00,Annual,Kilograms per capita,Hazardous and non-hazardous - total,All NACE activities plus households,Total waste,Romania,2022,8410,,
ESTAT:ENV_WASGEN(1.0),30/09/24 23:00:00,Annual,Kilograms per capita,Hazardous and non-hazardous - total,All NACE activities plus households,Total waste,Serbia,2010,4610,,
ESTAT:ENV_WASGEN(1.0),30/09/24 23:00:00,Annual,Kilograms per capita,Hazardous and non-hazardous - total,All NACE activities plus households,Total waste,Serbia,2012,7640,,
ESTAT:ENV_WASGEN(1.0),30/09/24 23:00:00,Annual,Kilograms per capita,Hazardous and non-hazardous - total,All NACE activities plus households,Total waste,Serbia,2014,6890,b,
ESTAT:ENV_WASGEN(1.0),30/09/24 23:00:00,Annual,Kilograms per capita,Hazardous and non-hazardous - total,All NACE activities plus households,Total waste,Serbia,2016,6937,,
ESTAT:ENV_WASGEN(1.0),30/09/24 23:00:00,Annual,Kilograms per capita,Hazardous and non-hazardous - total,All NACE activities plus households,Total waste,Serbia,2018,7319,,
ESTAT:ENV_WASGEN(1.0),30/09/24 23:00:00,Annual,Kilograms per capita,Hazardous and non-hazardous - total,All NACE activities plus households,Total waste,Serbia,2020,8499,,
ESTAT:ENV_WASGEN(1.0),30/09/24 23:00:00,Annual,Kilograms per capita,Hazardous and non-hazardous - total,All NACE activities plus households,Total waste,Serbia,2022,26325,,
ESTAT:ENV_WASGEN(1.0),30/09/24 23:00:00,Annual,Kilograms per capita,Hazardous and non-hazardous - total,All NACE activities plus households,Total waste,Sweden,2004,10203,,
ESTAT:ENV_WASGEN(1.0),30/09/24 23:00:00,Annual,Kilograms per capita,Hazardous and non-hazardous - total,All NACE activities plus households,Total waste,Sweden,2006,10459,,
ESTAT:ENV_WASGEN(1.0),30/09/24 23:00:00,Annual,Kilograms per capita,Hazardous and non-hazardous - total,All NACE activities plus households,Total waste,Sweden,2008,9346,,
ESTAT:ENV_WASGEN(1.0),30/09/24 23:00:00,Annual,Kilograms per capita,Hazardous and non-hazardous - total,All NACE activities plus households,Total waste,Sweden,2010,12545,,
ESTAT:ENV_WASGEN(1.0),30/09/24 23:00:00,Annual,Kilograms per capita,Hazardous and non-hazardous - total,All NACE activities plus households,Total waste,Sweden,2012,16420,,
ESTAT:ENV_WASGEN(1.0),30/09/24 23:00:00,Annual,Kilograms per capita,Hazardous and non-hazardous - total,All NACE activities plus households,Total waste,Sweden,2014,17226,,
ESTAT:ENV_WASGEN(1.0),30/09/24 23:00:00,Annual,Kilograms per capita,Hazardous and non-hazardous - total,All NACE activities plus households,Total waste,Sweden,2016,14272,,
ESTAT:ENV_WASGEN(1.0),30/09/24 23:00:00,Annual,Kilograms per capita,Hazardous and non-hazardous - total,All NACE activities plus households,Total waste,Sweden,2018,13628,,
ESTAT:ENV_WASGEN(1.0),30/09/24 23:00:00,Annual,Kilograms per capita,Hazardous and non-hazardous - total,All NACE activities plus households,Total waste,Sweden,2020,14664,,
ESTAT:ENV_WASGEN(1.0),30/09/24 23:00:00,Annual,Kilograms per capita,Hazardous and non-hazardous - total,All NACE activities plus households,Total waste,Sweden,2022,15627,,
ESTAT:ENV_WASGEN(1.0),30/09/24 23:00:00,Annual,Kilograms per capita,Hazardous and non-hazardous - total,All NACE activities plus households,Total waste,Slovenia,2004,2890,,
ESTAT:ENV_WASGEN(1.0),30/09/24 23:00:00,Annual,Kilograms per capita,Hazardous and non-hazardous - total,All NACE activities plus households,Total waste,Slovenia,2006,3008,,
ESTAT:ENV_WASGEN(1.0),30/09/24 23:00:00,Annual,Kilograms per capita,Hazardous and non-hazardous - total,All NACE activities plus households,Total waste,Slovenia,2008,2493,,
ESTAT:ENV_WASGEN(1.0),30/09/24 23:00:00,Annual,Kilograms per capita,Hazardous and non-hazardous - total,All NACE activities plus households,Total waste,Slovenia,2010,2922,,
ESTAT:ENV_WASGEN(1.0),30/09/24 23:00:00,Annual,Kilograms per capita,Hazardous and non-hazardous - total,All NACE activities plus households,Total waste,Slovenia,2012,2210,,
ESTAT:ENV_WASGEN(1.0),30/09/24 23:00:00,Annual,Kilograms per capita,Hazardous and non-hazardous - total,All NACE activities plus households,Total waste,Slovenia,2014,2273,,
ESTAT:ENV_WASGEN(1.0),30/09/24 23:00:00,Annual,Kilograms per capita,Hazardous and non-hazardous - total,All NACE activities plus households,Total waste,Slovenia,2016,2661,,
ESTAT:ENV_WASGEN(1.0),30/09/24 23:00:00,Annual,Kilograms per capita,Hazardous and non-hazardous - total,All NACE activities plus households,Total waste,Slovenia,2018,3964,,
ESTAT:ENV_WASGEN(1.0),30/09/24 23:00:00,Annual,Kilograms per capita,Hazardous and non-hazardous - total,All NACE activities plus households,Total waste,Slovenia,2020,3576,,
ESTAT:ENV_WASGEN(1.0),30/09/24 23:00:00,Annual,Kilograms per capita,Hazardous and non-hazardous - total,All NACE activities plus households,Total waste,Slovenia,2022,5397,,
ESTAT:ENV_WASGEN(1.0),30/09/24 23:00:00,Annual,Kilograms per capita,Hazardous and non-hazardous - total,All NACE activities plus households,Total waste,Slovakia,2004,1986,,
ESTAT:ENV_WASGEN(1.0),30/09/24 23:00:00,Annual,Kilograms per capita,Hazardous and non-hazardous - total,All NACE activities plus households,Total waste,Slovakia,2006,2699,,
ESTAT:ENV_WASGEN(1.0),30/09/24 23:00:00,Annual,Kilograms per capita,Hazardous and non-hazardous - total,All NACE activities plus households,Total waste,Slovakia,2008,2133,,
ESTAT:ENV_WASGEN(1.0),30/09/24 23:00:00,Annual,Kilograms per capita,Hazardous and non-hazardous - total,All NACE activities plus households,Total waste,Slovakia,2010,1741,,
ESTAT:ENV_WASGEN(1.0),30/09/24 23:00:00,Annual,Kilograms per capita,Hazardous and non-hazardous - total,All NACE activities plus households,Total waste,Slovakia,2012,1558,,
ESTAT:ENV_WASGEN(1.0),30/09/24 23:00:00,Annual,Kilograms per capita,Hazardous and non-hazardous - total,All NACE activities plus households,Total waste,Slovakia,2014,1636,,
ESTAT:ENV_WASGEN(1.0),30/09/24 23:00:00,Annual,Kilograms per capita,Hazardous and non-hazardous - total,All NACE activities plus households,Total waste,Slovakia,2016,1953,,
ESTAT:ENV_WASGEN(1.0),30/09/24 23:00:00,Annual,Kilograms per capita,Hazardous and non-hazardous - total,All NACE activities plus households,Total waste,Slovakia,2018,2277,,
ESTAT:ENV_WASGEN(1.0),30/09/24 23:00:00,Annual,Kilograms per capita,Hazardous and non-hazardous - total,All NACE activities plus households,Total waste,Slovakia,2020,2338,,
ESTAT:ENV_WASGEN(1.0),30/09/24 23:00:00,Annual,Kilograms per capita,Hazardous and non-hazardous - total,All NACE activities plus households,Total waste,Slovakia,2022,2462,,
ESTAT:ENV_WASGEN(1.0),30/09/24 23:00:00,Annual,Kilograms per capita,Hazardous and non-hazardous - total,All NACE activities plus households,Total waste,Trkiye,2004,870,,
ESTAT:ENV_WASGEN(1.0),30/09/24 23:00:00,Annual,Kilograms per capita,Hazardous and non-hazardous - total,All NACE activities plus households,Total waste,Trkiye,2006,665,,
ESTAT:ENV_WASGEN(1.0),30/09/24 23:00:00,Annual,Kilograms per capita,Hazardous and non-hazardous - total,All NACE activities plus households,Total waste,Trkiye,2008,912,,
ESTAT:ENV_WASGEN(1.0),30/09/24 23:00:00,Annual,Kilograms per capita,Hazardous and non-hazardous - total,All NACE activities plus households,Total waste,Trkiye,2010,869,,
ESTAT:ENV_WASGEN(1.0),30/09/24 23:00:00,Annual,Kilograms per capita,Hazardous and non-hazardous - total,All NACE activities plus households,Total waste,Trkiye,2012,896,,
ESTAT:ENV_WASGEN(1.0),30/09/24 23:00:00,Annual,Kilograms per capita,Hazardous and non-hazardous - total,All NACE activities plus households,Total waste,Trkiye,2014,947,,
ESTAT:ENV_WASGEN(1.0),30/09/24 23:00:00,Annual,Kilograms per capita,Hazardous and non-hazardous - total,All NACE activities plus households,Total waste,Trkiye,2016,953,,
ESTAT:ENV_WASGEN(1.0),30/09/24 23:00:00,Annual,Kilograms per capita,Hazardous and non-hazardous - total,All NACE activities plus households,Total waste,Trkiye,2018,1195,,
ESTAT:ENV_WASGEN(1.0),30/09/24 23:00:00,Annual,Kilograms per capita,Hazardous and non-hazardous - total,All NACE activities plus households,Total waste,Trkiye,2020,1291,,
ESTAT:ENV_WASGEN(1.0),30/09/24 23:00:00,Annual,Kilograms per capita,Hazardous and non-hazardous - total,All NACE activities plus households,Total waste,Trkiye,2022,1284,,
ESTAT:ENV_WASGEN(1.0),30/09/24 23:00:00,Annual,Kilograms per capita,Hazardous and non-hazardous - total,All NACE activities plus households,Total waste,United Kingdom,2004,4981,,
ESTAT:ENV_WASGEN(1.0),30/09/24 23:00:00,Annual,Kilograms per capita,Hazardous and non-hazardous - total,All NACE activities plus households,Total waste,United Kingdom,2006,4785,,
ESTAT:ENV_WASGEN(1.0),30/09/24 23:00:00,Annual,Kilograms per capita,Hazardous and non-hazardous - total,All NACE activities plus households,Total waste,United Kingdom,2008,4566,,
ESTAT:ENV_WASGEN(1.0),30/09/24 23:00:00,Annual,Kilograms per capita,Hazardous and non-hazardous - total,All NACE activities plus households,Total waste,United Kingdom,2010,3853,,
ESTAT:ENV_WASGEN(1.0),30/09/24 23:00:00,Annual,Kilograms per capita,Hazardous and non-hazardous - total,All NACE activities plus households,Total waste,United Kingdom,2012,3791,,
ESTAT:ENV_WASGEN(1.0),30/09/24 23:00:00,Annual,Kilograms per capita,Hazardous and non-hazardous - total,All NACE activities plus households,Total waste,United Kingdom,2014,4071,,
ESTAT:ENV_WASGEN(1.0),30/09/24 23:00:00,Annual,Kilograms per capita,Hazardous and non-hazardous - total,All NACE activities plus households,Total waste,United Kingdom,2016,4147,,
ESTAT:ENV_WASGEN(1.0),30/09/24 23:00:00,Annual,Kilograms per capita,Hazardous and non-hazardous - total,All NACE activities plus households,Total waste,United Kingdom,2018,4249,,
ESTAT:ENV_WASGEN(1.0),30/09/24 23:00:00,Annual,Kilograms per capita,Hazardous and non-hazardous - total,All NACE activities plus households,Total waste,Kosovo*,2012,649,,
ESTAT:ENV_WASGEN(1.0),30/09/24 23:00:00,Annual,Kilograms per capita,Hazardous and non-hazardous - total,All NACE activities plus households,Total waste,Kosovo*,2014,574,,
ESTAT:ENV_WASGEN(1.0),30/09/24 23:00:00,Annual,Kilograms per capita,Hazardous and non-hazardous - total,All NACE activities plus households,Total waste,Kosovo*,2016,1607,,
ESTAT:ENV_WASGEN(1.0),30/09/24 23:00:00,Annual,Kilograms per capita,Hazardous and non-hazardous - total,All NACE activities plus households,Total waste,Kosovo*,2018,1648,,
ESTAT:ENV_WASGEN(1.0),30/09/24 23:00:00,Annual,Kilograms per capita,Hazardous and non-hazardous - total,All NACE activities plus households,Total waste,Kosovo*,2020,1448,,
