DATAFLOW,LAST UPDATE,freq,tax,unit,nace_r2,geo,TIME_PERIOD,OBS_VALUE,OBS_FLAG,CONF_STATUS
ESTAT:ENV_AC_TAXIND2(1.0),15/07/24 23:00:00,Annual,Total environmental taxes,Million euro,Manufacture of rubber and plastic products,Austria,2010,12.35,b,
ESTAT:ENV_AC_TAXIND2(1.0),15/07/24 23:00:00,Annual,Total environmental taxes,Million euro,Manufacture of rubber and plastic products,Austria,2011,13.4,,
ESTAT:ENV_AC_TAXIND2(1.0),15/07/24 23:00:00,Annual,Total environmental taxes,Million euro,Manufacture of rubber and plastic products,Austria,2012,13.28,,
ESTAT:ENV_AC_TAXIND2(1.0),15/07/24 23:00:00,Annual,Total environmental taxes,Million euro,Manufacture of rubber and plastic products,Austria,2013,12.94,,
ESTAT:ENV_AC_TAXIND2(1.0),15/07/24 23:00:00,Annual,Total environmental taxes,Million euro,Manufacture of rubber and plastic products,Austria,2014,13.23,,
ESTAT:ENV_AC_TAXIND2(1.0),15/07/24 23:00:00,Annual,Total environmental taxes,Million euro,Manufacture of rubber and plastic products,Austria,2015,14.19,,
ESTAT:ENV_AC_TAXIND2(1.0),15/07/24 23:00:00,Annual,Total environmental taxes,Million euro,Manufacture of rubber and plastic products,Austria,2016,13.3,,
ESTAT:ENV_AC_TAXIND2(1.0),15/07/24 23:00:00,Annual,Total environmental taxes,Million euro,Manufacture of rubber and plastic products,Austria,2017,14.02,,
ESTAT:ENV_AC_TAXIND2(1.0),15/07/24 23:00:00,Annual,Total environmental taxes,Million euro,Manufacture of rubber and plastic products,Austria,2018,14.94,,
ESTAT:ENV_AC_TAXIND2(1.0),15/07/24 23:00:00,Annual,Total environmental taxes,Million euro,Manufacture of rubber and plastic products,Austria,2019,13.45,,
ESTAT:ENV_AC_TAXIND2(1.0),15/07/24 23:00:00,Annual,Total environmental taxes,Million euro,Manufacture of rubber and plastic products,Austria,2020,12.16,,
ESTAT:ENV_AC_TAXIND2(1.0),15/07/24 23:00:00,Annual,Total environmental taxes,Million euro,Manufacture of rubber and plastic products,Austria,2021,14.38,,
ESTAT:ENV_AC_TAXIND2(1.0),15/07/24 23:00:00,Annual,Total environmental taxes,Million euro,Manufacture of rubber and plastic products,Austria,2022,11.22,,
ESTAT:ENV_AC_TAXIND2(1.0),15/07/24 23:00:00,Annual,Total environmental taxes,Million euro,Manufacture of rubber and plastic products,Belgium,2010,10.43,,
ESTAT:ENV_AC_TAXIND2(1.0),15/07/24 23:00:00,Annual,Total environmental taxes,Million euro,Manufacture of rubber and plastic products,Belgium,2011,12.94,,
ESTAT:ENV_AC_TAXIND2(1.0),15/07/24 23:00:00,Annual,Total environmental taxes,Million euro,Manufacture of rubber and plastic products,Belgium,2012,13.28,,
ESTAT:ENV_AC_TAXIND2(1.0),15/07/24 23:00:00,Annual,Total environmental taxes,Million euro,Manufacture of rubber and plastic products,Belgium,2013,13.21,,
ESTAT:ENV_AC_TAXIND2(1.0),15/07/24 23:00:00,Annual,Total environmental taxes,Million euro,Manufacture of rubber and plastic products,Belgium,2014,14.16,,
ESTAT:ENV_AC_TAXIND2(1.0),15/07/24 23:00:00,Annual,Total environmental taxes,Million euro,Manufacture of rubber and plastic products,Belgium,2015,25.02,,
ESTAT:ENV_AC_TAXIND2(1.0),15/07/24 23:00:00,Annual,Total environmental taxes,Million euro,Manufacture of rubber and plastic products,Belgium,2016,32.61,,
ESTAT:ENV_AC_TAXIND2(1.0),15/07/24 23:00:00,Annual,Total environmental taxes,Million euro,Manufacture of rubber and plastic products,Belgium,2017,37.35,,
ESTAT:ENV_AC_TAXIND2(1.0),15/07/24 23:00:00,Annual,Total environmental taxes,Million euro,Manufacture of rubber and plastic products,Belgium,2018,36.77,,
ESTAT:ENV_AC_TAXIND2(1.0),15/07/24 23:00:00,Annual,Total environmental taxes,Million euro,Manufacture of rubber and plastic products,Belgium,2019,36.59,,
ESTAT:ENV_AC_TAXIND2(1.0),15/07/24 23:00:00,Annual,Total environmental taxes,Million euro,Manufacture of rubber and plastic products,Belgium,2020,35.96,,
ESTAT:ENV_AC_TAXIND2(1.0),15/07/24 23:00:00,Annual,Total environmental taxes,Million euro,Manufacture of rubber and plastic products,Belgium,2021,37.97,p,
ESTAT:ENV_AC_TAXIND2(1.0),15/07/24 23:00:00,Annual,Total environmental taxes,Million euro,Manufacture of rubber and plastic products,Belgium,2022,30.15,p,
ESTAT:ENV_AC_TAXIND2(1.0),15/07/24 23:00:00,Annual,Total environmental taxes,Million euro,Manufacture of rubber and plastic products,Bulgaria,2010,2.28,,
ESTAT:ENV_AC_TAXIND2(1.0),15/07/24 23:00:00,Annual,Total environmental taxes,Million euro,Manufacture of rubber and plastic products,Bulgaria,2011,2.64,,
ESTAT:ENV_AC_TAXIND2(1.0),15/07/24 23:00:00,Annual,Total environmental taxes,Million euro,Manufacture of rubber and plastic products,Bulgaria,2012,2.69,,
ESTAT:ENV_AC_TAXIND2(1.0),15/07/24 23:00:00,Annual,Total environmental taxes,Million euro,Manufacture of rubber and plastic products,Bulgaria,2013,3.19,,
ESTAT:ENV_AC_TAXIND2(1.0),15/07/24 23:00:00,Annual,Total environmental taxes,Million euro,Manufacture of rubber and plastic products,Bulgaria,2014,3.07,,
ESTAT:ENV_AC_TAXIND2(1.0),15/07/24 23:00:00,Annual,Total environmental taxes,Million euro,Manufacture of rubber and plastic products,Bulgaria,2015,3.07,,
ESTAT:ENV_AC_TAXIND2(1.0),15/07/24 23:00:00,Annual,Total environmental taxes,Million euro,Manufacture of rubber and plastic products,Bulgaria,2016,3.4,,
ESTAT:ENV_AC_TAXIND2(1.0),15/07/24 23:00:00,Annual,Total environmental taxes,Million euro,Manufacture of rubber and plastic products,Bulgaria,2017,4.05,,
ESTAT:ENV_AC_TAXIND2(1.0),15/07/24 23:00:00,Annual,Total environmental taxes,Million euro,Manufacture of rubber and plastic products,Bulgaria,2018,3.67,,
ESTAT:ENV_AC_TAXIND2(1.0),15/07/24 23:00:00,Annual,Total environmental taxes,Million euro,Manufacture of rubber and plastic products,Bulgaria,2019,3.68,,
ESTAT:ENV_AC_TAXIND2(1.0),15/07/24 23:00:00,Annual,Total environmental taxes,Million euro,Manufacture of rubber and plastic products,Bulgaria,2020,3.85,,
ESTAT:ENV_AC_TAXIND2(1.0),15/07/24 23:00:00,Annual,Total environmental taxes,Million euro,Manufacture of rubber and plastic products,Bulgaria,2021,5.61,,
ESTAT:ENV_AC_TAXIND2(1.0),15/07/24 23:00:00,Annual,Total environmental taxes,Million euro,Manufacture of rubber and plastic products,Bulgaria,2022,3.57,,
ESTAT:ENV_AC_TAXIND2(1.0),15/07/24 23:00:00,Annual,Total environmental taxes,Million euro,Manufacture of rubber and plastic products,Switzerland,2010,15.76,,
ESTAT:ENV_AC_TAXIND2(1.0),15/07/24 23:00:00,Annual,Total environmental taxes,Million euro,Manufacture of rubber and plastic products,Switzerland,2011,16.83,,
ESTAT:ENV_AC_TAXIND2(1.0),15/07/24 23:00:00,Annual,Total environmental taxes,Million euro,Manufacture of rubber and plastic products,Switzerland,2012,16.96,,
ESTAT:ENV_AC_TAXIND2(1.0),15/07/24 23:00:00,Annual,Total environmental taxes,Million euro,Manufacture of rubber and plastic products,Switzerland,2013,16.29,,
ESTAT:ENV_AC_TAXIND2(1.0),15/07/24 23:00:00,Annual,Total environmental taxes,Million euro,Manufacture of rubber and plastic products,Switzerland,2014,16.38,,
ESTAT:ENV_AC_TAXIND2(1.0),15/07/24 23:00:00,Annual,Total environmental taxes,Million euro,Manufacture of rubber and plastic products,Switzerland,2015,21.63,,
ESTAT:ENV_AC_TAXIND2(1.0),15/07/24 23:00:00,Annual,Total environmental taxes,Million euro,Manufacture of rubber and plastic products,Switzerland,2016,22.34,,
ESTAT:ENV_AC_TAXIND2(1.0),15/07/24 23:00:00,Annual,Total environmental taxes,Million euro,Manufacture of rubber and plastic products,Switzerland,2017,21.26,,
ESTAT:ENV_AC_TAXIND2(1.0),15/07/24 23:00:00,Annual,Total environmental taxes,Million euro,Manufacture of rubber and plastic products,Switzerland,2018,23.88,,
ESTAT:ENV_AC_TAXIND2(1.0),15/07/24 23:00:00,Annual,Total environmental taxes,Million euro,Manufacture of rubber and plastic products,Switzerland,2019,24.5,,
ESTAT:ENV_AC_TAXIND2(1.0),15/07/24 23:00:00,Annual,Total environmental taxes,Million euro,Manufacture of rubber and plastic products,Switzerland,2020,23.77,,
ESTAT:ENV_AC_TAXIND2(1.0),15/07/24 23:00:00,Annual,Total environmental taxes,Million euro,Manufacture of rubber and plastic products,Switzerland,2021,23.9,,
ESTAT:ENV_AC_TAXIND2(1.0),15/07/24 23:00:00,Annual,Total environmental taxes,Million euro,Manufacture of rubber and plastic products,Switzerland,2022,25.62,p,
ESTAT:ENV_AC_TAXIND2(1.0),15/07/24 23:00:00,Annual,Total environmental taxes,Million euro,Manufacture of rubber and plastic products,Cyprus,2010,0.67,,
ESTAT:ENV_AC_TAXIND2(1.0),15/07/24 23:00:00,Annual,Total environmental taxes,Million euro,Manufacture of rubber and plastic products,Cyprus,2011,0.69,,
ESTAT:ENV_AC_TAXIND2(1.0),15/07/24 23:00:00,Annual,Total environmental taxes,Million euro,Manufacture of rubber and plastic products,Cyprus,2012,0.71,,
ESTAT:ENV_AC_TAXIND2(1.0),15/07/24 23:00:00,Annual,Total environmental taxes,Million euro,Manufacture of rubber and plastic products,Cyprus,2013,0.54,,
ESTAT:ENV_AC_TAXIND2(1.0),15/07/24 23:00:00,Annual,Total environmental taxes,Million euro,Manufacture of rubber and plastic products,Cyprus,2014,0.53,,
ESTAT:ENV_AC_TAXIND2(1.0),15/07/24 23:00:00,Annual,Total environmental taxes,Million euro,Manufacture of rubber and plastic products,Cyprus,2015,0.53,,
ESTAT:ENV_AC_TAXIND2(1.0),15/07/24 23:00:00,Annual,Total environmental taxes,Million euro,Manufacture of rubber and plastic products,Cyprus,2016,0.59,,
ESTAT:ENV_AC_TAXIND2(1.0),15/07/24 23:00:00,Annual,Total environmental taxes,Million euro,Manufacture of rubber and plastic products,Cyprus,2017,0.86,,
ESTAT:ENV_AC_TAXIND2(1.0),15/07/24 23:00:00,Annual,Total environmental taxes,Million euro,Manufacture of rubber and plastic products,Cyprus,2018,0.78,,
ESTAT:ENV_AC_TAXIND2(1.0),15/07/24 23:00:00,Annual,Total environmental taxes,Million euro,Manufacture of rubber and plastic products,Cyprus,2019,0.75,,
ESTAT:ENV_AC_TAXIND2(1.0),15/07/24 23:00:00,Annual,Total environmental taxes,Million euro,Manufacture of rubber and plastic products,Cyprus,2020,0.65,,
ESTAT:ENV_AC_TAXIND2(1.0),15/07/24 23:00:00,Annual,Total environmental taxes,Million euro,Manufacture of rubber and plastic products,Cyprus,2021,0.59,,
ESTAT:ENV_AC_TAXIND2(1.0),15/07/24 23:00:00,Annual,Total environmental taxes,Million euro,Manufacture of rubber and plastic products,Cyprus,2022,0.55,,
ESTAT:ENV_AC_TAXIND2(1.0),15/07/24 23:00:00,Annual,Total environmental taxes,Million euro,Manufacture of rubber and plastic products,Czechia,2010,68.6,,
ESTAT:ENV_AC_TAXIND2(1.0),15/07/24 23:00:00,Annual,Total environmental taxes,Million euro,Manufacture of rubber and plastic products,Czechia,2011,72.28,,
ESTAT:ENV_AC_TAXIND2(1.0),15/07/24 23:00:00,Annual,Total environmental taxes,Million euro,Manufacture of rubber and plastic products,Czechia,2012,68.5,,
ESTAT:ENV_AC_TAXIND2(1.0),15/07/24 23:00:00,Annual,Total environmental taxes,Million euro,Manufacture of rubber and plastic products,Czechia,2013,68.22,,
ESTAT:ENV_AC_TAXIND2(1.0),15/07/24 23:00:00,Annual,Total environmental taxes,Million euro,Manufacture of rubber and plastic products,Czechia,2014,42.45,,
ESTAT:ENV_AC_TAXIND2(1.0),15/07/24 23:00:00,Annual,Total environmental taxes,Million euro,Manufacture of rubber and plastic products,Czechia,2015,39.61,,
ESTAT:ENV_AC_TAXIND2(1.0),15/07/24 23:00:00,Annual,Total environmental taxes,Million euro,Manufacture of rubber and plastic products,Czechia,2016,36.72,,
ESTAT:ENV_AC_TAXIND2(1.0),15/07/24 23:00:00,Annual,Total environmental taxes,Million euro,Manufacture of rubber and plastic products,Czechia,2017,36.3,,
ESTAT:ENV_AC_TAXIND2(1.0),15/07/24 23:00:00,Annual,Total environmental taxes,Million euro,Manufacture of rubber and plastic products,Czechia,2018,35.91,,
ESTAT:ENV_AC_TAXIND2(1.0),15/07/24 23:00:00,Annual,Total environmental taxes,Million euro,Manufacture of rubber and plastic products,Czechia,2019,34.76,,
ESTAT:ENV_AC_TAXIND2(1.0),15/07/24 23:00:00,Annual,Total environmental taxes,Million euro,Manufacture of rubber and plastic products,Czechia,2020,15.07,,
ESTAT:ENV_AC_TAXIND2(1.0),15/07/24 23:00:00,Annual,Total environmental taxes,Million euro,Manufacture of rubber and plastic products,Czechia,2021,15.73,,
ESTAT:ENV_AC_TAXIND2(1.0),15/07/24 23:00:00,Annual,Total environmental taxes,Million euro,Manufacture of rubber and plastic products,Czechia,2022,13.43,,
ESTAT:ENV_AC_TAXIND2(1.0),15/07/24 23:00:00,Annual,Total environmental taxes,Million euro,Manufacture of rubber and plastic products,Germany,2010,242.15,,
ESTAT:ENV_AC_TAXIND2(1.0),15/07/24 23:00:00,Annual,Total environmental taxes,Million euro,Manufacture of rubber and plastic products,Germany,2011,307.66,,
ESTAT:ENV_AC_TAXIND2(1.0),15/07/24 23:00:00,Annual,Total environmental taxes,Million euro,Manufacture of rubber and plastic products,Germany,2012,281.86,,
ESTAT:ENV_AC_TAXIND2(1.0),15/07/24 23:00:00,Annual,Total environmental taxes,Million euro,Manufacture of rubber and plastic products,Germany,2013,286.62,,
ESTAT:ENV_AC_TAXIND2(1.0),15/07/24 23:00:00,Annual,Total environmental taxes,Million euro,Manufacture of rubber and plastic products,Germany,2014,284.82,,
ESTAT:ENV_AC_TAXIND2(1.0),15/07/24 23:00:00,Annual,Total environmental taxes,Million euro,Manufacture of rubber and plastic products,Germany,2015,256.38,,
ESTAT:ENV_AC_TAXIND2(1.0),15/07/24 23:00:00,Annual,Total environmental taxes,Million euro,Manufacture of rubber and plastic products,Germany,2016,230.58,,
ESTAT:ENV_AC_TAXIND2(1.0),15/07/24 23:00:00,Annual,Total environmental taxes,Million euro,Manufacture of rubber and plastic products,Germany,2017,250.49,,
ESTAT:ENV_AC_TAXIND2(1.0),15/07/24 23:00:00,Annual,Total environmental taxes,Million euro,Manufacture of rubber and plastic products,Germany,2018,245.07,,
ESTAT:ENV_AC_TAXIND2(1.0),15/07/24 23:00:00,Annual,Total environmental taxes,Million euro,Manufacture of rubber and plastic products,Germany,2019,252.75,,
ESTAT:ENV_AC_TAXIND2(1.0),15/07/24 23:00:00,Annual,Total environmental taxes,Million euro,Manufacture of rubber and plastic products,Germany,2020,237.39,,
ESTAT:ENV_AC_TAXIND2(1.0),15/07/24 23:00:00,Annual,Total environmental taxes,Million euro,Manufacture of rubber and plastic products,Germany,2021,294.09,,
ESTAT:ENV_AC_TAXIND2(1.0),15/07/24 23:00:00,Annual,Total environmental taxes,Million euro,Manufacture of rubber and plastic products,Germany,2022,283.07,p,
ESTAT:ENV_AC_TAXIND2(1.0),15/07/24 23:00:00,Annual,Total environmental taxes,Million euro,Manufacture of rubber and plastic products,Denmark,2010,32.09,,
ESTAT:ENV_AC_TAXIND2(1.0),15/07/24 23:00:00,Annual,Total environmental taxes,Million euro,Manufacture of rubber and plastic products,Denmark,2011,30.18,,
ESTAT:ENV_AC_TAXIND2(1.0),15/07/24 23:00:00,Annual,Total environmental taxes,Million euro,Manufacture of rubber and plastic products,Denmark,2012,34.07,,
ESTAT:ENV_AC_TAXIND2(1.0),15/07/24 23:00:00,Annual,Total environmental taxes,Million euro,Manufacture of rubber and plastic products,Denmark,2013,37.69,,
ESTAT:ENV_AC_TAXIND2(1.0),15/07/24 23:00:00,Annual,Total environmental taxes,Million euro,Manufacture of rubber and plastic products,Denmark,2014,39.21,,
ESTAT:ENV_AC_TAXIND2(1.0),15/07/24 23:00:00,Annual,Total environmental taxes,Million euro,Manufacture of rubber and plastic products,Denmark,2015,37.31,,
ESTAT:ENV_AC_TAXIND2(1.0),15/07/24 23:00:00,Annual,Total environmental taxes,Million euro,Manufacture of rubber and plastic products,Denmark,2016,37.51,,
ESTAT:ENV_AC_TAXIND2(1.0),15/07/24 23:00:00,Annual,Total environmental taxes,Million euro,Manufacture of rubber and plastic products,Denmark,2017,19.71,b,
ESTAT:ENV_AC_TAXIND2(1.0),15/07/24 23:00:00,Annual,Total environmental taxes,Million euro,Manufacture of rubber and plastic products,Denmark,2018,17.45,,
ESTAT:ENV_AC_TAXIND2(1.0),15/07/24 23:00:00,Annual,Total environmental taxes,Million euro,Manufacture of rubber and plastic products,Denmark,2019,9.69,,
ESTAT:ENV_AC_TAXIND2(1.0),15/07/24 23:00:00,Annual,Total environmental taxes,Million euro,Manufacture of rubber and plastic products,Denmark,2020,10.57,,
ESTAT:ENV_AC_TAXIND2(1.0),15/07/24 23:00:00,Annual,Total environmental taxes,Million euro,Manufacture of rubber and plastic products,Denmark,2021,8.41,p,
ESTAT:ENV_AC_TAXIND2(1.0),15/07/24 23:00:00,Annual,Total environmental taxes,Million euro,Manufacture of rubber and plastic products,Denmark,2022,8.01,p,
ESTAT:ENV_AC_TAXIND2(1.0),15/07/24 23:00:00,Annual,Total environmental taxes,Million euro,Manufacture of rubber and plastic products,Estonia,2010,0.89,,
ESTAT:ENV_AC_TAXIND2(1.0),15/07/24 23:00:00,Annual,Total environmental taxes,Million euro,Manufacture of rubber and plastic products,Estonia,2011,0.9,,
ESTAT:ENV_AC_TAXIND2(1.0),15/07/24 23:00:00,Annual,Total environmental taxes,Million euro,Manufacture of rubber and plastic products,Estonia,2012,0.96,,
ESTAT:ENV_AC_TAXIND2(1.0),15/07/24 23:00:00,Annual,Total environmental taxes,Million euro,Manufacture of rubber and plastic products,Estonia,2013,0.86,,
ESTAT:ENV_AC_TAXIND2(1.0),15/07/24 23:00:00,Annual,Total environmental taxes,Million euro,Manufacture of rubber and plastic products,Estonia,2014,0.94,,
ESTAT:ENV_AC_TAXIND2(1.0),15/07/24 23:00:00,Annual,Total environmental taxes,Million euro,Manufacture of rubber and plastic products,Estonia,2015,1.27,,
ESTAT:ENV_AC_TAXIND2(1.0),15/07/24 23:00:00,Annual,Total environmental taxes,Million euro,Manufacture of rubber and plastic products,Estonia,2016,1.39,,
ESTAT:ENV_AC_TAXIND2(1.0),15/07/24 23:00:00,Annual,Total environmental taxes,Million euro,Manufacture of rubber and plastic products,Estonia,2017,1.51,,
ESTAT:ENV_AC_TAXIND2(1.0),15/07/24 23:00:00,Annual,Total environmental taxes,Million euro,Manufacture of rubber and plastic products,Estonia,2018,1.7,,
ESTAT:ENV_AC_TAXIND2(1.0),15/07/24 23:00:00,Annual,Total environmental taxes,Million euro,Manufacture of rubber and plastic products,Estonia,2019,1.65,,
ESTAT:ENV_AC_TAXIND2(1.0),15/07/24 23:00:00,Annual,Total environmental taxes,Million euro,Manufacture of rubber and plastic products,Estonia,2020,1.11,,
ESTAT:ENV_AC_TAXIND2(1.0),15/07/24 23:00:00,Annual,Total environmental taxes,Million euro,Manufacture of rubber and plastic products,Estonia,2021,1.12,,
ESTAT:ENV_AC_TAXIND2(1.0),15/07/24 23:00:00,Annual,Total environmental taxes,Million euro,Manufacture of rubber and plastic products,Estonia,2022,1.81,,
ESTAT:ENV_AC_TAXIND2(1.0),15/07/24 23:00:00,Annual,Total environmental taxes,Million euro,Manufacture of rubber and plastic products,Greece,2010,12.02,,
ESTAT:ENV_AC_TAXIND2(1.0),15/07/24 23:00:00,Annual,Total environmental taxes,Million euro,Manufacture of rubber and plastic products,Greece,2011,7.76,,
ESTAT:ENV_AC_TAXIND2(1.0),15/07/24 23:00:00,Annual,Total environmental taxes,Million euro,Manufacture of rubber and plastic products,Greece,2012,16.8,,
ESTAT:ENV_AC_TAXIND2(1.0),15/07/24 23:00:00,Annual,Total environmental taxes,Million euro,Manufacture of rubber and plastic products,Greece,2013,15.13,,
ESTAT:ENV_AC_TAXIND2(1.0),15/07/24 23:00:00,Annual,Total environmental taxes,Million euro,Manufacture of rubber and plastic products,Greece,2014,13.76,,
ESTAT:ENV_AC_TAXIND2(1.0),15/07/24 23:00:00,Annual,Total environmental taxes,Million euro,Manufacture of rubber and plastic products,Greece,2015,14.41,,
ESTAT:ENV_AC_TAXIND2(1.0),15/07/24 23:00:00,Annual,Total environmental taxes,Million euro,Manufacture of rubber and plastic products,Greece,2016,11.3,,
ESTAT:ENV_AC_TAXIND2(1.0),15/07/24 23:00:00,Annual,Total environmental taxes,Million euro,Manufacture of rubber and plastic products,Greece,2017,13.8,,
ESTAT:ENV_AC_TAXIND2(1.0),15/07/24 23:00:00,Annual,Total environmental taxes,Million euro,Manufacture of rubber and plastic products,Greece,2018,10.94,,
ESTAT:ENV_AC_TAXIND2(1.0),15/07/24 23:00:00,Annual,Total environmental taxes,Million euro,Manufacture of rubber and plastic products,Greece,2019,11.45,,
ESTAT:ENV_AC_TAXIND2(1.0),15/07/24 23:00:00,Annual,Total environmental taxes,Million euro,Manufacture of rubber and plastic products,Greece,2020,8.24,,
ESTAT:ENV_AC_TAXIND2(1.0),15/07/24 23:00:00,Annual,Total environmental taxes,Million euro,Manufacture of rubber and plastic products,Greece,2021,12.77,p,
ESTAT:ENV_AC_TAXIND2(1.0),15/07/24 23:00:00,Annual,Total environmental taxes,Million euro,Manufacture of rubber and plastic products,Greece,2022,11.96,p,
ESTAT:ENV_AC_TAXIND2(1.0),15/07/24 23:00:00,Annual,Total environmental taxes,Million euro,Manufacture of rubber and plastic products,Spain,2010,83.4,,
ESTAT:ENV_AC_TAXIND2(1.0),15/07/24 23:00:00,Annual,Total environmental taxes,Million euro,Manufacture of rubber and plastic products,Spain,2011,88.1,,
ESTAT:ENV_AC_TAXIND2(1.0),15/07/24 23:00:00,Annual,Total environmental taxes,Million euro,Manufacture of rubber and plastic products,Spain,2012,82.3,,
ESTAT:ENV_AC_TAXIND2(1.0),15/07/24 23:00:00,Annual,Total environmental taxes,Million euro,Manufacture of rubber and plastic products,Spain,2013,106.4,,
ESTAT:ENV_AC_TAXIND2(1.0),15/07/24 23:00:00,Annual,Total environmental taxes,Million euro,Manufacture of rubber and plastic products,Spain,2014,103,,
ESTAT:ENV_AC_TAXIND2(1.0),15/07/24 23:00:00,Annual,Total environmental taxes,Million euro,Manufacture of rubber and plastic products,Spain,2015,122.4,,
ESTAT:ENV_AC_TAXIND2(1.0),15/07/24 23:00:00,Annual,Total environmental taxes,Million euro,Manufacture of rubber and plastic products,Spain,2016,119.3,,
ESTAT:ENV_AC_TAXIND2(1.0),15/07/24 23:00:00,Annual,Total environmental taxes,Million euro,Manufacture of rubber and plastic products,Spain,2017,136.1,,
ESTAT:ENV_AC_TAXIND2(1.0),15/07/24 23:00:00,Annual,Total environmental taxes,Million euro,Manufacture of rubber and plastic products,Spain,2018,142.2,,
ESTAT:ENV_AC_TAXIND2(1.0),15/07/24 23:00:00,Annual,Total environmental taxes,Million euro,Manufacture of rubber and plastic products,Spain,2019,129.7,,
ESTAT:ENV_AC_TAXIND2(1.0),15/07/24 23:00:00,Annual,Total environmental taxes,Million euro,Manufacture of rubber and plastic products,Spain,2020,114.5,,
ESTAT:ENV_AC_TAXIND2(1.0),15/07/24 23:00:00,Annual,Total environmental taxes,Million euro,Manufacture of rubber and plastic products,Spain,2021,138.6,,
ESTAT:ENV_AC_TAXIND2(1.0),15/07/24 23:00:00,Annual,Total environmental taxes,Million euro,Manufacture of rubber and plastic products,Spain,2022,104.7,,
ESTAT:ENV_AC_TAXIND2(1.0),15/07/24 23:00:00,Annual,Total environmental taxes,Million euro,Manufacture of rubber and plastic products,European Union - 27 countries (from 2020),2010,966.69,,
ESTAT:ENV_AC_TAXIND2(1.0),15/07/24 23:00:00,Annual,Total environmental taxes,Million euro,Manufacture of rubber and plastic products,European Union - 27 countries (from 2020),2011,1151.15,,
ESTAT:ENV_AC_TAXIND2(1.0),15/07/24 23:00:00,Annual,Total environmental taxes,Million euro,Manufacture of rubber and plastic products,European Union - 27 countries (from 2020),2012,1179.6,,
ESTAT:ENV_AC_TAXIND2(1.0),15/07/24 23:00:00,Annual,Total environmental taxes,Million euro,Manufacture of rubber and plastic products,European Union - 27 countries (from 2020),2013,1236.23,,
ESTAT:ENV_AC_TAXIND2(1.0),15/07/24 23:00:00,Annual,Total environmental taxes,Million euro,Manufacture of rubber and plastic products,European Union - 27 countries (from 2020),2014,1289.1,,
ESTAT:ENV_AC_TAXIND2(1.0),15/07/24 23:00:00,Annual,Total environmental taxes,Million euro,Manufacture of rubber and plastic products,European Union - 27 countries (from 2020),2015,1281.26,,
ESTAT:ENV_AC_TAXIND2(1.0),15/07/24 23:00:00,Annual,Total environmental taxes,Million euro,Manufacture of rubber and plastic products,European Union - 27 countries (from 2020),2016,1315.16,,
ESTAT:ENV_AC_TAXIND2(1.0),15/07/24 23:00:00,Annual,Total environmental taxes,Million euro,Manufacture of rubber and plastic products,European Union - 27 countries (from 2020),2017,1319.78,,
ESTAT:ENV_AC_TAXIND2(1.0),15/07/24 23:00:00,Annual,Total environmental taxes,Million euro,Manufacture of rubber and plastic products,European Union - 27 countries (from 2020),2018,1340.93,,
ESTAT:ENV_AC_TAXIND2(1.0),15/07/24 23:00:00,Annual,Total environmental taxes,Million euro,Manufacture of rubber and plastic products,European Union - 27 countries (from 2020),2019,1337.35,,
ESTAT:ENV_AC_TAXIND2(1.0),15/07/24 23:00:00,Annual,Total environmental taxes,Million euro,Manufacture of rubber and plastic products,European Union - 27 countries (from 2020),2020,1282.04,,
ESTAT:ENV_AC_TAXIND2(1.0),15/07/24 23:00:00,Annual,Total environmental taxes,Million euro,Manufacture of rubber and plastic products,European Union - 27 countries (from 2020),2021,1431.77,,
ESTAT:ENV_AC_TAXIND2(1.0),15/07/24 23:00:00,Annual,Total environmental taxes,Million euro,Manufacture of rubber and plastic products,European Union - 27 countries (from 2020),2022,1125.24,,
ESTAT:ENV_AC_TAXIND2(1.0),15/07/24 23:00:00,Annual,Total environmental taxes,Million euro,Manufacture of rubber and plastic products,Finland,2010,3.83,,
ESTAT:ENV_AC_TAXIND2(1.0),15/07/24 23:00:00,Annual,Total environmental taxes,Million euro,Manufacture of rubber and plastic products,Finland,2011,6.79,,
ESTAT:ENV_AC_TAXIND2(1.0),15/07/24 23:00:00,Annual,Total environmental taxes,Million euro,Manufacture of rubber and plastic products,Finland,2012,6.93,,
ESTAT:ENV_AC_TAXIND2(1.0),15/07/24 23:00:00,Annual,Total environmental taxes,Million euro,Manufacture of rubber and plastic products,Finland,2013,6.46,,
ESTAT:ENV_AC_TAXIND2(1.0),15/07/24 23:00:00,Annual,Total environmental taxes,Million euro,Manufacture of rubber and plastic products,Finland,2014,6.39,,
ESTAT:ENV_AC_TAXIND2(1.0),15/07/24 23:00:00,Annual,Total environmental taxes,Million euro,Manufacture of rubber and plastic products,Finland,2015,10.66,b,
ESTAT:ENV_AC_TAXIND2(1.0),15/07/24 23:00:00,Annual,Total environmental taxes,Million euro,Manufacture of rubber and plastic products,Finland,2016,12.45,b,
ESTAT:ENV_AC_TAXIND2(1.0),15/07/24 23:00:00,Annual,Total environmental taxes,Million euro,Manufacture of rubber and plastic products,Finland,2017,9.94,,
ESTAT:ENV_AC_TAXIND2(1.0),15/07/24 23:00:00,Annual,Total environmental taxes,Million euro,Manufacture of rubber and plastic products,Finland,2018,11.87,,
ESTAT:ENV_AC_TAXIND2(1.0),15/07/24 23:00:00,Annual,Total environmental taxes,Million euro,Manufacture of rubber and plastic products,Finland,2019,8.89,,
ESTAT:ENV_AC_TAXIND2(1.0),15/07/24 23:00:00,Annual,Total environmental taxes,Million euro,Manufacture of rubber and plastic products,Finland,2020,8.22,,
ESTAT:ENV_AC_TAXIND2(1.0),15/07/24 23:00:00,Annual,Total environmental taxes,Million euro,Manufacture of rubber and plastic products,Finland,2021,13.37,,
ESTAT:ENV_AC_TAXIND2(1.0),15/07/24 23:00:00,Annual,Total environmental taxes,Million euro,Manufacture of rubber and plastic products,Finland,2022,36.35,,
ESTAT:ENV_AC_TAXIND2(1.0),15/07/24 23:00:00,Annual,Total environmental taxes,Million euro,Manufacture of rubber and plastic products,France,2010,59.41,,
ESTAT:ENV_AC_TAXIND2(1.0),15/07/24 23:00:00,Annual,Total environmental taxes,Million euro,Manufacture of rubber and plastic products,France,2011,74.95,,
ESTAT:ENV_AC_TAXIND2(1.0),15/07/24 23:00:00,Annual,Total environmental taxes,Million euro,Manufacture of rubber and plastic products,France,2012,77.66,,
ESTAT:ENV_AC_TAXIND2(1.0),15/07/24 23:00:00,Annual,Total environmental taxes,Million euro,Manufacture of rubber and plastic products,France,2013,80.13,,
ESTAT:ENV_AC_TAXIND2(1.0),15/07/24 23:00:00,Annual,Total environmental taxes,Million euro,Manufacture of rubber and plastic products,France,2014,70.64,,
ESTAT:ENV_AC_TAXIND2(1.0),15/07/24 23:00:00,Annual,Total environmental taxes,Million euro,Manufacture of rubber and plastic products,France,2015,81.17,,
ESTAT:ENV_AC_TAXIND2(1.0),15/07/24 23:00:00,Annual,Total environmental taxes,Million euro,Manufacture of rubber and plastic products,France,2016,86.01,,
ESTAT:ENV_AC_TAXIND2(1.0),15/07/24 23:00:00,Annual,Total environmental taxes,Million euro,Manufacture of rubber and plastic products,France,2017,95.9,,
ESTAT:ENV_AC_TAXIND2(1.0),15/07/24 23:00:00,Annual,Total environmental taxes,Million euro,Manufacture of rubber and plastic products,France,2018,100.53,,
ESTAT:ENV_AC_TAXIND2(1.0),15/07/24 23:00:00,Annual,Total environmental taxes,Million euro,Manufacture of rubber and plastic products,France,2019,98.24,,
ESTAT:ENV_AC_TAXIND2(1.0),15/07/24 23:00:00,Annual,Total environmental taxes,Million euro,Manufacture of rubber and plastic products,France,2020,79.98,,
ESTAT:ENV_AC_TAXIND2(1.0),15/07/24 23:00:00,Annual,Total environmental taxes,Million euro,Manufacture of rubber and plastic products,France,2021,89.96,p,
ESTAT:ENV_AC_TAXIND2(1.0),15/07/24 23:00:00,Annual,Total environmental taxes,Million euro,Manufacture of rubber and plastic products,France,2022,104.01,p,
ESTAT:ENV_AC_TAXIND2(1.0),15/07/24 23:00:00,Annual,Total environmental taxes,Million euro,Manufacture of rubber and plastic products,Croatia,2010,8.54,,
ESTAT:ENV_AC_TAXIND2(1.0),15/07/24 23:00:00,Annual,Total environmental taxes,Million euro,Manufacture of rubber and plastic products,Croatia,2011,7.36,,
ESTAT:ENV_AC_TAXIND2(1.0),15/07/24 23:00:00,Annual,Total environmental taxes,Million euro,Manufacture of rubber and plastic products,Croatia,2012,6.99,,
ESTAT:ENV_AC_TAXIND2(1.0),15/07/24 23:00:00,Annual,Total environmental taxes,Million euro,Manufacture of rubber and plastic products,Croatia,2013,7.29,,
ESTAT:ENV_AC_TAXIND2(1.0),15/07/24 23:00:00,Annual,Total environmental taxes,Million euro,Manufacture of rubber and plastic products,Croatia,2014,7.85,,
ESTAT:ENV_AC_TAXIND2(1.0),15/07/24 23:00:00,Annual,Total environmental taxes,Million euro,Manufacture of rubber and plastic products,Croatia,2015,8.69,,
ESTAT:ENV_AC_TAXIND2(1.0),15/07/24 23:00:00,Annual,Total environmental taxes,Million euro,Manufacture of rubber and plastic products,Croatia,2016,9.34,,
ESTAT:ENV_AC_TAXIND2(1.0),15/07/24 23:00:00,Annual,Total environmental taxes,Million euro,Manufacture of rubber and plastic products,Croatia,2017,10.25,,
ESTAT:ENV_AC_TAXIND2(1.0),15/07/24 23:00:00,Annual,Total environmental taxes,Million euro,Manufacture of rubber and plastic products,Croatia,2018,11.35,,
ESTAT:ENV_AC_TAXIND2(1.0),15/07/24 23:00:00,Annual,Total environmental taxes,Million euro,Manufacture of rubber and plastic products,Croatia,2019,11.61,,
ESTAT:ENV_AC_TAXIND2(1.0),15/07/24 23:00:00,Annual,Total environmental taxes,Million euro,Manufacture of rubber and plastic products,Croatia,2020,10.29,,
ESTAT:ENV_AC_TAXIND2(1.0),15/07/24 23:00:00,Annual,Total environmental taxes,Million euro,Manufacture of rubber and plastic products,Croatia,2021,11.16,,
ESTAT:ENV_AC_TAXIND2(1.0),15/07/24 23:00:00,Annual,Total environmental taxes,Million euro,Manufacture of rubber and plastic products,Croatia,2022,11.34,,
ESTAT:ENV_AC_TAXIND2(1.0),15/07/24 23:00:00,Annual,Total environmental taxes,Million euro,Manufacture of rubber and plastic products,Hungary,2010,3.81,,
ESTAT:ENV_AC_TAXIND2(1.0),15/07/24 23:00:00,Annual,Total environmental taxes,Million euro,Manufacture of rubber and plastic products,Hungary,2011,3.82,,
ESTAT:ENV_AC_TAXIND2(1.0),15/07/24 23:00:00,Annual,Total environmental taxes,Million euro,Manufacture of rubber and plastic products,Hungary,2012,3.6,,
ESTAT:ENV_AC_TAXIND2(1.0),15/07/24 23:00:00,Annual,Total environmental taxes,Million euro,Manufacture of rubber and plastic products,Hungary,2013,13.79,b,
ESTAT:ENV_AC_TAXIND2(1.0),15/07/24 23:00:00,Annual,Total environmental taxes,Million euro,Manufacture of rubber and plastic products,Hungary,2014,13.06,,
ESTAT:ENV_AC_TAXIND2(1.0),15/07/24 23:00:00,Annual,Total environmental taxes,Million euro,Manufacture of rubber and plastic products,Hungary,2015,14.65,,
ESTAT:ENV_AC_TAXIND2(1.0),15/07/24 23:00:00,Annual,Total environmental taxes,Million euro,Manufacture of rubber and plastic products,Hungary,2016,14.89,,
ESTAT:ENV_AC_TAXIND2(1.0),15/07/24 23:00:00,Annual,Total environmental taxes,Million euro,Manufacture of rubber and plastic products,Hungary,2017,23.7,,
ESTAT:ENV_AC_TAXIND2(1.0),15/07/24 23:00:00,Annual,Total environmental taxes,Million euro,Manufacture of rubber and plastic products,Hungary,2018,12.66,,
ESTAT:ENV_AC_TAXIND2(1.0),15/07/24 23:00:00,Annual,Total environmental taxes,Million euro,Manufacture of rubber and plastic products,Hungary,2019,12.57,,
ESTAT:ENV_AC_TAXIND2(1.0),15/07/24 23:00:00,Annual,Total environmental taxes,Million euro,Manufacture of rubber and plastic products,Hungary,2020,11.14,,
ESTAT:ENV_AC_TAXIND2(1.0),15/07/24 23:00:00,Annual,Total environmental taxes,Million euro,Manufacture of rubber and plastic products,Hungary,2021,11.44,,
ESTAT:ENV_AC_TAXIND2(1.0),15/07/24 23:00:00,Annual,Total environmental taxes,Million euro,Manufacture of rubber and plastic products,Hungary,2022,10.58,,
ESTAT:ENV_AC_TAXIND2(1.0),15/07/24 23:00:00,Annual,Total environmental taxes,Million euro,Manufacture of rubber and plastic products,Ireland,2010,4.97,,
ESTAT:ENV_AC_TAXIND2(1.0),15/07/24 23:00:00,Annual,Total environmental taxes,Million euro,Manufacture of rubber and plastic products,Ireland,2011,8.26,,
ESTAT:ENV_AC_TAXIND2(1.0),15/07/24 23:00:00,Annual,Total environmental taxes,Million euro,Manufacture of rubber and plastic products,Ireland,2012,3.74,,
ESTAT:ENV_AC_TAXIND2(1.0),15/07/24 23:00:00,Annual,Total environmental taxes,Million euro,Manufacture of rubber and plastic products,Ireland,2013,4.53,,
ESTAT:ENV_AC_TAXIND2(1.0),15/07/24 23:00:00,Annual,Total environmental taxes,Million euro,Manufacture of rubber and plastic products,Ireland,2014,6.58,,
ESTAT:ENV_AC_TAXIND2(1.0),15/07/24 23:00:00,Annual,Total environmental taxes,Million euro,Manufacture of rubber and plastic products,Ireland,2015,5.77,,
ESTAT:ENV_AC_TAXIND2(1.0),15/07/24 23:00:00,Annual,Total environmental taxes,Million euro,Manufacture of rubber and plastic products,Ireland,2016,7.36,,
ESTAT:ENV_AC_TAXIND2(1.0),15/07/24 23:00:00,Annual,Total environmental taxes,Million euro,Manufacture of rubber and plastic products,Ireland,2017,6.73,,
ESTAT:ENV_AC_TAXIND2(1.0),15/07/24 23:00:00,Annual,Total environmental taxes,Million euro,Manufacture of rubber and plastic products,Ireland,2018,6.76,,
ESTAT:ENV_AC_TAXIND2(1.0),15/07/24 23:00:00,Annual,Total environmental taxes,Million euro,Manufacture of rubber and plastic products,Ireland,2019,5.15,,
ESTAT:ENV_AC_TAXIND2(1.0),15/07/24 23:00:00,Annual,Total environmental taxes,Million euro,Manufacture of rubber and plastic products,Ireland,2020,5.29,,
ESTAT:ENV_AC_TAXIND2(1.0),15/07/24 23:00:00,Annual,Total environmental taxes,Million euro,Manufacture of rubber and plastic products,Ireland,2021,6.78,,
ESTAT:ENV_AC_TAXIND2(1.0),15/07/24 23:00:00,Annual,Total environmental taxes,Million euro,Manufacture of rubber and plastic products,Ireland,2022,4.31,,
ESTAT:ENV_AC_TAXIND2(1.0),15/07/24 23:00:00,Annual,Total environmental taxes,Million euro,Manufacture of rubber and plastic products,Iceland,2010,0.13,,
ESTAT:ENV_AC_TAXIND2(1.0),15/07/24 23:00:00,Annual,Total environmental taxes,Million euro,Manufacture of rubber and plastic products,Iceland,2011,0.15,,
ESTAT:ENV_AC_TAXIND2(1.0),15/07/24 23:00:00,Annual,Total environmental taxes,Million euro,Manufacture of rubber and plastic products,Iceland,2012,0.19,,
ESTAT:ENV_AC_TAXIND2(1.0),15/07/24 23:00:00,Annual,Total environmental taxes,Million euro,Manufacture of rubber and plastic products,Iceland,2013,0.15,,
ESTAT:ENV_AC_TAXIND2(1.0),15/07/24 23:00:00,Annual,Total environmental taxes,Million euro,Manufacture of rubber and plastic products,Iceland,2014,0.2,,
ESTAT:ENV_AC_TAXIND2(1.0),15/07/24 23:00:00,Annual,Total environmental taxes,Million euro,Manufacture of rubber and plastic products,Iceland,2015,0.23,,
ESTAT:ENV_AC_TAXIND2(1.0),15/07/24 23:00:00,Annual,Total environmental taxes,Million euro,Manufacture of rubber and plastic products,Iceland,2016,0.19,,
ESTAT:ENV_AC_TAXIND2(1.0),15/07/24 23:00:00,Annual,Total environmental taxes,Million euro,Manufacture of rubber and plastic products,Iceland,2017,0.3,,
ESTAT:ENV_AC_TAXIND2(1.0),15/07/24 23:00:00,Annual,Total environmental taxes,Million euro,Manufacture of rubber and plastic products,Iceland,2018,0.23,,
ESTAT:ENV_AC_TAXIND2(1.0),15/07/24 23:00:00,Annual,Total environmental taxes,Million euro,Manufacture of rubber and plastic products,Iceland,2019,0.17,,
ESTAT:ENV_AC_TAXIND2(1.0),15/07/24 23:00:00,Annual,Total environmental taxes,Million euro,Manufacture of rubber and plastic products,Italy,2010,265.46,,
ESTAT:ENV_AC_TAXIND2(1.0),15/07/24 23:00:00,Annual,Total environmental taxes,Million euro,Manufacture of rubber and plastic products,Italy,2011,351.7,,
ESTAT:ENV_AC_TAXIND2(1.0),15/07/24 23:00:00,Annual,Total environmental taxes,Million euro,Manufacture of rubber and plastic products,Italy,2012,408.02,,
ESTAT:ENV_AC_TAXIND2(1.0),15/07/24 23:00:00,Annual,Total environmental taxes,Million euro,Manufacture of rubber and plastic products,Italy,2013,427.64,,
ESTAT:ENV_AC_TAXIND2(1.0),15/07/24 23:00:00,Annual,Total environmental taxes,Million euro,Manufacture of rubber and plastic products,Italy,2014,497.89,,
ESTAT:ENV_AC_TAXIND2(1.0),15/07/24 23:00:00,Annual,Total environmental taxes,Million euro,Manufacture of rubber and plastic products,Italy,2015,457.6,,
ESTAT:ENV_AC_TAXIND2(1.0),15/07/24 23:00:00,Annual,Total environmental taxes,Million euro,Manufacture of rubber and plastic products,Italy,2016,519.8,,
ESTAT:ENV_AC_TAXIND2(1.0),15/07/24 23:00:00,Annual,Total environmental taxes,Million euro,Manufacture of rubber and plastic products,Italy,2017,468.35,,
ESTAT:ENV_AC_TAXIND2(1.0),15/07/24 23:00:00,Annual,Total environmental taxes,Million euro,Manufacture of rubber and plastic products,Italy,2018,466.83,,
ESTAT:ENV_AC_TAXIND2(1.0),15/07/24 23:00:00,Annual,Total environmental taxes,Million euro,Manufacture of rubber and plastic products,Italy,2019,501.48,,
ESTAT:ENV_AC_TAXIND2(1.0),15/07/24 23:00:00,Annual,Total environmental taxes,Million euro,Manufacture of rubber and plastic products,Italy,2020,480.74,,
ESTAT:ENV_AC_TAXIND2(1.0),15/07/24 23:00:00,Annual,Total environmental taxes,Million euro,Manufacture of rubber and plastic products,Italy,2021,502.9,,
ESTAT:ENV_AC_TAXIND2(1.0),15/07/24 23:00:00,Annual,Total environmental taxes,Million euro,Manufacture of rubber and plastic products,Italy,2022,189.31,p,
ESTAT:ENV_AC_TAXIND2(1.0),15/07/24 23:00:00,Annual,Total environmental taxes,Million euro,Manufacture of rubber and plastic products,Lithuania,2010,0.23,,
ESTAT:ENV_AC_TAXIND2(1.0),15/07/24 23:00:00,Annual,Total environmental taxes,Million euro,Manufacture of rubber and plastic products,Lithuania,2011,0.23,,
ESTAT:ENV_AC_TAXIND2(1.0),15/07/24 23:00:00,Annual,Total environmental taxes,Million euro,Manufacture of rubber and plastic products,Lithuania,2012,0.26,,
ESTAT:ENV_AC_TAXIND2(1.0),15/07/24 23:00:00,Annual,Total environmental taxes,Million euro,Manufacture of rubber and plastic products,Lithuania,2013,0.44,,
ESTAT:ENV_AC_TAXIND2(1.0),15/07/24 23:00:00,Annual,Total environmental taxes,Million euro,Manufacture of rubber and plastic products,Lithuania,2014,0.56,,
ESTAT:ENV_AC_TAXIND2(1.0),15/07/24 23:00:00,Annual,Total environmental taxes,Million euro,Manufacture of rubber and plastic products,Lithuania,2015,2.54,,
ESTAT:ENV_AC_TAXIND2(1.0),15/07/24 23:00:00,Annual,Total environmental taxes,Million euro,Manufacture of rubber and plastic products,Lithuania,2016,1.69,,
ESTAT:ENV_AC_TAXIND2(1.0),15/07/24 23:00:00,Annual,Total environmental taxes,Million euro,Manufacture of rubber and plastic products,Lithuania,2017,1.81,,
ESTAT:ENV_AC_TAXIND2(1.0),15/07/24 23:00:00,Annual,Total environmental taxes,Million euro,Manufacture of rubber and plastic products,Lithuania,2018,1.25,,
ESTAT:ENV_AC_TAXIND2(1.0),15/07/24 23:00:00,Annual,Total environmental taxes,Million euro,Manufacture of rubber and plastic products,Lithuania,2019,1.19,,
ESTAT:ENV_AC_TAXIND2(1.0),15/07/24 23:00:00,Annual,Total environmental taxes,Million euro,Manufacture of rubber and plastic products,Lithuania,2020,1.36,,
ESTAT:ENV_AC_TAXIND2(1.0),15/07/24 23:00:00,Annual,Total environmental taxes,Million euro,Manufacture of rubber and plastic products,Lithuania,2021,1.36,,
ESTAT:ENV_AC_TAXIND2(1.0),15/07/24 23:00:00,Annual,Total environmental taxes,Million euro,Manufacture of rubber and plastic products,Lithuania,2022,1.41,,
ESTAT:ENV_AC_TAXIND2(1.0),15/07/24 23:00:00,Annual,Total environmental taxes,Million euro,Manufacture of rubber and plastic products,Luxembourg,2010,0.52,,
ESTAT:ENV_AC_TAXIND2(1.0),15/07/24 23:00:00,Annual,Total environmental taxes,Million euro,Manufacture of rubber and plastic products,Luxembourg,2011,0.5,,
ESTAT:ENV_AC_TAXIND2(1.0),15/07/24 23:00:00,Annual,Total environmental taxes,Million euro,Manufacture of rubber and plastic products,Luxembourg,2012,0.53,,
ESTAT:ENV_AC_TAXIND2(1.0),15/07/24 23:00:00,Annual,Total environmental taxes,Million euro,Manufacture of rubber and plastic products,Luxembourg,2013,0.37,,
ESTAT:ENV_AC_TAXIND2(1.0),15/07/24 23:00:00,Annual,Total environmental taxes,Million euro,Manufacture of rubber and plastic products,Luxembourg,2014,0.31,,
ESTAT:ENV_AC_TAXIND2(1.0),15/07/24 23:00:00,Annual,Total environmental taxes,Million euro,Manufacture of rubber and plastic products,Luxembourg,2015,0.31,,
ESTAT:ENV_AC_TAXIND2(1.0),15/07/24 23:00:00,Annual,Total environmental taxes,Million euro,Manufacture of rubber and plastic products,Luxembourg,2016,0.48,,
ESTAT:ENV_AC_TAXIND2(1.0),15/07/24 23:00:00,Annual,Total environmental taxes,Million euro,Manufacture of rubber and plastic products,Luxembourg,2017,0.34,,
ESTAT:ENV_AC_TAXIND2(1.0),15/07/24 23:00:00,Annual,Total environmental taxes,Million euro,Manufacture of rubber and plastic products,Luxembourg,2018,0.53,,
ESTAT:ENV_AC_TAXIND2(1.0),15/07/24 23:00:00,Annual,Total environmental taxes,Million euro,Manufacture of rubber and plastic products,Luxembourg,2019,0.71,,
ESTAT:ENV_AC_TAXIND2(1.0),15/07/24 23:00:00,Annual,Total environmental taxes,Million euro,Manufacture of rubber and plastic products,Luxembourg,2020,0.69,,
ESTAT:ENV_AC_TAXIND2(1.0),15/07/24 23:00:00,Annual,Total environmental taxes,Million euro,Manufacture of rubber and plastic products,Luxembourg,2021,0.52,,
ESTAT:ENV_AC_TAXIND2(1.0),15/07/24 23:00:00,Annual,Total environmental taxes,Million euro,Manufacture of rubber and plastic products,Luxembourg,2022,0.58,,
ESTAT:ENV_AC_TAXIND2(1.0),15/07/24 23:00:00,Annual,Total environmental taxes,Million euro,Manufacture of rubber and plastic products,Latvia,2010,0.83,,
ESTAT:ENV_AC_TAXIND2(1.0),15/07/24 23:00:00,Annual,Total environmental taxes,Million euro,Manufacture of rubber and plastic products,Latvia,2011,0.65,,
ESTAT:ENV_AC_TAXIND2(1.0),15/07/24 23:00:00,Annual,Total environmental taxes,Million euro,Manufacture of rubber and plastic products,Latvia,2012,0.79,,
ESTAT:ENV_AC_TAXIND2(1.0),15/07/24 23:00:00,Annual,Total environmental taxes,Million euro,Manufacture of rubber and plastic products,Latvia,2013,0.83,,
ESTAT:ENV_AC_TAXIND2(1.0),15/07/24 23:00:00,Annual,Total environmental taxes,Million euro,Manufacture of rubber and plastic products,Latvia,2014,1.12,,
ESTAT:ENV_AC_TAXIND2(1.0),15/07/24 23:00:00,Annual,Total environmental taxes,Million euro,Manufacture of rubber and plastic products,Latvia,2015,1.22,,
ESTAT:ENV_AC_TAXIND2(1.0),15/07/24 23:00:00,Annual,Total environmental taxes,Million euro,Manufacture of rubber and plastic products,Latvia,2016,1.39,,
ESTAT:ENV_AC_TAXIND2(1.0),15/07/24 23:00:00,Annual,Total environmental taxes,Million euro,Manufacture of rubber and plastic products,Latvia,2017,1.45,b,
ESTAT:ENV_AC_TAXIND2(1.0),15/07/24 23:00:00,Annual,Total environmental taxes,Million euro,Manufacture of rubber and plastic products,Latvia,2018,1.58,,
ESTAT:ENV_AC_TAXIND2(1.0),15/07/24 23:00:00,Annual,Total environmental taxes,Million euro,Manufacture of rubber and plastic products,Latvia,2019,1.16,,
ESTAT:ENV_AC_TAXIND2(1.0),15/07/24 23:00:00,Annual,Total environmental taxes,Million euro,Manufacture of rubber and plastic products,Latvia,2020,1.18,,
ESTAT:ENV_AC_TAXIND2(1.0),15/07/24 23:00:00,Annual,Total environmental taxes,Million euro,Manufacture of rubber and plastic products,Latvia,2021,1.08,,
ESTAT:ENV_AC_TAXIND2(1.0),15/07/24 23:00:00,Annual,Total environmental taxes,Million euro,Manufacture of rubber and plastic products,Latvia,2022,0.84,,
ESTAT:ENV_AC_TAXIND2(1.0),15/07/24 23:00:00,Annual,Total environmental taxes,Million euro,Manufacture of rubber and plastic products,Malta,2010,0.45,,
ESTAT:ENV_AC_TAXIND2(1.0),15/07/24 23:00:00,Annual,Total environmental taxes,Million euro,Manufacture of rubber and plastic products,Malta,2011,0.49,,
ESTAT:ENV_AC_TAXIND2(1.0),15/07/24 23:00:00,Annual,Total environmental taxes,Million euro,Manufacture of rubber and plastic products,Malta,2012,0.42,,
ESTAT:ENV_AC_TAXIND2(1.0),15/07/24 23:00:00,Annual,Total environmental taxes,Million euro,Manufacture of rubber and plastic products,Malta,2013,0.54,,
ESTAT:ENV_AC_TAXIND2(1.0),15/07/24 23:00:00,Annual,Total environmental taxes,Million euro,Manufacture of rubber and plastic products,Malta,2014,0.69,,
ESTAT:ENV_AC_TAXIND2(1.0),15/07/24 23:00:00,Annual,Total environmental taxes,Million euro,Manufacture of rubber and plastic products,Malta,2015,0.71,,
ESTAT:ENV_AC_TAXIND2(1.0),15/07/24 23:00:00,Annual,Total environmental taxes,Million euro,Manufacture of rubber and plastic products,Malta,2016,0.31,,
ESTAT:ENV_AC_TAXIND2(1.0),15/07/24 23:00:00,Annual,Total environmental taxes,Million euro,Manufacture of rubber and plastic products,Malta,2017,0.38,,
ESTAT:ENV_AC_TAXIND2(1.0),15/07/24 23:00:00,Annual,Total environmental taxes,Million euro,Manufacture of rubber and plastic products,Malta,2018,0.34,,
ESTAT:ENV_AC_TAXIND2(1.0),15/07/24 23:00:00,Annual,Total environmental taxes,Million euro,Manufacture of rubber and plastic products,Malta,2019,0.4,,
ESTAT:ENV_AC_TAXIND2(1.0),15/07/24 23:00:00,Annual,Total environmental taxes,Million euro,Manufacture of rubber and plastic products,Malta,2020,0.41,,
ESTAT:ENV_AC_TAXIND2(1.0),15/07/24 23:00:00,Annual,Total environmental taxes,Million euro,Manufacture of rubber and plastic products,Malta,2021,0.39,,
ESTAT:ENV_AC_TAXIND2(1.0),15/07/24 23:00:00,Annual,Total environmental taxes,Million euro,Manufacture of rubber and plastic products,Malta,2022,0.4,,
ESTAT:ENV_AC_TAXIND2(1.0),15/07/24 23:00:00,Annual,Total environmental taxes,Million euro,Manufacture of rubber and plastic products,Netherlands,2010,61,,
ESTAT:ENV_AC_TAXIND2(1.0),15/07/24 23:00:00,Annual,Total environmental taxes,Million euro,Manufacture of rubber and plastic products,Netherlands,2011,56,,
ESTAT:ENV_AC_TAXIND2(1.0),15/07/24 23:00:00,Annual,Total environmental taxes,Million euro,Manufacture of rubber and plastic products,Netherlands,2012,54,,
ESTAT:ENV_AC_TAXIND2(1.0),15/07/24 23:00:00,Annual,Total environmental taxes,Million euro,Manufacture of rubber and plastic products,Netherlands,2013,52,,
ESTAT:ENV_AC_TAXIND2(1.0),15/07/24 23:00:00,Annual,Total environmental taxes,Million euro,Manufacture of rubber and plastic products,Netherlands,2014,59,,
ESTAT:ENV_AC_TAXIND2(1.0),15/07/24 23:00:00,Annual,Total environmental taxes,Million euro,Manufacture of rubber and plastic products,Netherlands,2015,59,,
ESTAT:ENV_AC_TAXIND2(1.0),15/07/24 23:00:00,Annual,Total environmental taxes,Million euro,Manufacture of rubber and plastic products,Netherlands,2016,59,,
ESTAT:ENV_AC_TAXIND2(1.0),15/07/24 23:00:00,Annual,Total environmental taxes,Million euro,Manufacture of rubber and plastic products,Netherlands,2017,68,,
ESTAT:ENV_AC_TAXIND2(1.0),15/07/24 23:00:00,Annual,Total environmental taxes,Million euro,Manufacture of rubber and plastic products,Netherlands,2018,75,,
ESTAT:ENV_AC_TAXIND2(1.0),15/07/24 23:00:00,Annual,Total environmental taxes,Million euro,Manufacture of rubber and plastic products,Netherlands,2019,85,,
ESTAT:ENV_AC_TAXIND2(1.0),15/07/24 23:00:00,Annual,Total environmental taxes,Million euro,Manufacture of rubber and plastic products,Netherlands,2020,101,,
ESTAT:ENV_AC_TAXIND2(1.0),15/07/24 23:00:00,Annual,Total environmental taxes,Million euro,Manufacture of rubber and plastic products,Netherlands,2021,106,,
ESTAT:ENV_AC_TAXIND2(1.0),15/07/24 23:00:00,Annual,Total environmental taxes,Million euro,Manufacture of rubber and plastic products,Netherlands,2022,133,p,
ESTAT:ENV_AC_TAXIND2(1.0),15/07/24 23:00:00,Annual,Total environmental taxes,Million euro,Manufacture of rubber and plastic products,Norway,2010,3.5,,
ESTAT:ENV_AC_TAXIND2(1.0),15/07/24 23:00:00,Annual,Total environmental taxes,Million euro,Manufacture of rubber and plastic products,Norway,2011,5.26,,
ESTAT:ENV_AC_TAXIND2(1.0),15/07/24 23:00:00,Annual,Total environmental taxes,Million euro,Manufacture of rubber and plastic products,Norway,2012,5.08,,
ESTAT:ENV_AC_TAXIND2(1.0),15/07/24 23:00:00,Annual,Total environmental taxes,Million euro,Manufacture of rubber and plastic products,Norway,2013,5.12,,
ESTAT:ENV_AC_TAXIND2(1.0),15/07/24 23:00:00,Annual,Total environmental taxes,Million euro,Manufacture of rubber and plastic products,Norway,2014,5.98,,
ESTAT:ENV_AC_TAXIND2(1.0),15/07/24 23:00:00,Annual,Total environmental taxes,Million euro,Manufacture of rubber and plastic products,Norway,2015,2.46,,
ESTAT:ENV_AC_TAXIND2(1.0),15/07/24 23:00:00,Annual,Total environmental taxes,Million euro,Manufacture of rubber and plastic products,Norway,2016,2.8,,
ESTAT:ENV_AC_TAXIND2(1.0),15/07/24 23:00:00,Annual,Total environmental taxes,Million euro,Manufacture of rubber and plastic products,Norway,2017,2.36,,
ESTAT:ENV_AC_TAXIND2(1.0),15/07/24 23:00:00,Annual,Total environmental taxes,Million euro,Manufacture of rubber and plastic products,Norway,2018,6.25,,
ESTAT:ENV_AC_TAXIND2(1.0),15/07/24 23:00:00,Annual,Total environmental taxes,Million euro,Manufacture of rubber and plastic products,Norway,2019,4.16,,
ESTAT:ENV_AC_TAXIND2(1.0),15/07/24 23:00:00,Annual,Total environmental taxes,Million euro,Manufacture of rubber and plastic products,Norway,2020,3.92,,
ESTAT:ENV_AC_TAXIND2(1.0),15/07/24 23:00:00,Annual,Total environmental taxes,Million euro,Manufacture of rubber and plastic products,Norway,2021,6.59,,
ESTAT:ENV_AC_TAXIND2(1.0),15/07/24 23:00:00,Annual,Total environmental taxes,Million euro,Manufacture of rubber and plastic products,Norway,2022,7.32,,
ESTAT:ENV_AC_TAXIND2(1.0),15/07/24 23:00:00,Annual,Total environmental taxes,Million euro,Manufacture of rubber and plastic products,Poland,2010,66.9,,
ESTAT:ENV_AC_TAXIND2(1.0),15/07/24 23:00:00,Annual,Total environmental taxes,Million euro,Manufacture of rubber and plastic products,Poland,2011,75.62,,
ESTAT:ENV_AC_TAXIND2(1.0),15/07/24 23:00:00,Annual,Total environmental taxes,Million euro,Manufacture of rubber and plastic products,Poland,2012,70.57,,
ESTAT:ENV_AC_TAXIND2(1.0),15/07/24 23:00:00,Annual,Total environmental taxes,Million euro,Manufacture of rubber and plastic products,Poland,2013,60.88,,
ESTAT:ENV_AC_TAXIND2(1.0),15/07/24 23:00:00,Annual,Total environmental taxes,Million euro,Manufacture of rubber and plastic products,Poland,2014,67.08,,
ESTAT:ENV_AC_TAXIND2(1.0),15/07/24 23:00:00,Annual,Total environmental taxes,Million euro,Manufacture of rubber and plastic products,Poland,2015,72.65,,
ESTAT:ENV_AC_TAXIND2(1.0),15/07/24 23:00:00,Annual,Total environmental taxes,Million euro,Manufacture of rubber and plastic products,Poland,2016,71.47,,
ESTAT:ENV_AC_TAXIND2(1.0),15/07/24 23:00:00,Annual,Total environmental taxes,Million euro,Manufacture of rubber and plastic products,Poland,2017,84.56,,
ESTAT:ENV_AC_TAXIND2(1.0),15/07/24 23:00:00,Annual,Total environmental taxes,Million euro,Manufacture of rubber and plastic products,Poland,2018,95.25,,
ESTAT:ENV_AC_TAXIND2(1.0),15/07/24 23:00:00,Annual,Total environmental taxes,Million euro,Manufacture of rubber and plastic products,Poland,2019,74.42,,
ESTAT:ENV_AC_TAXIND2(1.0),15/07/24 23:00:00,Annual,Total environmental taxes,Million euro,Manufacture of rubber and plastic products,Poland,2020,77.89,,
ESTAT:ENV_AC_TAXIND2(1.0),15/07/24 23:00:00,Annual,Total environmental taxes,Million euro,Manufacture of rubber and plastic products,Poland,2021,108.03,,
ESTAT:ENV_AC_TAXIND2(1.0),15/07/24 23:00:00,Annual,Total environmental taxes,Million euro,Manufacture of rubber and plastic products,Poland,2022,103.92,,
ESTAT:ENV_AC_TAXIND2(1.0),15/07/24 23:00:00,Annual,Total environmental taxes,Million euro,Manufacture of rubber and plastic products,Portugal,2010,4.08,,
ESTAT:ENV_AC_TAXIND2(1.0),15/07/24 23:00:00,Annual,Total environmental taxes,Million euro,Manufacture of rubber and plastic products,Portugal,2011,5.33,,
ESTAT:ENV_AC_TAXIND2(1.0),15/07/24 23:00:00,Annual,Total environmental taxes,Million euro,Manufacture of rubber and plastic products,Portugal,2012,4.67,,
ESTAT:ENV_AC_TAXIND2(1.0),15/07/24 23:00:00,Annual,Total environmental taxes,Million euro,Manufacture of rubber and plastic products,Portugal,2013,4.86,,
ESTAT:ENV_AC_TAXIND2(1.0),15/07/24 23:00:00,Annual,Total environmental taxes,Million euro,Manufacture of rubber and plastic products,Portugal,2014,5.4,,
ESTAT:ENV_AC_TAXIND2(1.0),15/07/24 23:00:00,Annual,Total environmental taxes,Million euro,Manufacture of rubber and plastic products,Portugal,2015,6.12,,
ESTAT:ENV_AC_TAXIND2(1.0),15/07/24 23:00:00,Annual,Total environmental taxes,Million euro,Manufacture of rubber and plastic products,Portugal,2016,6.82,,
ESTAT:ENV_AC_TAXIND2(1.0),15/07/24 23:00:00,Annual,Total environmental taxes,Million euro,Manufacture of rubber and plastic products,Portugal,2017,7.31,,
ESTAT:ENV_AC_TAXIND2(1.0),15/07/24 23:00:00,Annual,Total environmental taxes,Million euro,Manufacture of rubber and plastic products,Portugal,2018,7.85,,
ESTAT:ENV_AC_TAXIND2(1.0),15/07/24 23:00:00,Annual,Total environmental taxes,Million euro,Manufacture of rubber and plastic products,Portugal,2019,7.96,,
ESTAT:ENV_AC_TAXIND2(1.0),15/07/24 23:00:00,Annual,Total environmental taxes,Million euro,Manufacture of rubber and plastic products,Portugal,2020,8.89,,
ESTAT:ENV_AC_TAXIND2(1.0),15/07/24 23:00:00,Annual,Total environmental taxes,Million euro,Manufacture of rubber and plastic products,Portugal,2021,9.37,,
ESTAT:ENV_AC_TAXIND2(1.0),15/07/24 23:00:00,Annual,Total environmental taxes,Million euro,Manufacture of rubber and plastic products,Portugal,2022,7.8,,
ESTAT:ENV_AC_TAXIND2(1.0),15/07/24 23:00:00,Annual,Total environmental taxes,Million euro,Manufacture of rubber and plastic products,Romania,2010,8.17,,
ESTAT:ENV_AC_TAXIND2(1.0),15/07/24 23:00:00,Annual,Total environmental taxes,Million euro,Manufacture of rubber and plastic products,Romania,2011,8.01,,
ESTAT:ENV_AC_TAXIND2(1.0),15/07/24 23:00:00,Annual,Total environmental taxes,Million euro,Manufacture of rubber and plastic products,Romania,2012,8.36,,
ESTAT:ENV_AC_TAXIND2(1.0),15/07/24 23:00:00,Annual,Total environmental taxes,Million euro,Manufacture of rubber and plastic products,Romania,2013,9.35,,
ESTAT:ENV_AC_TAXIND2(1.0),15/07/24 23:00:00,Annual,Total environmental taxes,Million euro,Manufacture of rubber and plastic products,Romania,2014,12.38,,
ESTAT:ENV_AC_TAXIND2(1.0),15/07/24 23:00:00,Annual,Total environmental taxes,Million euro,Manufacture of rubber and plastic products,Romania,2015,23.26,,
ESTAT:ENV_AC_TAXIND2(1.0),15/07/24 23:00:00,Annual,Total environmental taxes,Million euro,Manufacture of rubber and plastic products,Romania,2016,17.97,,
ESTAT:ENV_AC_TAXIND2(1.0),15/07/24 23:00:00,Annual,Total environmental taxes,Million euro,Manufacture of rubber and plastic products,Romania,2017,11.33,,
ESTAT:ENV_AC_TAXIND2(1.0),15/07/24 23:00:00,Annual,Total environmental taxes,Million euro,Manufacture of rubber and plastic products,Romania,2018,22.34,,
ESTAT:ENV_AC_TAXIND2(1.0),15/07/24 23:00:00,Annual,Total environmental taxes,Million euro,Manufacture of rubber and plastic products,Romania,2019,14.6,,
ESTAT:ENV_AC_TAXIND2(1.0),15/07/24 23:00:00,Annual,Total environmental taxes,Million euro,Manufacture of rubber and plastic products,Romania,2020,33.28,,
ESTAT:ENV_AC_TAXIND2(1.0),15/07/24 23:00:00,Annual,Total environmental taxes,Million euro,Manufacture of rubber and plastic products,Romania,2021,17.35,,
ESTAT:ENV_AC_TAXIND2(1.0),15/07/24 23:00:00,Annual,Total environmental taxes,Million euro,Manufacture of rubber and plastic products,Romania,2022,31.35,,
ESTAT:ENV_AC_TAXIND2(1.0),15/07/24 23:00:00,Annual,Total environmental taxes,Million euro,Manufacture of rubber and plastic products,Serbia,2010,2.13,,
ESTAT:ENV_AC_TAXIND2(1.0),15/07/24 23:00:00,Annual,Total environmental taxes,Million euro,Manufacture of rubber and plastic products,Serbia,2011,3.15,,
ESTAT:ENV_AC_TAXIND2(1.0),15/07/24 23:00:00,Annual,Total environmental taxes,Million euro,Manufacture of rubber and plastic products,Serbia,2012,2.44,,
ESTAT:ENV_AC_TAXIND2(1.0),15/07/24 23:00:00,Annual,Total environmental taxes,Million euro,Manufacture of rubber and plastic products,Serbia,2013,3.03,,
ESTAT:ENV_AC_TAXIND2(1.0),15/07/24 23:00:00,Annual,Total environmental taxes,Million euro,Manufacture of rubber and plastic products,Serbia,2014,4.9,,
ESTAT:ENV_AC_TAXIND2(1.0),15/07/24 23:00:00,Annual,Total environmental taxes,Million euro,Manufacture of rubber and plastic products,Serbia,2015,3.57,,
ESTAT:ENV_AC_TAXIND2(1.0),15/07/24 23:00:00,Annual,Total environmental taxes,Million euro,Manufacture of rubber and plastic products,Serbia,2016,6.76,,
ESTAT:ENV_AC_TAXIND2(1.0),15/07/24 23:00:00,Annual,Total environmental taxes,Million euro,Manufacture of rubber and plastic products,Serbia,2017,6.26,,
ESTAT:ENV_AC_TAXIND2(1.0),15/07/24 23:00:00,Annual,Total environmental taxes,Million euro,Manufacture of rubber and plastic products,Serbia,2018,8.06,,
ESTAT:ENV_AC_TAXIND2(1.0),15/07/24 23:00:00,Annual,Total environmental taxes,Million euro,Manufacture of rubber and plastic products,Serbia,2019,7.89,,
ESTAT:ENV_AC_TAXIND2(1.0),15/07/24 23:00:00,Annual,Total environmental taxes,Million euro,Manufacture of rubber and plastic products,Serbia,2020,7.65,,
ESTAT:ENV_AC_TAXIND2(1.0),15/07/24 23:00:00,Annual,Total environmental taxes,Million euro,Manufacture of rubber and plastic products,Serbia,2021,8.16,,
ESTAT:ENV_AC_TAXIND2(1.0),15/07/24 23:00:00,Annual,Total environmental taxes,Million euro,Manufacture of rubber and plastic products,Sweden,2010,7.24,,
ESTAT:ENV_AC_TAXIND2(1.0),15/07/24 23:00:00,Annual,Total environmental taxes,Million euro,Manufacture of rubber and plastic products,Sweden,2011,7.56,,
ESTAT:ENV_AC_TAXIND2(1.0),15/07/24 23:00:00,Annual,Total environmental taxes,Million euro,Manufacture of rubber and plastic products,Sweden,2012,7.64,,
ESTAT:ENV_AC_TAXIND2(1.0),15/07/24 23:00:00,Annual,Total environmental taxes,Million euro,Manufacture of rubber and plastic products,Sweden,2013,7.06,,
ESTAT:ENV_AC_TAXIND2(1.0),15/07/24 23:00:00,Annual,Total environmental taxes,Million euro,Manufacture of rubber and plastic products,Sweden,2014,6.89,,
ESTAT:ENV_AC_TAXIND2(1.0),15/07/24 23:00:00,Annual,Total environmental taxes,Million euro,Manufacture of rubber and plastic products,Sweden,2015,7.36,b,
ESTAT:ENV_AC_TAXIND2(1.0),15/07/24 23:00:00,Annual,Total environmental taxes,Million euro,Manufacture of rubber and plastic products,Sweden,2016,8.64,,
ESTAT:ENV_AC_TAXIND2(1.0),15/07/24 23:00:00,Annual,Total environmental taxes,Million euro,Manufacture of rubber and plastic products,Sweden,2017,8.2,,
ESTAT:ENV_AC_TAXIND2(1.0),15/07/24 23:00:00,Annual,Total environmental taxes,Million euro,Manufacture of rubber and plastic products,Sweden,2018,8.6,,
ESTAT:ENV_AC_TAXIND2(1.0),15/07/24 23:00:00,Annual,Total environmental taxes,Million euro,Manufacture of rubber and plastic products,Sweden,2019,8.26,,
ESTAT:ENV_AC_TAXIND2(1.0),15/07/24 23:00:00,Annual,Total environmental taxes,Million euro,Manufacture of rubber and plastic products,Sweden,2020,9.33,,
ESTAT:ENV_AC_TAXIND2(1.0),15/07/24 23:00:00,Annual,Total environmental taxes,Million euro,Manufacture of rubber and plastic products,Sweden,2021,8.8,,
ESTAT:ENV_AC_TAXIND2(1.0),15/07/24 23:00:00,Annual,Total environmental taxes,Million euro,Manufacture of rubber and plastic products,Sweden,2022,7.88,p,
ESTAT:ENV_AC_TAXIND2(1.0),15/07/24 23:00:00,Annual,Total environmental taxes,Million euro,Manufacture of rubber and plastic products,Slovenia,2010,0.39,,
ESTAT:ENV_AC_TAXIND2(1.0),15/07/24 23:00:00,Annual,Total environmental taxes,Million euro,Manufacture of rubber and plastic products,Slovenia,2011,0.41,,
ESTAT:ENV_AC_TAXIND2(1.0),15/07/24 23:00:00,Annual,Total environmental taxes,Million euro,Manufacture of rubber and plastic products,Slovenia,2012,2.5,,
ESTAT:ENV_AC_TAXIND2(1.0),15/07/24 23:00:00,Annual,Total environmental taxes,Million euro,Manufacture of rubber and plastic products,Slovenia,2013,2.8,,
ESTAT:ENV_AC_TAXIND2(1.0),15/07/24 23:00:00,Annual,Total environmental taxes,Million euro,Manufacture of rubber and plastic products,Slovenia,2014,2.85,,
ESTAT:ENV_AC_TAXIND2(1.0),15/07/24 23:00:00,Annual,Total environmental taxes,Million euro,Manufacture of rubber and plastic products,Slovenia,2015,3.17,,
ESTAT:ENV_AC_TAXIND2(1.0),15/07/24 23:00:00,Annual,Total environmental taxes,Million euro,Manufacture of rubber and plastic products,Slovenia,2016,3.45,,
ESTAT:ENV_AC_TAXIND2(1.0),15/07/24 23:00:00,Annual,Total environmental taxes,Million euro,Manufacture of rubber and plastic products,Slovenia,2017,3.03,,
ESTAT:ENV_AC_TAXIND2(1.0),15/07/24 23:00:00,Annual,Total environmental taxes,Million euro,Manufacture of rubber and plastic products,Slovenia,2018,2.98,,
ESTAT:ENV_AC_TAXIND2(1.0),15/07/24 23:00:00,Annual,Total environmental taxes,Million euro,Manufacture of rubber and plastic products,Slovenia,2019,4.12,,
ESTAT:ENV_AC_TAXIND2(1.0),15/07/24 23:00:00,Annual,Total environmental taxes,Million euro,Manufacture of rubber and plastic products,Slovenia,2020,3.52,,
ESTAT:ENV_AC_TAXIND2(1.0),15/07/24 23:00:00,Annual,Total environmental taxes,Million euro,Manufacture of rubber and plastic products,Slovenia,2021,4.17,,
ESTAT:ENV_AC_TAXIND2(1.0),15/07/24 23:00:00,Annual,Total environmental taxes,Million euro,Manufacture of rubber and plastic products,Slovenia,2022,4.48,,
ESTAT:ENV_AC_TAXIND2(1.0),15/07/24 23:00:00,Annual,Total environmental taxes,Million euro,Manufacture of rubber and plastic products,Slovakia,2010,5.98,,
ESTAT:ENV_AC_TAXIND2(1.0),15/07/24 23:00:00,Annual,Total environmental taxes,Million euro,Manufacture of rubber and plastic products,Slovakia,2011,6.93,,
ESTAT:ENV_AC_TAXIND2(1.0),15/07/24 23:00:00,Annual,Total environmental taxes,Million euro,Manufacture of rubber and plastic products,Slovakia,2012,8.49,,
ESTAT:ENV_AC_TAXIND2(1.0),15/07/24 23:00:00,Annual,Total environmental taxes,Million euro,Manufacture of rubber and plastic products,Slovakia,2013,12.46,,
ESTAT:ENV_AC_TAXIND2(1.0),15/07/24 23:00:00,Annual,Total environmental taxes,Million euro,Manufacture of rubber and plastic products,Slovakia,2014,15.26,,
ESTAT:ENV_AC_TAXIND2(1.0),15/07/24 23:00:00,Annual,Total environmental taxes,Million euro,Manufacture of rubber and plastic products,Slovakia,2015,12.2,,
ESTAT:ENV_AC_TAXIND2(1.0),15/07/24 23:00:00,Annual,Total environmental taxes,Million euro,Manufacture of rubber and plastic products,Slovakia,2016,7.39,,
ESTAT:ENV_AC_TAXIND2(1.0),15/07/24 23:00:00,Annual,Total environmental taxes,Million euro,Manufacture of rubber and plastic products,Slovakia,2017,4.31,,
ESTAT:ENV_AC_TAXIND2(1.0),15/07/24 23:00:00,Annual,Total environmental taxes,Million euro,Manufacture of rubber and plastic products,Slovakia,2018,5.81,,
ESTAT:ENV_AC_TAXIND2(1.0),15/07/24 23:00:00,Annual,Total environmental taxes,Million euro,Manufacture of rubber and plastic products,Slovakia,2019,7.16,,
ESTAT:ENV_AC_TAXIND2(1.0),15/07/24 23:00:00,Annual,Total environmental taxes,Million euro,Manufacture of rubber and plastic products,Slovakia,2020,9.34,,
ESTAT:ENV_AC_TAXIND2(1.0),15/07/24 23:00:00,Annual,Total environmental taxes,Million euro,Manufacture of rubber and plastic products,Slovakia,2021,9.83,p,
ESTAT:ENV_AC_TAXIND2(1.0),15/07/24 23:00:00,Annual,Total environmental taxes,Million euro,Manufacture of rubber and plastic products,Slovakia,2022,9.23,ep,
ESTAT:ENV_AC_TAXIND2(1.0),15/07/24 23:00:00,Annual,Total environmental taxes,Million euro,Manufacture of rubber and plastic products,Trkiye,2010,27.82,,
ESTAT:ENV_AC_TAXIND2(1.0),15/07/24 23:00:00,Annual,Total environmental taxes,Million euro,Manufacture of rubber and plastic products,Trkiye,2011,26.06,,
ESTAT:ENV_AC_TAXIND2(1.0),15/07/24 23:00:00,Annual,Total environmental taxes,Million euro,Manufacture of rubber and plastic products,Trkiye,2012,28.78,,
ESTAT:ENV_AC_TAXIND2(1.0),15/07/24 23:00:00,Annual,Total environmental taxes,Million euro,Manufacture of rubber and plastic products,Trkiye,2013,32.03,,
ESTAT:ENV_AC_TAXIND2(1.0),15/07/24 23:00:00,Annual,Total environmental taxes,Million euro,Manufacture of rubber and plastic products,Trkiye,2014,28.28,,
ESTAT:ENV_AC_TAXIND2(1.0),15/07/24 23:00:00,Annual,Total environmental taxes,Million euro,Manufacture of rubber and plastic products,Trkiye,2015,31.04,,
ESTAT:ENV_AC_TAXIND2(1.0),15/07/24 23:00:00,Annual,Total environmental taxes,Million euro,Manufacture of rubber and plastic products,Trkiye,2016,30.43,,
ESTAT:ENV_AC_TAXIND2(1.0),15/07/24 23:00:00,Annual,Total environmental taxes,Million euro,Manufacture of rubber and plastic products,Trkiye,2017,28.54,,
ESTAT:ENV_AC_TAXIND2(1.0),15/07/24 23:00:00,Annual,Total environmental taxes,Million euro,Manufacture of rubber and plastic products,Trkiye,2018,19.71,,
ESTAT:ENV_AC_TAXIND2(1.0),15/07/24 23:00:00,Annual,Total environmental taxes,Million euro,Manufacture of rubber and plastic products,Trkiye,2019,22.13,,
ESTAT:ENV_AC_TAXIND2(1.0),15/07/24 23:00:00,Annual,Total environmental taxes,Million euro,Manufacture of rubber and plastic products,Trkiye,2020,23.25,,
ESTAT:ENV_AC_TAXIND2(1.0),15/07/24 23:00:00,Annual,Total environmental taxes,Million euro,Manufacture of rubber and plastic products,Trkiye,2021,18.55,,
