DATAFLOW,LAST UPDATE,freq,waste,unit,geo,TIME_PERIOD,OBS_VALUE,OBS_FLAG,CONF_STATUS
ESTAT:CEI_WM020(1.0),27/02/25 23:00:00,Annual,Plastic packaging,Rate,Austria,2000,26.2,,
ESTAT:CEI_WM020(1.0),27/02/25 23:00:00,Annual,Plastic packaging,Rate,Austria,2001,29.1,,
ESTAT:CEI_WM020(1.0),27/02/25 23:00:00,Annual,Plastic packaging,Rate,Austria,2002,30,,
ESTAT:CEI_WM020(1.0),27/02/25 23:00:00,Annual,Plastic packaging,Rate,Austria,2003,30.7,,
ESTAT:CEI_WM020(1.0),27/02/25 23:00:00,Annual,Plastic packaging,Rate,Austria,2004,33.2,,
ESTAT:CEI_WM020(1.0),27/02/25 23:00:00,Annual,Plastic packaging,Rate,Austria,2005,32.9,,
ESTAT:CEI_WM020(1.0),27/02/25 23:00:00,Annual,Plastic packaging,Rate,Austria,2006,35.8,,
ESTAT:CEI_WM020(1.0),27/02/25 23:00:00,Annual,Plastic packaging,Rate,Austria,2007,32.7,,
ESTAT:CEI_WM020(1.0),27/02/25 23:00:00,Annual,Plastic packaging,Rate,Austria,2008,34.9,,
ESTAT:CEI_WM020(1.0),27/02/25 23:00:00,Annual,Plastic packaging,Rate,Austria,2009,32.7,,
ESTAT:CEI_WM020(1.0),27/02/25 23:00:00,Annual,Plastic packaging,Rate,Austria,2010,34.4,,
ESTAT:CEI_WM020(1.0),27/02/25 23:00:00,Annual,Plastic packaging,Rate,Austria,2011,34.8,,
ESTAT:CEI_WM020(1.0),27/02/25 23:00:00,Annual,Plastic packaging,Rate,Austria,2012,34.7,,
ESTAT:CEI_WM020(1.0),27/02/25 23:00:00,Annual,Plastic packaging,Rate,Austria,2013,34.4,,
ESTAT:CEI_WM020(1.0),27/02/25 23:00:00,Annual,Plastic packaging,Rate,Austria,2014,33.6,,
ESTAT:CEI_WM020(1.0),27/02/25 23:00:00,Annual,Plastic packaging,Rate,Austria,2015,33.6,,
ESTAT:CEI_WM020(1.0),27/02/25 23:00:00,Annual,Plastic packaging,Rate,Austria,2016,33.6,,
ESTAT:CEI_WM020(1.0),27/02/25 23:00:00,Annual,Plastic packaging,Rate,Austria,2017,33.4,,
ESTAT:CEI_WM020(1.0),27/02/25 23:00:00,Annual,Plastic packaging,Rate,Austria,2018,31.9,,
ESTAT:CEI_WM020(1.0),27/02/25 23:00:00,Annual,Plastic packaging,Rate,Austria,2019,30.8,,
ESTAT:CEI_WM020(1.0),27/02/25 23:00:00,Annual,Plastic packaging,Rate,Austria,2020,31.6,b,
ESTAT:CEI_WM020(1.0),27/02/25 23:00:00,Annual,Plastic packaging,Rate,Austria,2021,30.7,,
ESTAT:CEI_WM020(1.0),27/02/25 23:00:00,Annual,Plastic packaging,Rate,Austria,2022,25.4,,
ESTAT:CEI_WM020(1.0),27/02/25 23:00:00,Annual,Plastic packaging,Rate,Belgium,2000,25.5,,
ESTAT:CEI_WM020(1.0),27/02/25 23:00:00,Annual,Plastic packaging,Rate,Belgium,2001,28.5,,
ESTAT:CEI_WM020(1.0),27/02/25 23:00:00,Annual,Plastic packaging,Rate,Belgium,2002,29.5,,
ESTAT:CEI_WM020(1.0),27/02/25 23:00:00,Annual,Plastic packaging,Rate,Belgium,2003,32.5,,
ESTAT:CEI_WM020(1.0),27/02/25 23:00:00,Annual,Plastic packaging,Rate,Belgium,2004,36.5,,
ESTAT:CEI_WM020(1.0),27/02/25 23:00:00,Annual,Plastic packaging,Rate,Belgium,2005,38.1,,
ESTAT:CEI_WM020(1.0),27/02/25 23:00:00,Annual,Plastic packaging,Rate,Belgium,2006,38.6,,
ESTAT:CEI_WM020(1.0),27/02/25 23:00:00,Annual,Plastic packaging,Rate,Belgium,2007,38.4,,
ESTAT:CEI_WM020(1.0),27/02/25 23:00:00,Annual,Plastic packaging,Rate,Belgium,2008,39.5,,
ESTAT:CEI_WM020(1.0),27/02/25 23:00:00,Annual,Plastic packaging,Rate,Belgium,2009,43,,
ESTAT:CEI_WM020(1.0),27/02/25 23:00:00,Annual,Plastic packaging,Rate,Belgium,2010,41.5,,
ESTAT:CEI_WM020(1.0),27/02/25 23:00:00,Annual,Plastic packaging,Rate,Belgium,2011,41.4,,
ESTAT:CEI_WM020(1.0),27/02/25 23:00:00,Annual,Plastic packaging,Rate,Belgium,2012,41.5,,
ESTAT:CEI_WM020(1.0),27/02/25 23:00:00,Annual,Plastic packaging,Rate,Belgium,2013,39,,
ESTAT:CEI_WM020(1.0),27/02/25 23:00:00,Annual,Plastic packaging,Rate,Belgium,2014,41.8,,
ESTAT:CEI_WM020(1.0),27/02/25 23:00:00,Annual,Plastic packaging,Rate,Belgium,2015,42.6,,
ESTAT:CEI_WM020(1.0),27/02/25 23:00:00,Annual,Plastic packaging,Rate,Belgium,2016,43.4,,
ESTAT:CEI_WM020(1.0),27/02/25 23:00:00,Annual,Plastic packaging,Rate,Belgium,2017,44.5,,
ESTAT:CEI_WM020(1.0),27/02/25 23:00:00,Annual,Plastic packaging,Rate,Belgium,2018,42.4,,
ESTAT:CEI_WM020(1.0),27/02/25 23:00:00,Annual,Plastic packaging,Rate,Belgium,2019,47.3,,
ESTAT:CEI_WM020(1.0),27/02/25 23:00:00,Annual,Plastic packaging,Rate,Belgium,2020,44.7,,
ESTAT:CEI_WM020(1.0),27/02/25 23:00:00,Annual,Plastic packaging,Rate,Belgium,2021,49.2,,
ESTAT:CEI_WM020(1.0),27/02/25 23:00:00,Annual,Plastic packaging,Rate,Belgium,2022,54.2,,
ESTAT:CEI_WM020(1.0),27/02/25 23:00:00,Annual,Plastic packaging,Rate,Bulgaria,2005,8.4,,
ESTAT:CEI_WM020(1.0),27/02/25 23:00:00,Annual,Plastic packaging,Rate,Bulgaria,2006,20.2,,
ESTAT:CEI_WM020(1.0),27/02/25 23:00:00,Annual,Plastic packaging,Rate,Bulgaria,2007,19.5,,
ESTAT:CEI_WM020(1.0),27/02/25 23:00:00,Annual,Plastic packaging,Rate,Bulgaria,2008,15.6,,
ESTAT:CEI_WM020(1.0),27/02/25 23:00:00,Annual,Plastic packaging,Rate,Bulgaria,2009,30,,
ESTAT:CEI_WM020(1.0),27/02/25 23:00:00,Annual,Plastic packaging,Rate,Bulgaria,2010,40.9,,
ESTAT:CEI_WM020(1.0),27/02/25 23:00:00,Annual,Plastic packaging,Rate,Bulgaria,2011,39.2,,
ESTAT:CEI_WM020(1.0),27/02/25 23:00:00,Annual,Plastic packaging,Rate,Bulgaria,2012,40.7,,
ESTAT:CEI_WM020(1.0),27/02/25 23:00:00,Annual,Plastic packaging,Rate,Bulgaria,2013,41.3,,
ESTAT:CEI_WM020(1.0),27/02/25 23:00:00,Annual,Plastic packaging,Rate,Bulgaria,2014,64.1,,
ESTAT:CEI_WM020(1.0),27/02/25 23:00:00,Annual,Plastic packaging,Rate,Bulgaria,2015,60.8,,
ESTAT:CEI_WM020(1.0),27/02/25 23:00:00,Annual,Plastic packaging,Rate,Bulgaria,2016,52.6,,
ESTAT:CEI_WM020(1.0),27/02/25 23:00:00,Annual,Plastic packaging,Rate,Bulgaria,2017,64.8,,
ESTAT:CEI_WM020(1.0),27/02/25 23:00:00,Annual,Plastic packaging,Rate,Bulgaria,2018,59.2,,
ESTAT:CEI_WM020(1.0),27/02/25 23:00:00,Annual,Plastic packaging,Rate,Bulgaria,2019,50.6,,
ESTAT:CEI_WM020(1.0),27/02/25 23:00:00,Annual,Plastic packaging,Rate,Bulgaria,2021,47.1,,
ESTAT:CEI_WM020(1.0),27/02/25 23:00:00,Annual,Plastic packaging,Rate,Bulgaria,2022,39.5,,
ESTAT:CEI_WM020(1.0),27/02/25 23:00:00,Annual,Plastic packaging,Rate,Cyprus,2004,9,,
ESTAT:CEI_WM020(1.0),27/02/25 23:00:00,Annual,Plastic packaging,Rate,Cyprus,2005,8.7,,
ESTAT:CEI_WM020(1.0),27/02/25 23:00:00,Annual,Plastic packaging,Rate,Cyprus,2006,14.5,,
ESTAT:CEI_WM020(1.0),27/02/25 23:00:00,Annual,Plastic packaging,Rate,Cyprus,2007,14.3,,
ESTAT:CEI_WM020(1.0),27/02/25 23:00:00,Annual,Plastic packaging,Rate,Cyprus,2008,14.8,,
ESTAT:CEI_WM020(1.0),27/02/25 23:00:00,Annual,Plastic packaging,Rate,Cyprus,2009,18.2,,
ESTAT:CEI_WM020(1.0),27/02/25 23:00:00,Annual,Plastic packaging,Rate,Cyprus,2010,27.2,,
ESTAT:CEI_WM020(1.0),27/02/25 23:00:00,Annual,Plastic packaging,Rate,Cyprus,2011,38,,
ESTAT:CEI_WM020(1.0),27/02/25 23:00:00,Annual,Plastic packaging,Rate,Cyprus,2012,44.8,,
ESTAT:CEI_WM020(1.0),27/02/25 23:00:00,Annual,Plastic packaging,Rate,Cyprus,2013,45.3,,
ESTAT:CEI_WM020(1.0),27/02/25 23:00:00,Annual,Plastic packaging,Rate,Cyprus,2014,46.6,,
ESTAT:CEI_WM020(1.0),27/02/25 23:00:00,Annual,Plastic packaging,Rate,Cyprus,2015,63.7,,
ESTAT:CEI_WM020(1.0),27/02/25 23:00:00,Annual,Plastic packaging,Rate,Cyprus,2016,62.3,,
ESTAT:CEI_WM020(1.0),27/02/25 23:00:00,Annual,Plastic packaging,Rate,Cyprus,2017,65,,
ESTAT:CEI_WM020(1.0),27/02/25 23:00:00,Annual,Plastic packaging,Rate,Cyprus,2018,54.3,e,
ESTAT:CEI_WM020(1.0),27/02/25 23:00:00,Annual,Plastic packaging,Rate,Cyprus,2019,50.5,e,
ESTAT:CEI_WM020(1.0),27/02/25 23:00:00,Annual,Plastic packaging,Rate,Cyprus,2020,48.6,e,
ESTAT:CEI_WM020(1.0),27/02/25 23:00:00,Annual,Plastic packaging,Rate,Cyprus,2021,37.9,be,
ESTAT:CEI_WM020(1.0),27/02/25 23:00:00,Annual,Plastic packaging,Rate,Cyprus,2022,39.1,be,
ESTAT:CEI_WM020(1.0),27/02/25 23:00:00,Annual,Plastic packaging,Rate,Czechia,2003,37.6,,
ESTAT:CEI_WM020(1.0),27/02/25 23:00:00,Annual,Plastic packaging,Rate,Czechia,2004,43.8,,
ESTAT:CEI_WM020(1.0),27/02/25 23:00:00,Annual,Plastic packaging,Rate,Czechia,2005,35,,
ESTAT:CEI_WM020(1.0),27/02/25 23:00:00,Annual,Plastic packaging,Rate,Czechia,2006,44.3,,
ESTAT:CEI_WM020(1.0),27/02/25 23:00:00,Annual,Plastic packaging,Rate,Czechia,2007,45.5,,
ESTAT:CEI_WM020(1.0),27/02/25 23:00:00,Annual,Plastic packaging,Rate,Czechia,2008,50.2,,
ESTAT:CEI_WM020(1.0),27/02/25 23:00:00,Annual,Plastic packaging,Rate,Czechia,2009,52.5,,
ESTAT:CEI_WM020(1.0),27/02/25 23:00:00,Annual,Plastic packaging,Rate,Czechia,2010,54,,
ESTAT:CEI_WM020(1.0),27/02/25 23:00:00,Annual,Plastic packaging,Rate,Czechia,2011,57,,
ESTAT:CEI_WM020(1.0),27/02/25 23:00:00,Annual,Plastic packaging,Rate,Czechia,2012,58.2,,
ESTAT:CEI_WM020(1.0),27/02/25 23:00:00,Annual,Plastic packaging,Rate,Czechia,2013,59.7,,
ESTAT:CEI_WM020(1.0),27/02/25 23:00:00,Annual,Plastic packaging,Rate,Czechia,2014,58.2,,
ESTAT:CEI_WM020(1.0),27/02/25 23:00:00,Annual,Plastic packaging,Rate,Czechia,2015,61.7,,
ESTAT:CEI_WM020(1.0),27/02/25 23:00:00,Annual,Plastic packaging,Rate,Czechia,2016,59.2,,
ESTAT:CEI_WM020(1.0),27/02/25 23:00:00,Annual,Plastic packaging,Rate,Czechia,2017,58.6,,
ESTAT:CEI_WM020(1.0),27/02/25 23:00:00,Annual,Plastic packaging,Rate,Czechia,2018,57,,
ESTAT:CEI_WM020(1.0),27/02/25 23:00:00,Annual,Plastic packaging,Rate,Czechia,2019,61,,
ESTAT:CEI_WM020(1.0),27/02/25 23:00:00,Annual,Plastic packaging,Rate,Czechia,2020,41.8,bd,
ESTAT:CEI_WM020(1.0),27/02/25 23:00:00,Annual,Plastic packaging,Rate,Czechia,2021,45.1,d,
ESTAT:CEI_WM020(1.0),27/02/25 23:00:00,Annual,Plastic packaging,Rate,Czechia,2022,47.2,bd,
ESTAT:CEI_WM020(1.0),27/02/25 23:00:00,Annual,Plastic packaging,Rate,Germany,2000,53.4,,
ESTAT:CEI_WM020(1.0),27/02/25 23:00:00,Annual,Plastic packaging,Rate,Germany,2001,51.8,,
ESTAT:CEI_WM020(1.0),27/02/25 23:00:00,Annual,Plastic packaging,Rate,Germany,2002,49,,
ESTAT:CEI_WM020(1.0),27/02/25 23:00:00,Annual,Plastic packaging,Rate,Germany,2003,38,,
ESTAT:CEI_WM020(1.0),27/02/25 23:00:00,Annual,Plastic packaging,Rate,Germany,2004,33.8,,
ESTAT:CEI_WM020(1.0),27/02/25 23:00:00,Annual,Plastic packaging,Rate,Germany,2005,35.2,,
ESTAT:CEI_WM020(1.0),27/02/25 23:00:00,Annual,Plastic packaging,Rate,Germany,2006,38.1,,
ESTAT:CEI_WM020(1.0),27/02/25 23:00:00,Annual,Plastic packaging,Rate,Germany,2007,40.7,,
ESTAT:CEI_WM020(1.0),27/02/25 23:00:00,Annual,Plastic packaging,Rate,Germany,2008,44.7,,
ESTAT:CEI_WM020(1.0),27/02/25 23:00:00,Annual,Plastic packaging,Rate,Germany,2009,46.5,,
ESTAT:CEI_WM020(1.0),27/02/25 23:00:00,Annual,Plastic packaging,Rate,Germany,2010,45.1,,
ESTAT:CEI_WM020(1.0),27/02/25 23:00:00,Annual,Plastic packaging,Rate,Germany,2011,46.3,,
ESTAT:CEI_WM020(1.0),27/02/25 23:00:00,Annual,Plastic packaging,Rate,Germany,2012,47,,
ESTAT:CEI_WM020(1.0),27/02/25 23:00:00,Annual,Plastic packaging,Rate,Germany,2013,46.8,,
ESTAT:CEI_WM020(1.0),27/02/25 23:00:00,Annual,Plastic packaging,Rate,Germany,2014,47.3,,
ESTAT:CEI_WM020(1.0),27/02/25 23:00:00,Annual,Plastic packaging,Rate,Germany,2015,47.4,,
ESTAT:CEI_WM020(1.0),27/02/25 23:00:00,Annual,Plastic packaging,Rate,Germany,2016,48.4,,
ESTAT:CEI_WM020(1.0),27/02/25 23:00:00,Annual,Plastic packaging,Rate,Germany,2017,48,,
ESTAT:CEI_WM020(1.0),27/02/25 23:00:00,Annual,Plastic packaging,Rate,Germany,2018,46.4,,
ESTAT:CEI_WM020(1.0),27/02/25 23:00:00,Annual,Plastic packaging,Rate,Germany,2019,43.3,b,
ESTAT:CEI_WM020(1.0),27/02/25 23:00:00,Annual,Plastic packaging,Rate,Germany,2020,46.2,,
ESTAT:CEI_WM020(1.0),27/02/25 23:00:00,Annual,Plastic packaging,Rate,Germany,2021,48.4,,
ESTAT:CEI_WM020(1.0),27/02/25 23:00:00,Annual,Plastic packaging,Rate,Germany,2022,51.1,,
ESTAT:CEI_WM020(1.0),27/02/25 23:00:00,Annual,Plastic packaging,Rate,Denmark,2000,12.5,,
ESTAT:CEI_WM020(1.0),27/02/25 23:00:00,Annual,Plastic packaging,Rate,Denmark,2001,13.9,,
ESTAT:CEI_WM020(1.0),27/02/25 23:00:00,Annual,Plastic packaging,Rate,Denmark,2002,15.5,,
ESTAT:CEI_WM020(1.0),27/02/25 23:00:00,Annual,Plastic packaging,Rate,Denmark,2003,17.4,,
ESTAT:CEI_WM020(1.0),27/02/25 23:00:00,Annual,Plastic packaging,Rate,Denmark,2004,16.3,,
ESTAT:CEI_WM020(1.0),27/02/25 23:00:00,Annual,Plastic packaging,Rate,Denmark,2005,19.1,,
ESTAT:CEI_WM020(1.0),27/02/25 23:00:00,Annual,Plastic packaging,Rate,Denmark,2006,20.3,,
ESTAT:CEI_WM020(1.0),27/02/25 23:00:00,Annual,Plastic packaging,Rate,Denmark,2007,21.8,,
ESTAT:CEI_WM020(1.0),27/02/25 23:00:00,Annual,Plastic packaging,Rate,Denmark,2008,25.4,,
ESTAT:CEI_WM020(1.0),27/02/25 23:00:00,Annual,Plastic packaging,Rate,Denmark,2009,26.4,,
ESTAT:CEI_WM020(1.0),27/02/25 23:00:00,Annual,Plastic packaging,Rate,Denmark,2010,26.4,e,
ESTAT:CEI_WM020(1.0),27/02/25 23:00:00,Annual,Plastic packaging,Rate,Denmark,2011,22.3,b,
ESTAT:CEI_WM020(1.0),27/02/25 23:00:00,Annual,Plastic packaging,Rate,Denmark,2012,25.9,,
ESTAT:CEI_WM020(1.0),27/02/25 23:00:00,Annual,Plastic packaging,Rate,Denmark,2013,29.1,,
ESTAT:CEI_WM020(1.0),27/02/25 23:00:00,Annual,Plastic packaging,Rate,Denmark,2014,30.7,,
ESTAT:CEI_WM020(1.0),27/02/25 23:00:00,Annual,Plastic packaging,Rate,Denmark,2015,30.5,,
ESTAT:CEI_WM020(1.0),27/02/25 23:00:00,Annual,Plastic packaging,Rate,Denmark,2016,36.1,,
ESTAT:CEI_WM020(1.0),27/02/25 23:00:00,Annual,Plastic packaging,Rate,Denmark,2017,41.8,,
ESTAT:CEI_WM020(1.0),27/02/25 23:00:00,Annual,Plastic packaging,Rate,Denmark,2018,31.3,,
ESTAT:CEI_WM020(1.0),27/02/25 23:00:00,Annual,Plastic packaging,Rate,Denmark,2019,37.4,,
ESTAT:CEI_WM020(1.0),27/02/25 23:00:00,Annual,Plastic packaging,Rate,Denmark,2020,22.9,b,
ESTAT:CEI_WM020(1.0),27/02/25 23:00:00,Annual,Plastic packaging,Rate,Denmark,2021,20.8,,
ESTAT:CEI_WM020(1.0),27/02/25 23:00:00,Annual,Plastic packaging,Rate,Denmark,2022,23.5,,
ESTAT:CEI_WM020(1.0),27/02/25 23:00:00,Annual,Plastic packaging,Rate,Estonia,2004,12,,
ESTAT:CEI_WM020(1.0),27/02/25 23:00:00,Annual,Plastic packaging,Rate,Estonia,2005,25.5,,
ESTAT:CEI_WM020(1.0),27/02/25 23:00:00,Annual,Plastic packaging,Rate,Estonia,2006,33.7,,
ESTAT:CEI_WM020(1.0),27/02/25 23:00:00,Annual,Plastic packaging,Rate,Estonia,2007,38.2,,
ESTAT:CEI_WM020(1.0),27/02/25 23:00:00,Annual,Plastic packaging,Rate,Estonia,2008,22,,
ESTAT:CEI_WM020(1.0),27/02/25 23:00:00,Annual,Plastic packaging,Rate,Estonia,2009,22.7,,
ESTAT:CEI_WM020(1.0),27/02/25 23:00:00,Annual,Plastic packaging,Rate,Estonia,2010,33.4,,
ESTAT:CEI_WM020(1.0),27/02/25 23:00:00,Annual,Plastic packaging,Rate,Estonia,2011,39.6,,
ESTAT:CEI_WM020(1.0),27/02/25 23:00:00,Annual,Plastic packaging,Rate,Estonia,2012,29.8,,
ESTAT:CEI_WM020(1.0),27/02/25 23:00:00,Annual,Plastic packaging,Rate,Estonia,2013,28.1,,
ESTAT:CEI_WM020(1.0),27/02/25 23:00:00,Annual,Plastic packaging,Rate,Estonia,2014,29.3,,
ESTAT:CEI_WM020(1.0),27/02/25 23:00:00,Annual,Plastic packaging,Rate,Estonia,2015,27.8,,
ESTAT:CEI_WM020(1.0),27/02/25 23:00:00,Annual,Plastic packaging,Rate,Estonia,2016,24.6,,
ESTAT:CEI_WM020(1.0),27/02/25 23:00:00,Annual,Plastic packaging,Rate,Estonia,2017,26.5,,
ESTAT:CEI_WM020(1.0),27/02/25 23:00:00,Annual,Plastic packaging,Rate,Estonia,2018,37.7,,
ESTAT:CEI_WM020(1.0),27/02/25 23:00:00,Annual,Plastic packaging,Rate,Estonia,2019,40.6,,
ESTAT:CEI_WM020(1.0),27/02/25 23:00:00,Annual,Plastic packaging,Rate,Estonia,2020,40.9,,
ESTAT:CEI_WM020(1.0),27/02/25 23:00:00,Annual,Plastic packaging,Rate,Estonia,2021,42.5,,
ESTAT:CEI_WM020(1.0),27/02/25 23:00:00,Annual,Plastic packaging,Rate,Estonia,2022,44.3,,
ESTAT:CEI_WM020(1.0),27/02/25 23:00:00,Annual,Plastic packaging,Rate,Greece,2000,3.1,,
ESTAT:CEI_WM020(1.0),27/02/25 23:00:00,Annual,Plastic packaging,Rate,Greece,2001,3,,
ESTAT:CEI_WM020(1.0),27/02/25 23:00:00,Annual,Plastic packaging,Rate,Greece,2002,3,,
ESTAT:CEI_WM020(1.0),27/02/25 23:00:00,Annual,Plastic packaging,Rate,Greece,2003,3,,
ESTAT:CEI_WM020(1.0),27/02/25 23:00:00,Annual,Plastic packaging,Rate,Greece,2004,5.9,,
ESTAT:CEI_WM020(1.0),27/02/25 23:00:00,Annual,Plastic packaging,Rate,Greece,2005,9.9,,
ESTAT:CEI_WM020(1.0),27/02/25 23:00:00,Annual,Plastic packaging,Rate,Greece,2006,10,,
ESTAT:CEI_WM020(1.0),27/02/25 23:00:00,Annual,Plastic packaging,Rate,Greece,2007,13.7,,
ESTAT:CEI_WM020(1.0),27/02/25 23:00:00,Annual,Plastic packaging,Rate,Greece,2008,11.9,,
ESTAT:CEI_WM020(1.0),27/02/25 23:00:00,Annual,Plastic packaging,Rate,Greece,2009,26.7,,
ESTAT:CEI_WM020(1.0),27/02/25 23:00:00,Annual,Plastic packaging,Rate,Greece,2010,30.1,,
ESTAT:CEI_WM020(1.0),27/02/25 23:00:00,Annual,Plastic packaging,Rate,Greece,2011,33,,
ESTAT:CEI_WM020(1.0),27/02/25 23:00:00,Annual,Plastic packaging,Rate,Greece,2012,32.2,,
ESTAT:CEI_WM020(1.0),27/02/25 23:00:00,Annual,Plastic packaging,Rate,Greece,2013,32.3,,
ESTAT:CEI_WM020(1.0),27/02/25 23:00:00,Annual,Plastic packaging,Rate,Greece,2014,32.8,,
ESTAT:CEI_WM020(1.0),27/02/25 23:00:00,Annual,Plastic packaging,Rate,Greece,2015,36.8,,
ESTAT:CEI_WM020(1.0),27/02/25 23:00:00,Annual,Plastic packaging,Rate,Greece,2016,38.2,,
ESTAT:CEI_WM020(1.0),27/02/25 23:00:00,Annual,Plastic packaging,Rate,Greece,2017,41.4,,
ESTAT:CEI_WM020(1.0),27/02/25 23:00:00,Annual,Plastic packaging,Rate,Greece,2018,39.8,e,
ESTAT:CEI_WM020(1.0),27/02/25 23:00:00,Annual,Plastic packaging,Rate,Greece,2019,37.6,e,
ESTAT:CEI_WM020(1.0),27/02/25 23:00:00,Annual,Plastic packaging,Rate,Greece,2021,37.8,,
ESTAT:CEI_WM020(1.0),27/02/25 23:00:00,Annual,Plastic packaging,Rate,Greece,2022,31.8,,
ESTAT:CEI_WM020(1.0),27/02/25 23:00:00,Annual,Plastic packaging,Rate,Spain,2000,17.2,,
ESTAT:CEI_WM020(1.0),27/02/25 23:00:00,Annual,Plastic packaging,Rate,Spain,2001,17.8,,
ESTAT:CEI_WM020(1.0),27/02/25 23:00:00,Annual,Plastic packaging,Rate,Spain,2002,19.6,,
ESTAT:CEI_WM020(1.0),27/02/25 23:00:00,Annual,Plastic packaging,Rate,Spain,2003,19.9,,
ESTAT:CEI_WM020(1.0),27/02/25 23:00:00,Annual,Plastic packaging,Rate,Spain,2004,20.1,,
ESTAT:CEI_WM020(1.0),27/02/25 23:00:00,Annual,Plastic packaging,Rate,Spain,2005,20.7,,
ESTAT:CEI_WM020(1.0),27/02/25 23:00:00,Annual,Plastic packaging,Rate,Spain,2006,22.4,,
ESTAT:CEI_WM020(1.0),27/02/25 23:00:00,Annual,Plastic packaging,Rate,Spain,2007,23.3,,
ESTAT:CEI_WM020(1.0),27/02/25 23:00:00,Annual,Plastic packaging,Rate,Spain,2008,24.4,,
ESTAT:CEI_WM020(1.0),27/02/25 23:00:00,Annual,Plastic packaging,Rate,Spain,2009,26.6,,
ESTAT:CEI_WM020(1.0),27/02/25 23:00:00,Annual,Plastic packaging,Rate,Spain,2010,29.2,,
ESTAT:CEI_WM020(1.0),27/02/25 23:00:00,Annual,Plastic packaging,Rate,Spain,2011,32.4,,
ESTAT:CEI_WM020(1.0),27/02/25 23:00:00,Annual,Plastic packaging,Rate,Spain,2012,35.1,,
ESTAT:CEI_WM020(1.0),27/02/25 23:00:00,Annual,Plastic packaging,Rate,Spain,2013,40.7,,
ESTAT:CEI_WM020(1.0),27/02/25 23:00:00,Annual,Plastic packaging,Rate,Spain,2014,42.5,,
ESTAT:CEI_WM020(1.0),27/02/25 23:00:00,Annual,Plastic packaging,Rate,Spain,2015,44,,
ESTAT:CEI_WM020(1.0),27/02/25 23:00:00,Annual,Plastic packaging,Rate,Spain,2016,45.5,,
ESTAT:CEI_WM020(1.0),27/02/25 23:00:00,Annual,Plastic packaging,Rate,Spain,2017,47.9,,
ESTAT:CEI_WM020(1.0),27/02/25 23:00:00,Annual,Plastic packaging,Rate,Spain,2018,50.7,,
ESTAT:CEI_WM020(1.0),27/02/25 23:00:00,Annual,Plastic packaging,Rate,Spain,2019,51.5,,
ESTAT:CEI_WM020(1.0),27/02/25 23:00:00,Annual,Plastic packaging,Rate,Spain,2020,51.4,b,
ESTAT:CEI_WM020(1.0),27/02/25 23:00:00,Annual,Plastic packaging,Rate,Spain,2021,54.5,,
ESTAT:CEI_WM020(1.0),27/02/25 23:00:00,Annual,Plastic packaging,Rate,Spain,2022,51.5,,
ESTAT:CEI_WM020(1.0),27/02/25 23:00:00,Annual,Plastic packaging,Rate,European Union - 27 countries (from 2020),2005,24.4,i,
ESTAT:CEI_WM020(1.0),27/02/25 23:00:00,Annual,Plastic packaging,Rate,European Union - 27 countries (from 2020),2006,27.1,i,
ESTAT:CEI_WM020(1.0),27/02/25 23:00:00,Annual,Plastic packaging,Rate,European Union - 27 countries (from 2020),2007,28.6,i,
ESTAT:CEI_WM020(1.0),27/02/25 23:00:00,Annual,Plastic packaging,Rate,European Union - 27 countries (from 2020),2008,30.9,i,
ESTAT:CEI_WM020(1.0),27/02/25 23:00:00,Annual,Plastic packaging,Rate,European Union - 27 countries (from 2020),2009,33.5,i,
ESTAT:CEI_WM020(1.0),27/02/25 23:00:00,Annual,Plastic packaging,Rate,European Union - 27 countries (from 2020),2010,34.1,i,
ESTAT:CEI_WM020(1.0),27/02/25 23:00:00,Annual,Plastic packaging,Rate,European Union - 27 countries (from 2020),2011,35.6,i,
ESTAT:CEI_WM020(1.0),27/02/25 23:00:00,Annual,Plastic packaging,Rate,European Union - 27 countries (from 2020),2012,37,,
ESTAT:CEI_WM020(1.0),27/02/25 23:00:00,Annual,Plastic packaging,Rate,European Union - 27 countries (from 2020),2013,37.5,,
ESTAT:CEI_WM020(1.0),27/02/25 23:00:00,Annual,Plastic packaging,Rate,European Union - 27 countries (from 2020),2014,39,,
ESTAT:CEI_WM020(1.0),27/02/25 23:00:00,Annual,Plastic packaging,Rate,European Union - 27 countries (from 2020),2015,40.5,,
ESTAT:CEI_WM020(1.0),27/02/25 23:00:00,Annual,Plastic packaging,Rate,European Union - 27 countries (from 2020),2016,42.4,,
ESTAT:CEI_WM020(1.0),27/02/25 23:00:00,Annual,Plastic packaging,Rate,European Union - 27 countries (from 2020),2017,41.7,,
ESTAT:CEI_WM020(1.0),27/02/25 23:00:00,Annual,Plastic packaging,Rate,European Union - 27 countries (from 2020),2018,41.4,,
ESTAT:CEI_WM020(1.0),27/02/25 23:00:00,Annual,Plastic packaging,Rate,European Union - 27 countries (from 2020),2019,41.1,,
ESTAT:CEI_WM020(1.0),27/02/25 23:00:00,Annual,Plastic packaging,Rate,European Union - 27 countries (from 2020),2020,37.6,,
ESTAT:CEI_WM020(1.0),27/02/25 23:00:00,Annual,Plastic packaging,Rate,European Union - 27 countries (from 2020),2021,40.3,,
ESTAT:CEI_WM020(1.0),27/02/25 23:00:00,Annual,Plastic packaging,Rate,European Union - 27 countries (from 2020),2022,40.7,,
ESTAT:CEI_WM020(1.0),27/02/25 23:00:00,Annual,Plastic packaging,Rate,Finland,2000,14.1,,
ESTAT:CEI_WM020(1.0),27/02/25 23:00:00,Annual,Plastic packaging,Rate,Finland,2001,14.8,,
ESTAT:CEI_WM020(1.0),27/02/25 23:00:00,Annual,Plastic packaging,Rate,Finland,2002,14.6,,
ESTAT:CEI_WM020(1.0),27/02/25 23:00:00,Annual,Plastic packaging,Rate,Finland,2003,14.3,,
ESTAT:CEI_WM020(1.0),27/02/25 23:00:00,Annual,Plastic packaging,Rate,Finland,2004,14.6,,
ESTAT:CEI_WM020(1.0),27/02/25 23:00:00,Annual,Plastic packaging,Rate,Finland,2005,13.6,,
ESTAT:CEI_WM020(1.0),27/02/25 23:00:00,Annual,Plastic packaging,Rate,Finland,2006,15.9,,
ESTAT:CEI_WM020(1.0),27/02/25 23:00:00,Annual,Plastic packaging,Rate,Finland,2007,18.4,,
ESTAT:CEI_WM020(1.0),27/02/25 23:00:00,Annual,Plastic packaging,Rate,Finland,2008,22.7,,
ESTAT:CEI_WM020(1.0),27/02/25 23:00:00,Annual,Plastic packaging,Rate,Finland,2009,25.3,,
ESTAT:CEI_WM020(1.0),27/02/25 23:00:00,Annual,Plastic packaging,Rate,Finland,2010,26.2,,
ESTAT:CEI_WM020(1.0),27/02/25 23:00:00,Annual,Plastic packaging,Rate,Finland,2011,25.4,,
ESTAT:CEI_WM020(1.0),27/02/25 23:00:00,Annual,Plastic packaging,Rate,Finland,2012,25.4,,
ESTAT:CEI_WM020(1.0),27/02/25 23:00:00,Annual,Plastic packaging,Rate,Finland,2013,22.7,,
ESTAT:CEI_WM020(1.0),27/02/25 23:00:00,Annual,Plastic packaging,Rate,Finland,2014,24.6,,
ESTAT:CEI_WM020(1.0),27/02/25 23:00:00,Annual,Plastic packaging,Rate,Finland,2015,23.7,,
ESTAT:CEI_WM020(1.0),27/02/25 23:00:00,Annual,Plastic packaging,Rate,Finland,2016,25.4,,
ESTAT:CEI_WM020(1.0),27/02/25 23:00:00,Annual,Plastic packaging,Rate,Finland,2017,26.5,,
ESTAT:CEI_WM020(1.0),27/02/25 23:00:00,Annual,Plastic packaging,Rate,Finland,2018,31.1,,
ESTAT:CEI_WM020(1.0),27/02/25 23:00:00,Annual,Plastic packaging,Rate,Finland,2019,42,,
ESTAT:CEI_WM020(1.0),27/02/25 23:00:00,Annual,Plastic packaging,Rate,Finland,2020,39.4,,
ESTAT:CEI_WM020(1.0),27/02/25 23:00:00,Annual,Plastic packaging,Rate,Finland,2021,42.9,,
ESTAT:CEI_WM020(1.0),27/02/25 23:00:00,Annual,Plastic packaging,Rate,Finland,2022,44.5,,
ESTAT:CEI_WM020(1.0),27/02/25 23:00:00,Annual,Plastic packaging,Rate,France,2000,11.2,,
ESTAT:CEI_WM020(1.0),27/02/25 23:00:00,Annual,Plastic packaging,Rate,France,2001,13.6,,
ESTAT:CEI_WM020(1.0),27/02/25 23:00:00,Annual,Plastic packaging,Rate,France,2002,15.2,,
ESTAT:CEI_WM020(1.0),27/02/25 23:00:00,Annual,Plastic packaging,Rate,France,2003,16.1,,
ESTAT:CEI_WM020(1.0),27/02/25 23:00:00,Annual,Plastic packaging,Rate,France,2004,17.5,,
ESTAT:CEI_WM020(1.0),27/02/25 23:00:00,Annual,Plastic packaging,Rate,France,2005,19,,
ESTAT:CEI_WM020(1.0),27/02/25 23:00:00,Annual,Plastic packaging,Rate,France,2006,19,,
ESTAT:CEI_WM020(1.0),27/02/25 23:00:00,Annual,Plastic packaging,Rate,France,2007,21.1,,
ESTAT:CEI_WM020(1.0),27/02/25 23:00:00,Annual,Plastic packaging,Rate,France,2008,22.5,,
ESTAT:CEI_WM020(1.0),27/02/25 23:00:00,Annual,Plastic packaging,Rate,France,2009,25,,
ESTAT:CEI_WM020(1.0),27/02/25 23:00:00,Annual,Plastic packaging,Rate,France,2010,23.7,,
ESTAT:CEI_WM020(1.0),27/02/25 23:00:00,Annual,Plastic packaging,Rate,France,2011,23.3,,
ESTAT:CEI_WM020(1.0),27/02/25 23:00:00,Annual,Plastic packaging,Rate,France,2012,25.1,,
ESTAT:CEI_WM020(1.0),27/02/25 23:00:00,Annual,Plastic packaging,Rate,France,2013,25.6,,
ESTAT:CEI_WM020(1.0),27/02/25 23:00:00,Annual,Plastic packaging,Rate,France,2014,25.2,,
ESTAT:CEI_WM020(1.0),27/02/25 23:00:00,Annual,Plastic packaging,Rate,France,2015,25.5,,
ESTAT:CEI_WM020(1.0),27/02/25 23:00:00,Annual,Plastic packaging,Rate,France,2016,25.8,,
ESTAT:CEI_WM020(1.0),27/02/25 23:00:00,Annual,Plastic packaging,Rate,France,2017,26.5,,
ESTAT:CEI_WM020(1.0),27/02/25 23:00:00,Annual,Plastic packaging,Rate,France,2018,26.9,,
ESTAT:CEI_WM020(1.0),27/02/25 23:00:00,Annual,Plastic packaging,Rate,France,2019,26.9,,
ESTAT:CEI_WM020(1.0),27/02/25 23:00:00,Annual,Plastic packaging,Rate,France,2020,21.4,,
ESTAT:CEI_WM020(1.0),27/02/25 23:00:00,Annual,Plastic packaging,Rate,France,2021,23.1,,
ESTAT:CEI_WM020(1.0),27/02/25 23:00:00,Annual,Plastic packaging,Rate,France,2022,25.2,,
ESTAT:CEI_WM020(1.0),27/02/25 23:00:00,Annual,Plastic packaging,Rate,Croatia,2012,45.4,,
ESTAT:CEI_WM020(1.0),27/02/25 23:00:00,Annual,Plastic packaging,Rate,Croatia,2013,45.3,,
ESTAT:CEI_WM020(1.0),27/02/25 23:00:00,Annual,Plastic packaging,Rate,Croatia,2014,37.7,,
ESTAT:CEI_WM020(1.0),27/02/25 23:00:00,Annual,Plastic packaging,Rate,Croatia,2015,46.3,,
ESTAT:CEI_WM020(1.0),27/02/25 23:00:00,Annual,Plastic packaging,Rate,Croatia,2016,41.1,,
ESTAT:CEI_WM020(1.0),27/02/25 23:00:00,Annual,Plastic packaging,Rate,Croatia,2017,37.3,,
ESTAT:CEI_WM020(1.0),27/02/25 23:00:00,Annual,Plastic packaging,Rate,Croatia,2018,37.3,,
ESTAT:CEI_WM020(1.0),27/02/25 23:00:00,Annual,Plastic packaging,Rate,Croatia,2019,35.7,,
ESTAT:CEI_WM020(1.0),27/02/25 23:00:00,Annual,Plastic packaging,Rate,Croatia,2020,34.1,,
ESTAT:CEI_WM020(1.0),27/02/25 23:00:00,Annual,Plastic packaging,Rate,Croatia,2021,34.4,,
ESTAT:CEI_WM020(1.0),27/02/25 23:00:00,Annual,Plastic packaging,Rate,Croatia,2022,34.9,,
ESTAT:CEI_WM020(1.0),27/02/25 23:00:00,Annual,Plastic packaging,Rate,Hungary,2004,14,,
ESTAT:CEI_WM020(1.0),27/02/25 23:00:00,Annual,Plastic packaging,Rate,Hungary,2005,19.2,,
ESTAT:CEI_WM020(1.0),27/02/25 23:00:00,Annual,Plastic packaging,Rate,Hungary,2006,20.4,,
ESTAT:CEI_WM020(1.0),27/02/25 23:00:00,Annual,Plastic packaging,Rate,Hungary,2007,17,,
ESTAT:CEI_WM020(1.0),27/02/25 23:00:00,Annual,Plastic packaging,Rate,Hungary,2008,25.1,,
ESTAT:CEI_WM020(1.0),27/02/25 23:00:00,Annual,Plastic packaging,Rate,Hungary,2009,24.5,,
ESTAT:CEI_WM020(1.0),27/02/25 23:00:00,Annual,Plastic packaging,Rate,Hungary,2010,32.5,,
ESTAT:CEI_WM020(1.0),27/02/25 23:00:00,Annual,Plastic packaging,Rate,Hungary,2011,22.4,,
ESTAT:CEI_WM020(1.0),27/02/25 23:00:00,Annual,Plastic packaging,Rate,Hungary,2012,27.8,,
ESTAT:CEI_WM020(1.0),27/02/25 23:00:00,Annual,Plastic packaging,Rate,Hungary,2013,30.8,,
ESTAT:CEI_WM020(1.0),27/02/25 23:00:00,Annual,Plastic packaging,Rate,Hungary,2014,36.8,,
ESTAT:CEI_WM020(1.0),27/02/25 23:00:00,Annual,Plastic packaging,Rate,Hungary,2015,27.4,,
ESTAT:CEI_WM020(1.0),27/02/25 23:00:00,Annual,Plastic packaging,Rate,Hungary,2016,31.4,,
ESTAT:CEI_WM020(1.0),27/02/25 23:00:00,Annual,Plastic packaging,Rate,Hungary,2017,32,,
ESTAT:CEI_WM020(1.0),27/02/25 23:00:00,Annual,Plastic packaging,Rate,Hungary,2018,30,,
ESTAT:CEI_WM020(1.0),27/02/25 23:00:00,Annual,Plastic packaging,Rate,Hungary,2019,33,,
ESTAT:CEI_WM020(1.0),27/02/25 23:00:00,Annual,Plastic packaging,Rate,Hungary,2020,24.9,,
ESTAT:CEI_WM020(1.0),27/02/25 23:00:00,Annual,Plastic packaging,Rate,Hungary,2021,27.1,,
ESTAT:CEI_WM020(1.0),27/02/25 23:00:00,Annual,Plastic packaging,Rate,Hungary,2022,27.5,,
ESTAT:CEI_WM020(1.0),27/02/25 23:00:00,Annual,Plastic packaging,Rate,Ireland,2000,9.1,,
ESTAT:CEI_WM020(1.0),27/02/25 23:00:00,Annual,Plastic packaging,Rate,Ireland,2001,11.8,,
ESTAT:CEI_WM020(1.0),27/02/25 23:00:00,Annual,Plastic packaging,Rate,Ireland,2002,16.6,,
ESTAT:CEI_WM020(1.0),27/02/25 23:00:00,Annual,Plastic packaging,Rate,Ireland,2003,15.5,,
ESTAT:CEI_WM020(1.0),27/02/25 23:00:00,Annual,Plastic packaging,Rate,Ireland,2004,22.3,,
ESTAT:CEI_WM020(1.0),27/02/25 23:00:00,Annual,Plastic packaging,Rate,Ireland,2005,24.1,,
ESTAT:CEI_WM020(1.0),27/02/25 23:00:00,Annual,Plastic packaging,Rate,Ireland,2006,20.1,,
ESTAT:CEI_WM020(1.0),27/02/25 23:00:00,Annual,Plastic packaging,Rate,Ireland,2007,22.2,,
ESTAT:CEI_WM020(1.0),27/02/25 23:00:00,Annual,Plastic packaging,Rate,Ireland,2008,28.9,i,
ESTAT:CEI_WM020(1.0),27/02/25 23:00:00,Annual,Plastic packaging,Rate,Ireland,2009,36.2,,
ESTAT:CEI_WM020(1.0),27/02/25 23:00:00,Annual,Plastic packaging,Rate,Ireland,2010,39.4,,
ESTAT:CEI_WM020(1.0),27/02/25 23:00:00,Annual,Plastic packaging,Rate,Ireland,2011,47.5,,
ESTAT:CEI_WM020(1.0),27/02/25 23:00:00,Annual,Plastic packaging,Rate,Ireland,2012,38.2,,
ESTAT:CEI_WM020(1.0),27/02/25 23:00:00,Annual,Plastic packaging,Rate,Ireland,2013,34.8,,
ESTAT:CEI_WM020(1.0),27/02/25 23:00:00,Annual,Plastic packaging,Rate,Ireland,2014,31.3,,
ESTAT:CEI_WM020(1.0),27/02/25 23:00:00,Annual,Plastic packaging,Rate,Ireland,2015,29.7,,
ESTAT:CEI_WM020(1.0),27/02/25 23:00:00,Annual,Plastic packaging,Rate,Ireland,2016,31.2,,
ESTAT:CEI_WM020(1.0),27/02/25 23:00:00,Annual,Plastic packaging,Rate,Ireland,2017,30.5,,
ESTAT:CEI_WM020(1.0),27/02/25 23:00:00,Annual,Plastic packaging,Rate,Ireland,2018,27.1,,
ESTAT:CEI_WM020(1.0),27/02/25 23:00:00,Annual,Plastic packaging,Rate,Ireland,2019,27.5,b,
ESTAT:CEI_WM020(1.0),27/02/25 23:00:00,Annual,Plastic packaging,Rate,Ireland,2020,29,,
ESTAT:CEI_WM020(1.0),27/02/25 23:00:00,Annual,Plastic packaging,Rate,Ireland,2021,27.9,,
ESTAT:CEI_WM020(1.0),27/02/25 23:00:00,Annual,Plastic packaging,Rate,Ireland,2022,32.1,,
ESTAT:CEI_WM020(1.0),27/02/25 23:00:00,Annual,Plastic packaging,Rate,Iceland,2010,31.7,,
ESTAT:CEI_WM020(1.0),27/02/25 23:00:00,Annual,Plastic packaging,Rate,Iceland,2011,41.5,,
ESTAT:CEI_WM020(1.0),27/02/25 23:00:00,Annual,Plastic packaging,Rate,Iceland,2012,40.9,,
ESTAT:CEI_WM020(1.0),27/02/25 23:00:00,Annual,Plastic packaging,Rate,Iceland,2013,26.5,,
ESTAT:CEI_WM020(1.0),27/02/25 23:00:00,Annual,Plastic packaging,Rate,Iceland,2014,26.8,,
ESTAT:CEI_WM020(1.0),27/02/25 23:00:00,Annual,Plastic packaging,Rate,Iceland,2015,37,,
ESTAT:CEI_WM020(1.0),27/02/25 23:00:00,Annual,Plastic packaging,Rate,Iceland,2016,41.5,,
ESTAT:CEI_WM020(1.0),27/02/25 23:00:00,Annual,Plastic packaging,Rate,Iceland,2017,28.9,,
ESTAT:CEI_WM020(1.0),27/02/25 23:00:00,Annual,Plastic packaging,Rate,Iceland,2018,29.3,,
ESTAT:CEI_WM020(1.0),27/02/25 23:00:00,Annual,Plastic packaging,Rate,Iceland,2019,24,,
ESTAT:CEI_WM020(1.0),27/02/25 23:00:00,Annual,Plastic packaging,Rate,Iceland,2020,30.8,d,
ESTAT:CEI_WM020(1.0),27/02/25 23:00:00,Annual,Plastic packaging,Rate,Iceland,2021,27.6,,
ESTAT:CEI_WM020(1.0),27/02/25 23:00:00,Annual,Plastic packaging,Rate,Iceland,2022,21.5,d,
ESTAT:CEI_WM020(1.0),27/02/25 23:00:00,Annual,Plastic packaging,Rate,Italy,2000,16.1,,
ESTAT:CEI_WM020(1.0),27/02/25 23:00:00,Annual,Plastic packaging,Rate,Italy,2001,19.1,,
ESTAT:CEI_WM020(1.0),27/02/25 23:00:00,Annual,Plastic packaging,Rate,Italy,2002,23.1,,
ESTAT:CEI_WM020(1.0),27/02/25 23:00:00,Annual,Plastic packaging,Rate,Italy,2003,24,,
ESTAT:CEI_WM020(1.0),27/02/25 23:00:00,Annual,Plastic packaging,Rate,Italy,2004,25.9,,
ESTAT:CEI_WM020(1.0),27/02/25 23:00:00,Annual,Plastic packaging,Rate,Italy,2005,26,,
ESTAT:CEI_WM020(1.0),27/02/25 23:00:00,Annual,Plastic packaging,Rate,Italy,2006,27.4,,
ESTAT:CEI_WM020(1.0),27/02/25 23:00:00,Annual,Plastic packaging,Rate,Italy,2007,28.3,,
ESTAT:CEI_WM020(1.0),27/02/25 23:00:00,Annual,Plastic packaging,Rate,Italy,2008,31.1,,
ESTAT:CEI_WM020(1.0),27/02/25 23:00:00,Annual,Plastic packaging,Rate,Italy,2009,33.5,,
ESTAT:CEI_WM020(1.0),27/02/25 23:00:00,Annual,Plastic packaging,Rate,Italy,2010,34.5,,
ESTAT:CEI_WM020(1.0),27/02/25 23:00:00,Annual,Plastic packaging,Rate,Italy,2011,36.1,,
ESTAT:CEI_WM020(1.0),27/02/25 23:00:00,Annual,Plastic packaging,Rate,Italy,2012,37.5,,
ESTAT:CEI_WM020(1.0),27/02/25 23:00:00,Annual,Plastic packaging,Rate,Italy,2013,36.8,,
ESTAT:CEI_WM020(1.0),27/02/25 23:00:00,Annual,Plastic packaging,Rate,Italy,2014,38,,
ESTAT:CEI_WM020(1.0),27/02/25 23:00:00,Annual,Plastic packaging,Rate,Italy,2015,41.1,,
ESTAT:CEI_WM020(1.0),27/02/25 23:00:00,Annual,Plastic packaging,Rate,Italy,2016,42.4,,
ESTAT:CEI_WM020(1.0),27/02/25 23:00:00,Annual,Plastic packaging,Rate,Italy,2017,41.8,,
ESTAT:CEI_WM020(1.0),27/02/25 23:00:00,Annual,Plastic packaging,Rate,Italy,2018,43.4,,
ESTAT:CEI_WM020(1.0),27/02/25 23:00:00,Annual,Plastic packaging,Rate,Italy,2019,44.7,,
ESTAT:CEI_WM020(1.0),27/02/25 23:00:00,Annual,Plastic packaging,Rate,Italy,2020,51.2,,
ESTAT:CEI_WM020(1.0),27/02/25 23:00:00,Annual,Plastic packaging,Rate,Italy,2021,54.8,,
ESTAT:CEI_WM020(1.0),27/02/25 23:00:00,Annual,Plastic packaging,Rate,Italy,2022,54.6,,
ESTAT:CEI_WM020(1.0),27/02/25 23:00:00,Annual,Plastic packaging,Rate,Liechtenstein,2006,4.5,,
ESTAT:CEI_WM020(1.0),27/02/25 23:00:00,Annual,Plastic packaging,Rate,Liechtenstein,2007,3.2,,
ESTAT:CEI_WM020(1.0),27/02/25 23:00:00,Annual,Plastic packaging,Rate,Liechtenstein,2008,1.9,,
ESTAT:CEI_WM020(1.0),27/02/25 23:00:00,Annual,Plastic packaging,Rate,Liechtenstein,2009,3,,
ESTAT:CEI_WM020(1.0),27/02/25 23:00:00,Annual,Plastic packaging,Rate,Liechtenstein,2010,2.3,,
ESTAT:CEI_WM020(1.0),27/02/25 23:00:00,Annual,Plastic packaging,Rate,Liechtenstein,2011,2.6,,
ESTAT:CEI_WM020(1.0),27/02/25 23:00:00,Annual,Plastic packaging,Rate,Liechtenstein,2012,7,,
ESTAT:CEI_WM020(1.0),27/02/25 23:00:00,Annual,Plastic packaging,Rate,Liechtenstein,2013,6.6,,
ESTAT:CEI_WM020(1.0),27/02/25 23:00:00,Annual,Plastic packaging,Rate,Liechtenstein,2014,6.8,,
ESTAT:CEI_WM020(1.0),27/02/25 23:00:00,Annual,Plastic packaging,Rate,Liechtenstein,2015,16.9,,
ESTAT:CEI_WM020(1.0),27/02/25 23:00:00,Annual,Plastic packaging,Rate,Liechtenstein,2016,20.9,,
ESTAT:CEI_WM020(1.0),27/02/25 23:00:00,Annual,Plastic packaging,Rate,Liechtenstein,2017,18.3,,
ESTAT:CEI_WM020(1.0),27/02/25 23:00:00,Annual,Plastic packaging,Rate,Liechtenstein,2018,21.4,,
ESTAT:CEI_WM020(1.0),27/02/25 23:00:00,Annual,Plastic packaging,Rate,Liechtenstein,2019,26.5,,
ESTAT:CEI_WM020(1.0),27/02/25 23:00:00,Annual,Plastic packaging,Rate,Liechtenstein,2020,30.2,d,
ESTAT:CEI_WM020(1.0),27/02/25 23:00:00,Annual,Plastic packaging,Rate,Liechtenstein,2021,31.4,d,
ESTAT:CEI_WM020(1.0),27/02/25 23:00:00,Annual,Plastic packaging,Rate,Liechtenstein,2022,30.8,d,
ESTAT:CEI_WM020(1.0),27/02/25 23:00:00,Annual,Plastic packaging,Rate,Lithuania,2004,20.9,,
ESTAT:CEI_WM020(1.0),27/02/25 23:00:00,Annual,Plastic packaging,Rate,Lithuania,2005,21.2,,
ESTAT:CEI_WM020(1.0),27/02/25 23:00:00,Annual,Plastic packaging,Rate,Lithuania,2006,26.7,,
ESTAT:CEI_WM020(1.0),27/02/25 23:00:00,Annual,Plastic packaging,Rate,Lithuania,2007,28.5,,
ESTAT:CEI_WM020(1.0),27/02/25 23:00:00,Annual,Plastic packaging,Rate,Lithuania,2008,32.6,,
ESTAT:CEI_WM020(1.0),27/02/25 23:00:00,Annual,Plastic packaging,Rate,Lithuania,2009,35.9,,
ESTAT:CEI_WM020(1.0),27/02/25 23:00:00,Annual,Plastic packaging,Rate,Lithuania,2010,38.4,,
ESTAT:CEI_WM020(1.0),27/02/25 23:00:00,Annual,Plastic packaging,Rate,Lithuania,2011,38.9,,
ESTAT:CEI_WM020(1.0),27/02/25 23:00:00,Annual,Plastic packaging,Rate,Lithuania,2012,38.9,,
ESTAT:CEI_WM020(1.0),27/02/25 23:00:00,Annual,Plastic packaging,Rate,Lithuania,2013,42.9,,
ESTAT:CEI_WM020(1.0),27/02/25 23:00:00,Annual,Plastic packaging,Rate,Lithuania,2014,51.2,,
ESTAT:CEI_WM020(1.0),27/02/25 23:00:00,Annual,Plastic packaging,Rate,Lithuania,2015,54.8,,
ESTAT:CEI_WM020(1.0),27/02/25 23:00:00,Annual,Plastic packaging,Rate,Lithuania,2016,74.4,,
ESTAT:CEI_WM020(1.0),27/02/25 23:00:00,Annual,Plastic packaging,Rate,Lithuania,2017,71.5,,
ESTAT:CEI_WM020(1.0),27/02/25 23:00:00,Annual,Plastic packaging,Rate,Lithuania,2018,69.3,,
ESTAT:CEI_WM020(1.0),27/02/25 23:00:00,Annual,Plastic packaging,Rate,Lithuania,2019,69.6,,
ESTAT:CEI_WM020(1.0),27/02/25 23:00:00,Annual,Plastic packaging,Rate,Lithuania,2020,56.1,b,
ESTAT:CEI_WM020(1.0),27/02/25 23:00:00,Annual,Plastic packaging,Rate,Lithuania,2021,44.8,b,
ESTAT:CEI_WM020(1.0),27/02/25 23:00:00,Annual,Plastic packaging,Rate,Lithuania,2022,44.1,,
ESTAT:CEI_WM020(1.0),27/02/25 23:00:00,Annual,Plastic packaging,Rate,Latvia,2004,21.2,,
ESTAT:CEI_WM020(1.0),27/02/25 23:00:00,Annual,Plastic packaging,Rate,Latvia,2005,33.5,,
ESTAT:CEI_WM020(1.0),27/02/25 23:00:00,Annual,Plastic packaging,Rate,Latvia,2006,26.7,,
ESTAT:CEI_WM020(1.0),27/02/25 23:00:00,Annual,Plastic packaging,Rate,Latvia,2007,22.8,,
ESTAT:CEI_WM020(1.0),27/02/25 23:00:00,Annual,Plastic packaging,Rate,Latvia,2008,17.6,,
ESTAT:CEI_WM020(1.0),27/02/25 23:00:00,Annual,Plastic packaging,Rate,Latvia,2009,20.3,,
ESTAT:CEI_WM020(1.0),27/02/25 23:00:00,Annual,Plastic packaging,Rate,Latvia,2010,24,,
ESTAT:CEI_WM020(1.0),27/02/25 23:00:00,Annual,Plastic packaging,Rate,Latvia,2011,23,,
ESTAT:CEI_WM020(1.0),27/02/25 23:00:00,Annual,Plastic packaging,Rate,Latvia,2012,24,,
ESTAT:CEI_WM020(1.0),27/02/25 23:00:00,Annual,Plastic packaging,Rate,Latvia,2013,24.5,,
ESTAT:CEI_WM020(1.0),27/02/25 23:00:00,Annual,Plastic packaging,Rate,Latvia,2014,36.4,,
ESTAT:CEI_WM020(1.0),27/02/25 23:00:00,Annual,Plastic packaging,Rate,Latvia,2015,35.3,,
ESTAT:CEI_WM020(1.0),27/02/25 23:00:00,Annual,Plastic packaging,Rate,Latvia,2016,37.2,,
ESTAT:CEI_WM020(1.0),27/02/25 23:00:00,Annual,Plastic packaging,Rate,Latvia,2017,36.6,,
ESTAT:CEI_WM020(1.0),27/02/25 23:00:00,Annual,Plastic packaging,Rate,Latvia,2018,35.8,,
ESTAT:CEI_WM020(1.0),27/02/25 23:00:00,Annual,Plastic packaging,Rate,Latvia,2019,35.4,,
ESTAT:CEI_WM020(1.0),27/02/25 23:00:00,Annual,Plastic packaging,Rate,Latvia,2020,35.9,,
ESTAT:CEI_WM020(1.0),27/02/25 23:00:00,Annual,Plastic packaging,Rate,Latvia,2021,41.6,,
ESTAT:CEI_WM020(1.0),27/02/25 23:00:00,Annual,Plastic packaging,Rate,Latvia,2022,47.3,,
ESTAT:CEI_WM020(1.0),27/02/25 23:00:00,Annual,Plastic packaging,Rate,Malta,2004,3,,
ESTAT:CEI_WM020(1.0),27/02/25 23:00:00,Annual,Plastic packaging,Rate,Malta,2005,5.4,,
ESTAT:CEI_WM020(1.0),27/02/25 23:00:00,Annual,Plastic packaging,Rate,Malta,2006,7.4,,
ESTAT:CEI_WM020(1.0),27/02/25 23:00:00,Annual,Plastic packaging,Rate,Malta,2007,10.6,,
ESTAT:CEI_WM020(1.0),27/02/25 23:00:00,Annual,Plastic packaging,Rate,Malta,2008,14,,
ESTAT:CEI_WM020(1.0),27/02/25 23:00:00,Annual,Plastic packaging,Rate,Malta,2009,50.9,,
ESTAT:CEI_WM020(1.0),27/02/25 23:00:00,Annual,Plastic packaging,Rate,Malta,2010,22,,
ESTAT:CEI_WM020(1.0),27/02/25 23:00:00,Annual,Plastic packaging,Rate,Malta,2011,28.9,,
ESTAT:CEI_WM020(1.0),27/02/25 23:00:00,Annual,Plastic packaging,Rate,Malta,2012,32.8,,
ESTAT:CEI_WM020(1.0),27/02/25 23:00:00,Annual,Plastic packaging,Rate,Malta,2013,22.6,,
ESTAT:CEI_WM020(1.0),27/02/25 23:00:00,Annual,Plastic packaging,Rate,Malta,2014,32.9,,
ESTAT:CEI_WM020(1.0),27/02/25 23:00:00,Annual,Plastic packaging,Rate,Malta,2015,28.6,,
ESTAT:CEI_WM020(1.0),27/02/25 23:00:00,Annual,Plastic packaging,Rate,Malta,2016,23.5,,
ESTAT:CEI_WM020(1.0),27/02/25 23:00:00,Annual,Plastic packaging,Rate,Malta,2017,19.2,,
ESTAT:CEI_WM020(1.0),27/02/25 23:00:00,Annual,Plastic packaging,Rate,Malta,2018,11.1,,
ESTAT:CEI_WM020(1.0),27/02/25 23:00:00,Annual,Plastic packaging,Rate,Malta,2019,15.4,,
ESTAT:CEI_WM020(1.0),27/02/25 23:00:00,Annual,Plastic packaging,Rate,Malta,2020,10.2,,
ESTAT:CEI_WM020(1.0),27/02/25 23:00:00,Annual,Plastic packaging,Rate,Malta,2021,17.1,,
ESTAT:CEI_WM020(1.0),27/02/25 23:00:00,Annual,Plastic packaging,Rate,Malta,2022,16.4,,
ESTAT:CEI_WM020(1.0),27/02/25 23:00:00,Annual,Plastic packaging,Rate,Netherlands,2000,22.9,,
ESTAT:CEI_WM020(1.0),27/02/25 23:00:00,Annual,Plastic packaging,Rate,Netherlands,2001,20.8,,
ESTAT:CEI_WM020(1.0),27/02/25 23:00:00,Annual,Plastic packaging,Rate,Netherlands,2002,16.4,,
ESTAT:CEI_WM020(1.0),27/02/25 23:00:00,Annual,Plastic packaging,Rate,Netherlands,2003,19.9,,
ESTAT:CEI_WM020(1.0),27/02/25 23:00:00,Annual,Plastic packaging,Rate,Netherlands,2004,19.3,,
ESTAT:CEI_WM020(1.0),27/02/25 23:00:00,Annual,Plastic packaging,Rate,Netherlands,2005,22.1,,
ESTAT:CEI_WM020(1.0),27/02/25 23:00:00,Annual,Plastic packaging,Rate,Netherlands,2006,32.5,,
ESTAT:CEI_WM020(1.0),27/02/25 23:00:00,Annual,Plastic packaging,Rate,Netherlands,2007,33.7,,
ESTAT:CEI_WM020(1.0),27/02/25 23:00:00,Annual,Plastic packaging,Rate,Netherlands,2008,36.4,,
ESTAT:CEI_WM020(1.0),27/02/25 23:00:00,Annual,Plastic packaging,Rate,Netherlands,2009,38.4,,
ESTAT:CEI_WM020(1.0),27/02/25 23:00:00,Annual,Plastic packaging,Rate,Netherlands,2010,47.6,,
ESTAT:CEI_WM020(1.0),27/02/25 23:00:00,Annual,Plastic packaging,Rate,Netherlands,2011,50.7,,
ESTAT:CEI_WM020(1.0),27/02/25 23:00:00,Annual,Plastic packaging,Rate,Netherlands,2012,47.7,,
ESTAT:CEI_WM020(1.0),27/02/25 23:00:00,Annual,Plastic packaging,Rate,Netherlands,2013,46.6,,
ESTAT:CEI_WM020(1.0),27/02/25 23:00:00,Annual,Plastic packaging,Rate,Netherlands,2014,50.6,,
ESTAT:CEI_WM020(1.0),27/02/25 23:00:00,Annual,Plastic packaging,Rate,Netherlands,2015,49.8,,
ESTAT:CEI_WM020(1.0),27/02/25 23:00:00,Annual,Plastic packaging,Rate,Netherlands,2016,51.5,,
ESTAT:CEI_WM020(1.0),27/02/25 23:00:00,Annual,Plastic packaging,Rate,Netherlands,2017,50.4,,
ESTAT:CEI_WM020(1.0),27/02/25 23:00:00,Annual,Plastic packaging,Rate,Netherlands,2018,52,,
ESTAT:CEI_WM020(1.0),27/02/25 23:00:00,Annual,Plastic packaging,Rate,Netherlands,2019,57.2,,
ESTAT:CEI_WM020(1.0),27/02/25 23:00:00,Annual,Plastic packaging,Rate,Netherlands,2020,49.2,be,
ESTAT:CEI_WM020(1.0),27/02/25 23:00:00,Annual,Plastic packaging,Rate,Netherlands,2021,48.9,,
ESTAT:CEI_WM020(1.0),27/02/25 23:00:00,Annual,Plastic packaging,Rate,Netherlands,2022,45.7,,
ESTAT:CEI_WM020(1.0),27/02/25 23:00:00,Annual,Plastic packaging,Rate,Norway,2006,29.9,,
ESTAT:CEI_WM020(1.0),27/02/25 23:00:00,Annual,Plastic packaging,Rate,Norway,2007,29.8,,
ESTAT:CEI_WM020(1.0),27/02/25 23:00:00,Annual,Plastic packaging,Rate,Norway,2008,26.7,,
ESTAT:CEI_WM020(1.0),27/02/25 23:00:00,Annual,Plastic packaging,Rate,Norway,2009,30,,
ESTAT:CEI_WM020(1.0),27/02/25 23:00:00,Annual,Plastic packaging,Rate,Norway,2010,36.4,,
ESTAT:CEI_WM020(1.0),27/02/25 23:00:00,Annual,Plastic packaging,Rate,Norway,2011,37.6,,
ESTAT:CEI_WM020(1.0),27/02/25 23:00:00,Annual,Plastic packaging,Rate,Norway,2012,38.1,,
ESTAT:CEI_WM020(1.0),27/02/25 23:00:00,Annual,Plastic packaging,Rate,Norway,2013,38.8,,
ESTAT:CEI_WM020(1.0),27/02/25 23:00:00,Annual,Plastic packaging,Rate,Norway,2014,36.1,,
ESTAT:CEI_WM020(1.0),27/02/25 23:00:00,Annual,Plastic packaging,Rate,Norway,2015,37.1,,
ESTAT:CEI_WM020(1.0),27/02/25 23:00:00,Annual,Plastic packaging,Rate,Norway,2016,39.3,,
ESTAT:CEI_WM020(1.0),27/02/25 23:00:00,Annual,Plastic packaging,Rate,Norway,2017,36.9,,
ESTAT:CEI_WM020(1.0),27/02/25 23:00:00,Annual,Plastic packaging,Rate,Norway,2018,36.3,,
ESTAT:CEI_WM020(1.0),27/02/25 23:00:00,Annual,Plastic packaging,Rate,Norway,2019,33.2,,
ESTAT:CEI_WM020(1.0),27/02/25 23:00:00,Annual,Plastic packaging,Rate,Norway,2020,27.9,,
ESTAT:CEI_WM020(1.0),27/02/25 23:00:00,Annual,Plastic packaging,Rate,Norway,2021,28.3,,
ESTAT:CEI_WM020(1.0),27/02/25 23:00:00,Annual,Plastic packaging,Rate,Norway,2022,28,,
ESTAT:CEI_WM020(1.0),27/02/25 23:00:00,Annual,Plastic packaging,Rate,Poland,2004,16.3,,
ESTAT:CEI_WM020(1.0),27/02/25 23:00:00,Annual,Plastic packaging,Rate,Poland,2005,17.4,,
ESTAT:CEI_WM020(1.0),27/02/25 23:00:00,Annual,Plastic packaging,Rate,Poland,2006,24.6,,
ESTAT:CEI_WM020(1.0),27/02/25 23:00:00,Annual,Plastic packaging,Rate,Poland,2007,27.9,,
ESTAT:CEI_WM020(1.0),27/02/25 23:00:00,Annual,Plastic packaging,Rate,Poland,2008,23.7,,
ESTAT:CEI_WM020(1.0),27/02/25 23:00:00,Annual,Plastic packaging,Rate,Poland,2009,21.3,,
ESTAT:CEI_WM020(1.0),27/02/25 23:00:00,Annual,Plastic packaging,Rate,Poland,2010,20.1,,
ESTAT:CEI_WM020(1.0),27/02/25 23:00:00,Annual,Plastic packaging,Rate,Poland,2011,22.5,,
ESTAT:CEI_WM020(1.0),27/02/25 23:00:00,Annual,Plastic packaging,Rate,Poland,2012,21.9,,
ESTAT:CEI_WM020(1.0),27/02/25 23:00:00,Annual,Plastic packaging,Rate,Poland,2013,19.7,,
ESTAT:CEI_WM020(1.0),27/02/25 23:00:00,Annual,Plastic packaging,Rate,Poland,2014,28.3,,
ESTAT:CEI_WM020(1.0),27/02/25 23:00:00,Annual,Plastic packaging,Rate,Poland,2015,30.8,,
ESTAT:CEI_WM020(1.0),27/02/25 23:00:00,Annual,Plastic packaging,Rate,Poland,2016,46.9,,
ESTAT:CEI_WM020(1.0),27/02/25 23:00:00,Annual,Plastic packaging,Rate,Poland,2017,34.6,,
ESTAT:CEI_WM020(1.0),27/02/25 23:00:00,Annual,Plastic packaging,Rate,Poland,2018,35.7,,
ESTAT:CEI_WM020(1.0),27/02/25 23:00:00,Annual,Plastic packaging,Rate,Poland,2019,31.5,,
ESTAT:CEI_WM020(1.0),27/02/25 23:00:00,Annual,Plastic packaging,Rate,Portugal,2000,4.5,,
ESTAT:CEI_WM020(1.0),27/02/25 23:00:00,Annual,Plastic packaging,Rate,Portugal,2001,9.4,,
ESTAT:CEI_WM020(1.0),27/02/25 23:00:00,Annual,Plastic packaging,Rate,Portugal,2002,9,,
ESTAT:CEI_WM020(1.0),27/02/25 23:00:00,Annual,Plastic packaging,Rate,Portugal,2003,9.1,,
ESTAT:CEI_WM020(1.0),27/02/25 23:00:00,Annual,Plastic packaging,Rate,Portugal,2004,10.5,,
ESTAT:CEI_WM020(1.0),27/02/25 23:00:00,Annual,Plastic packaging,Rate,Portugal,2005,15.8,,
ESTAT:CEI_WM020(1.0),27/02/25 23:00:00,Annual,Plastic packaging,Rate,Portugal,2006,15.4,,
ESTAT:CEI_WM020(1.0),27/02/25 23:00:00,Annual,Plastic packaging,Rate,Portugal,2007,15.3,,
ESTAT:CEI_WM020(1.0),27/02/25 23:00:00,Annual,Plastic packaging,Rate,Portugal,2008,19.1,,
ESTAT:CEI_WM020(1.0),27/02/25 23:00:00,Annual,Plastic packaging,Rate,Portugal,2009,25.5,,
ESTAT:CEI_WM020(1.0),27/02/25 23:00:00,Annual,Plastic packaging,Rate,Portugal,2010,24.5,,
ESTAT:CEI_WM020(1.0),27/02/25 23:00:00,Annual,Plastic packaging,Rate,Portugal,2011,26.1,,
ESTAT:CEI_WM020(1.0),27/02/25 23:00:00,Annual,Plastic packaging,Rate,Portugal,2012,30.4,,
ESTAT:CEI_WM020(1.0),27/02/25 23:00:00,Annual,Plastic packaging,Rate,Portugal,2013,35.3,,
ESTAT:CEI_WM020(1.0),27/02/25 23:00:00,Annual,Plastic packaging,Rate,Portugal,2014,40,,
ESTAT:CEI_WM020(1.0),27/02/25 23:00:00,Annual,Plastic packaging,Rate,Portugal,2015,43,,
ESTAT:CEI_WM020(1.0),27/02/25 23:00:00,Annual,Plastic packaging,Rate,Portugal,2016,41.8,,
ESTAT:CEI_WM020(1.0),27/02/25 23:00:00,Annual,Plastic packaging,Rate,Portugal,2017,34.9,,
ESTAT:CEI_WM020(1.0),27/02/25 23:00:00,Annual,Plastic packaging,Rate,Portugal,2018,33.9,,
ESTAT:CEI_WM020(1.0),27/02/25 23:00:00,Annual,Plastic packaging,Rate,Portugal,2019,35.6,,
ESTAT:CEI_WM020(1.0),27/02/25 23:00:00,Annual,Plastic packaging,Rate,Portugal,2020,33.9,,
ESTAT:CEI_WM020(1.0),27/02/25 23:00:00,Annual,Plastic packaging,Rate,Portugal,2021,38.1,,
ESTAT:CEI_WM020(1.0),27/02/25 23:00:00,Annual,Plastic packaging,Rate,Portugal,2022,37.3,,
ESTAT:CEI_WM020(1.0),27/02/25 23:00:00,Annual,Plastic packaging,Rate,Romania,2005,11.2,,
ESTAT:CEI_WM020(1.0),27/02/25 23:00:00,Annual,Plastic packaging,Rate,Romania,2006,17,,
ESTAT:CEI_WM020(1.0),27/02/25 23:00:00,Annual,Plastic packaging,Rate,Romania,2007,15.3,,
ESTAT:CEI_WM020(1.0),27/02/25 23:00:00,Annual,Plastic packaging,Rate,Romania,2008,15.5,,
ESTAT:CEI_WM020(1.0),27/02/25 23:00:00,Annual,Plastic packaging,Rate,Romania,2009,23.8,,
ESTAT:CEI_WM020(1.0),27/02/25 23:00:00,Annual,Plastic packaging,Rate,Romania,2010,28.2,,
ESTAT:CEI_WM020(1.0),27/02/25 23:00:00,Annual,Plastic packaging,Rate,Romania,2011,40.3,,
ESTAT:CEI_WM020(1.0),27/02/25 23:00:00,Annual,Plastic packaging,Rate,Romania,2012,51.3,,
ESTAT:CEI_WM020(1.0),27/02/25 23:00:00,Annual,Plastic packaging,Rate,Romania,2013,51.7,,
ESTAT:CEI_WM020(1.0),27/02/25 23:00:00,Annual,Plastic packaging,Rate,Romania,2014,44.5,,
ESTAT:CEI_WM020(1.0),27/02/25 23:00:00,Annual,Plastic packaging,Rate,Romania,2015,46.7,,
ESTAT:CEI_WM020(1.0),27/02/25 23:00:00,Annual,Plastic packaging,Rate,Romania,2016,46.5,,
ESTAT:CEI_WM020(1.0),27/02/25 23:00:00,Annual,Plastic packaging,Rate,Romania,2017,47.6,,
ESTAT:CEI_WM020(1.0),27/02/25 23:00:00,Annual,Plastic packaging,Rate,Romania,2018,43,,
ESTAT:CEI_WM020(1.0),27/02/25 23:00:00,Annual,Plastic packaging,Rate,Romania,2019,31.1,b,
ESTAT:CEI_WM020(1.0),27/02/25 23:00:00,Annual,Plastic packaging,Rate,Romania,2020,30.1,,
ESTAT:CEI_WM020(1.0),27/02/25 23:00:00,Annual,Plastic packaging,Rate,Romania,2021,31.6,,
ESTAT:CEI_WM020(1.0),27/02/25 23:00:00,Annual,Plastic packaging,Rate,Romania,2022,32.4,,
ESTAT:CEI_WM020(1.0),27/02/25 23:00:00,Annual,Plastic packaging,Rate,Sweden,2000,13.5,,
ESTAT:CEI_WM020(1.0),27/02/25 23:00:00,Annual,Plastic packaging,Rate,Sweden,2001,17.2,,
ESTAT:CEI_WM020(1.0),27/02/25 23:00:00,Annual,Plastic packaging,Rate,Sweden,2002,19.8,,
ESTAT:CEI_WM020(1.0),27/02/25 23:00:00,Annual,Plastic packaging,Rate,Sweden,2003,22.3,,
ESTAT:CEI_WM020(1.0),27/02/25 23:00:00,Annual,Plastic packaging,Rate,Sweden,2004,25.2,,
ESTAT:CEI_WM020(1.0),27/02/25 23:00:00,Annual,Plastic packaging,Rate,Sweden,2005,29.9,,
ESTAT:CEI_WM020(1.0),27/02/25 23:00:00,Annual,Plastic packaging,Rate,Sweden,2006,43.8,,
ESTAT:CEI_WM020(1.0),27/02/25 23:00:00,Annual,Plastic packaging,Rate,Sweden,2007,41.7,,
ESTAT:CEI_WM020(1.0),27/02/25 23:00:00,Annual,Plastic packaging,Rate,Sweden,2008,37,,
ESTAT:CEI_WM020(1.0),27/02/25 23:00:00,Annual,Plastic packaging,Rate,Sweden,2009,37.5,,
ESTAT:CEI_WM020(1.0),27/02/25 23:00:00,Annual,Plastic packaging,Rate,Sweden,2010,32.4,,
ESTAT:CEI_WM020(1.0),27/02/25 23:00:00,Annual,Plastic packaging,Rate,Sweden,2011,34.1,,
ESTAT:CEI_WM020(1.0),27/02/25 23:00:00,Annual,Plastic packaging,Rate,Sweden,2012,34.9,,
ESTAT:CEI_WM020(1.0),27/02/25 23:00:00,Annual,Plastic packaging,Rate,Sweden,2013,45.6,,
ESTAT:CEI_WM020(1.0),27/02/25 23:00:00,Annual,Plastic packaging,Rate,Sweden,2014,47.5,,
ESTAT:CEI_WM020(1.0),27/02/25 23:00:00,Annual,Plastic packaging,Rate,Sweden,2015,49,,
ESTAT:CEI_WM020(1.0),27/02/25 23:00:00,Annual,Plastic packaging,Rate,Sweden,2016,50.7,,
ESTAT:CEI_WM020(1.0),27/02/25 23:00:00,Annual,Plastic packaging,Rate,Sweden,2017,48.4,,
ESTAT:CEI_WM020(1.0),27/02/25 23:00:00,Annual,Plastic packaging,Rate,Sweden,2018,50,,
ESTAT:CEI_WM020(1.0),27/02/25 23:00:00,Annual,Plastic packaging,Rate,Sweden,2019,53.2,,
ESTAT:CEI_WM020(1.0),27/02/25 23:00:00,Annual,Plastic packaging,Rate,Sweden,2020,33.5,b,
ESTAT:CEI_WM020(1.0),27/02/25 23:00:00,Annual,Plastic packaging,Rate,Sweden,2021,23.8,be,
ESTAT:CEI_WM020(1.0),27/02/25 23:00:00,Annual,Plastic packaging,Rate,Sweden,2022,28.3,be,
ESTAT:CEI_WM020(1.0),27/02/25 23:00:00,Annual,Plastic packaging,Rate,Slovenia,2004,12.1,,
ESTAT:CEI_WM020(1.0),27/02/25 23:00:00,Annual,Plastic packaging,Rate,Slovenia,2005,33.9,,
ESTAT:CEI_WM020(1.0),27/02/25 23:00:00,Annual,Plastic packaging,Rate,Slovenia,2006,38.6,,
ESTAT:CEI_WM020(1.0),27/02/25 23:00:00,Annual,Plastic packaging,Rate,Slovenia,2007,46.5,,
ESTAT:CEI_WM020(1.0),27/02/25 23:00:00,Annual,Plastic packaging,Rate,Slovenia,2008,55.6,,
ESTAT:CEI_WM020(1.0),27/02/25 23:00:00,Annual,Plastic packaging,Rate,Slovenia,2009,42,,
ESTAT:CEI_WM020(1.0),27/02/25 23:00:00,Annual,Plastic packaging,Rate,Slovenia,2010,67.3,,
ESTAT:CEI_WM020(1.0),27/02/25 23:00:00,Annual,Plastic packaging,Rate,Slovenia,2011,75.5,,
ESTAT:CEI_WM020(1.0),27/02/25 23:00:00,Annual,Plastic packaging,Rate,Slovenia,2012,64.8,,
ESTAT:CEI_WM020(1.0),27/02/25 23:00:00,Annual,Plastic packaging,Rate,Slovenia,2013,81.7,,
ESTAT:CEI_WM020(1.0),27/02/25 23:00:00,Annual,Plastic packaging,Rate,Slovenia,2014,69.3,,
ESTAT:CEI_WM020(1.0),27/02/25 23:00:00,Annual,Plastic packaging,Rate,Slovenia,2015,63.4,,
ESTAT:CEI_WM020(1.0),27/02/25 23:00:00,Annual,Plastic packaging,Rate,Slovenia,2016,62,,
ESTAT:CEI_WM020(1.0),27/02/25 23:00:00,Annual,Plastic packaging,Rate,Slovenia,2017,60.4,,
ESTAT:CEI_WM020(1.0),27/02/25 23:00:00,Annual,Plastic packaging,Rate,Slovenia,2018,48.8,,
ESTAT:CEI_WM020(1.0),27/02/25 23:00:00,Annual,Plastic packaging,Rate,Slovenia,2019,50.3,,
ESTAT:CEI_WM020(1.0),27/02/25 23:00:00,Annual,Plastic packaging,Rate,Slovenia,2020,44.6,,
ESTAT:CEI_WM020(1.0),27/02/25 23:00:00,Annual,Plastic packaging,Rate,Slovenia,2021,50,,
ESTAT:CEI_WM020(1.0),27/02/25 23:00:00,Annual,Plastic packaging,Rate,Slovenia,2022,50.9,,
ESTAT:CEI_WM020(1.0),27/02/25 23:00:00,Annual,Plastic packaging,Rate,Slovakia,2003,11.9,,
ESTAT:CEI_WM020(1.0),27/02/25 23:00:00,Annual,Plastic packaging,Rate,Slovakia,2004,16,,
ESTAT:CEI_WM020(1.0),27/02/25 23:00:00,Annual,Plastic packaging,Rate,Slovakia,2005,18.1,,
ESTAT:CEI_WM020(1.0),27/02/25 23:00:00,Annual,Plastic packaging,Rate,Slovakia,2006,39.7,,
ESTAT:CEI_WM020(1.0),27/02/25 23:00:00,Annual,Plastic packaging,Rate,Slovakia,2007,41.7,,
ESTAT:CEI_WM020(1.0),27/02/25 23:00:00,Annual,Plastic packaging,Rate,Slovakia,2008,43.7,,
ESTAT:CEI_WM020(1.0),27/02/25 23:00:00,Annual,Plastic packaging,Rate,Slovakia,2009,49.3,,
ESTAT:CEI_WM020(1.0),27/02/25 23:00:00,Annual,Plastic packaging,Rate,Slovakia,2010,44.9,,
ESTAT:CEI_WM020(1.0),27/02/25 23:00:00,Annual,Plastic packaging,Rate,Slovakia,2011,49.9,,
ESTAT:CEI_WM020(1.0),27/02/25 23:00:00,Annual,Plastic packaging,Rate,Slovakia,2012,57,,
ESTAT:CEI_WM020(1.0),27/02/25 23:00:00,Annual,Plastic packaging,Rate,Slovakia,2013,55.1,,
ESTAT:CEI_WM020(1.0),27/02/25 23:00:00,Annual,Plastic packaging,Rate,Slovakia,2014,55.9,,
ESTAT:CEI_WM020(1.0),27/02/25 23:00:00,Annual,Plastic packaging,Rate,Slovakia,2015,54.4,,
ESTAT:CEI_WM020(1.0),27/02/25 23:00:00,Annual,Plastic packaging,Rate,Slovakia,2016,51.7,,
ESTAT:CEI_WM020(1.0),27/02/25 23:00:00,Annual,Plastic packaging,Rate,Slovakia,2017,52.4,,
ESTAT:CEI_WM020(1.0),27/02/25 23:00:00,Annual,Plastic packaging,Rate,Slovakia,2018,51.4,,
ESTAT:CEI_WM020(1.0),27/02/25 23:00:00,Annual,Plastic packaging,Rate,Slovakia,2019,52.8,,
ESTAT:CEI_WM020(1.0),27/02/25 23:00:00,Annual,Plastic packaging,Rate,Slovakia,2020,56.3,d,
ESTAT:CEI_WM020(1.0),27/02/25 23:00:00,Annual,Plastic packaging,Rate,Slovakia,2021,60.2,d,
ESTAT:CEI_WM020(1.0),27/02/25 23:00:00,Annual,Plastic packaging,Rate,Slovakia,2022,51.9,d,
