DATAFLOW,LAST UPDATE,freq,unit,na_item,geo,TIME_PERIOD,OBS_VALUE,OBS_FLAG,CONF_STATUS
ESTAT:NAMA_10_GDP(1.0),05/03/25 23:00:00,Annual,"Chain linked volumes, index 2015=100",Gross domestic product at market prices,Albania,2010,91.511,,
ESTAT:NAMA_10_GDP(1.0),05/03/25 23:00:00,Annual,"Chain linked volumes, index 2015=100",Gross domestic product at market prices,Albania,2011,93.840,,
ESTAT:NAMA_10_GDP(1.0),05/03/25 23:00:00,Annual,"Chain linked volumes, index 2015=100",Gross domestic product at market prices,Albania,2012,95.170,,
ESTAT:NAMA_10_GDP(1.0),05/03/25 23:00:00,Annual,"Chain linked volumes, index 2015=100",Gross domestic product at market prices,Albania,2013,96.124,d,
ESTAT:NAMA_10_GDP(1.0),05/03/25 23:00:00,Annual,"Chain linked volumes, index 2015=100",Gross domestic product at market prices,Albania,2014,97.829,,
ESTAT:NAMA_10_GDP(1.0),05/03/25 23:00:00,Annual,"Chain linked volumes, index 2015=100",Gross domestic product at market prices,Albania,2015,100.000,,
ESTAT:NAMA_10_GDP(1.0),05/03/25 23:00:00,Annual,"Chain linked volumes, index 2015=100",Gross domestic product at market prices,Albania,2016,103.315,,
ESTAT:NAMA_10_GDP(1.0),05/03/25 23:00:00,Annual,"Chain linked volumes, index 2015=100",Gross domestic product at market prices,Albania,2017,107.243,,
ESTAT:NAMA_10_GDP(1.0),05/03/25 23:00:00,Annual,"Chain linked volumes, index 2015=100",Gross domestic product at market prices,Albania,2018,111.554,,
ESTAT:NAMA_10_GDP(1.0),05/03/25 23:00:00,Annual,"Chain linked volumes, index 2015=100",Gross domestic product at market prices,Albania,2019,126.435,b,
ESTAT:NAMA_10_GDP(1.0),05/03/25 23:00:00,Annual,"Chain linked volumes, index 2015=100",Gross domestic product at market prices,Albania,2020,122.245,,
ESTAT:NAMA_10_GDP(1.0),05/03/25 23:00:00,Annual,"Chain linked volumes, index 2015=100",Gross domestic product at market prices,Albania,2021,133.210,,
ESTAT:NAMA_10_GDP(1.0),05/03/25 23:00:00,Annual,"Chain linked volumes, index 2015=100",Gross domestic product at market prices,Albania,2022,139.640,,
ESTAT:NAMA_10_GDP(1.0),05/03/25 23:00:00,Annual,"Chain linked volumes, index 2015=100",Gross domestic product at market prices,Albania,2023,145.137,p,
ESTAT:NAMA_10_GDP(1.0),05/03/25 23:00:00,Annual,"Chain linked volumes, index 2015=100",Gross domestic product at market prices,Austria,2010,94.830,,
ESTAT:NAMA_10_GDP(1.0),05/03/25 23:00:00,Annual,"Chain linked volumes, index 2015=100",Gross domestic product at market prices,Austria,2011,97.606,,
ESTAT:NAMA_10_GDP(1.0),05/03/25 23:00:00,Annual,"Chain linked volumes, index 2015=100",Gross domestic product at market prices,Austria,2012,98.219,,
ESTAT:NAMA_10_GDP(1.0),05/03/25 23:00:00,Annual,"Chain linked volumes, index 2015=100",Gross domestic product at market prices,Austria,2013,97.973,,
ESTAT:NAMA_10_GDP(1.0),05/03/25 23:00:00,Annual,"Chain linked volumes, index 2015=100",Gross domestic product at market prices,Austria,2014,98.713,,
ESTAT:NAMA_10_GDP(1.0),05/03/25 23:00:00,Annual,"Chain linked volumes, index 2015=100",Gross domestic product at market prices,Austria,2015,100.000,,
ESTAT:NAMA_10_GDP(1.0),05/03/25 23:00:00,Annual,"Chain linked volumes, index 2015=100",Gross domestic product at market prices,Austria,2016,102.117,,
ESTAT:NAMA_10_GDP(1.0),05/03/25 23:00:00,Annual,"Chain linked volumes, index 2015=100",Gross domestic product at market prices,Austria,2017,104.438,,
ESTAT:NAMA_10_GDP(1.0),05/03/25 23:00:00,Annual,"Chain linked volumes, index 2015=100",Gross domestic product at market prices,Austria,2018,107.032,,
ESTAT:NAMA_10_GDP(1.0),05/03/25 23:00:00,Annual,"Chain linked volumes, index 2015=100",Gross domestic product at market prices,Austria,2019,108.910,,
ESTAT:NAMA_10_GDP(1.0),05/03/25 23:00:00,Annual,"Chain linked volumes, index 2015=100",Gross domestic product at market prices,Austria,2020,102.029,,
ESTAT:NAMA_10_GDP(1.0),05/03/25 23:00:00,Annual,"Chain linked volumes, index 2015=100",Gross domestic product at market prices,Austria,2021,106.922,,
ESTAT:NAMA_10_GDP(1.0),05/03/25 23:00:00,Annual,"Chain linked volumes, index 2015=100",Gross domestic product at market prices,Austria,2022,112.565,,
ESTAT:NAMA_10_GDP(1.0),05/03/25 23:00:00,Annual,"Chain linked volumes, index 2015=100",Gross domestic product at market prices,Austria,2023,111.490,,
ESTAT:NAMA_10_GDP(1.0),05/03/25 23:00:00,Annual,"Chain linked volumes, index 2015=100",Gross domestic product at market prices,Austria,2024,110.182,,
ESTAT:NAMA_10_GDP(1.0),05/03/25 23:00:00,Annual,"Chain linked volumes, index 2015=100",Gross domestic product at market prices,Bosnia and Herzegovina,2010,92.502,,
ESTAT:NAMA_10_GDP(1.0),05/03/25 23:00:00,Annual,"Chain linked volumes, index 2015=100",Gross domestic product at market prices,Bosnia and Herzegovina,2011,93.389,,
ESTAT:NAMA_10_GDP(1.0),05/03/25 23:00:00,Annual,"Chain linked volumes, index 2015=100",Gross domestic product at market prices,Bosnia and Herzegovina,2012,92.622,,
ESTAT:NAMA_10_GDP(1.0),05/03/25 23:00:00,Annual,"Chain linked volumes, index 2015=100",Gross domestic product at market prices,Bosnia and Herzegovina,2013,94.798,,
ESTAT:NAMA_10_GDP(1.0),05/03/25 23:00:00,Annual,"Chain linked volumes, index 2015=100",Gross domestic product at market prices,Bosnia and Herzegovina,2014,95.892,,
ESTAT:NAMA_10_GDP(1.0),05/03/25 23:00:00,Annual,"Chain linked volumes, index 2015=100",Gross domestic product at market prices,Bosnia and Herzegovina,2015,100.000,b,
ESTAT:NAMA_10_GDP(1.0),05/03/25 23:00:00,Annual,"Chain linked volumes, index 2015=100",Gross domestic product at market prices,Bosnia and Herzegovina,2016,103.242,,
ESTAT:NAMA_10_GDP(1.0),05/03/25 23:00:00,Annual,"Chain linked volumes, index 2015=100",Gross domestic product at market prices,Bosnia and Herzegovina,2017,106.592,,
ESTAT:NAMA_10_GDP(1.0),05/03/25 23:00:00,Annual,"Chain linked volumes, index 2015=100",Gross domestic product at market prices,Bosnia and Herzegovina,2018,110.673,,
ESTAT:NAMA_10_GDP(1.0),05/03/25 23:00:00,Annual,"Chain linked volumes, index 2015=100",Gross domestic product at market prices,Bosnia and Herzegovina,2019,113.867,,
ESTAT:NAMA_10_GDP(1.0),05/03/25 23:00:00,Annual,"Chain linked volumes, index 2015=100",Gross domestic product at market prices,Bosnia and Herzegovina,2020,110.434,,
ESTAT:NAMA_10_GDP(1.0),05/03/25 23:00:00,Annual,"Chain linked volumes, index 2015=100",Gross domestic product at market prices,Bosnia and Herzegovina,2021,118.596,,
ESTAT:NAMA_10_GDP(1.0),05/03/25 23:00:00,Annual,"Chain linked volumes, index 2015=100",Gross domestic product at market prices,Bosnia and Herzegovina,2022,123.609,,
ESTAT:NAMA_10_GDP(1.0),05/03/25 23:00:00,Annual,"Chain linked volumes, index 2015=100",Gross domestic product at market prices,Bosnia and Herzegovina,2023,126.075,,
ESTAT:NAMA_10_GDP(1.0),05/03/25 23:00:00,Annual,"Chain linked volumes, index 2015=100",Gross domestic product at market prices,Belgium,2010,94.510,,
ESTAT:NAMA_10_GDP(1.0),05/03/25 23:00:00,Annual,"Chain linked volumes, index 2015=100",Gross domestic product at market prices,Belgium,2011,96.335,,
ESTAT:NAMA_10_GDP(1.0),05/03/25 23:00:00,Annual,"Chain linked volumes, index 2015=100",Gross domestic product at market prices,Belgium,2012,96.543,,
ESTAT:NAMA_10_GDP(1.0),05/03/25 23:00:00,Annual,"Chain linked volumes, index 2015=100",Gross domestic product at market prices,Belgium,2013,96.838,,
ESTAT:NAMA_10_GDP(1.0),05/03/25 23:00:00,Annual,"Chain linked volumes, index 2015=100",Gross domestic product at market prices,Belgium,2014,98.547,,
ESTAT:NAMA_10_GDP(1.0),05/03/25 23:00:00,Annual,"Chain linked volumes, index 2015=100",Gross domestic product at market prices,Belgium,2015,100.000,,
ESTAT:NAMA_10_GDP(1.0),05/03/25 23:00:00,Annual,"Chain linked volumes, index 2015=100",Gross domestic product at market prices,Belgium,2016,101.194,,
ESTAT:NAMA_10_GDP(1.0),05/03/25 23:00:00,Annual,"Chain linked volumes, index 2015=100",Gross domestic product at market prices,Belgium,2017,102.686,,
ESTAT:NAMA_10_GDP(1.0),05/03/25 23:00:00,Annual,"Chain linked volumes, index 2015=100",Gross domestic product at market prices,Belgium,2018,104.614,,
ESTAT:NAMA_10_GDP(1.0),05/03/25 23:00:00,Annual,"Chain linked volumes, index 2015=100",Gross domestic product at market prices,Belgium,2019,107.170,,
ESTAT:NAMA_10_GDP(1.0),05/03/25 23:00:00,Annual,"Chain linked volumes, index 2015=100",Gross domestic product at market prices,Belgium,2020,102.033,,
ESTAT:NAMA_10_GDP(1.0),05/03/25 23:00:00,Annual,"Chain linked volumes, index 2015=100",Gross domestic product at market prices,Belgium,2021,108.362,,
ESTAT:NAMA_10_GDP(1.0),05/03/25 23:00:00,Annual,"Chain linked volumes, index 2015=100",Gross domestic product at market prices,Belgium,2022,112.949,,
ESTAT:NAMA_10_GDP(1.0),05/03/25 23:00:00,Annual,"Chain linked volumes, index 2015=100",Gross domestic product at market prices,Belgium,2023,114.363,p,
ESTAT:NAMA_10_GDP(1.0),05/03/25 23:00:00,Annual,"Chain linked volumes, index 2015=100",Gross domestic product at market prices,Belgium,2024,115.501,p,
ESTAT:NAMA_10_GDP(1.0),05/03/25 23:00:00,Annual,"Chain linked volumes, index 2015=100",Gross domestic product at market prices,Bulgaria,2010,93.654,,
ESTAT:NAMA_10_GDP(1.0),05/03/25 23:00:00,Annual,"Chain linked volumes, index 2015=100",Gross domestic product at market prices,Bulgaria,2011,95.611,,
ESTAT:NAMA_10_GDP(1.0),05/03/25 23:00:00,Annual,"Chain linked volumes, index 2015=100",Gross domestic product at market prices,Bulgaria,2012,96.327,,
ESTAT:NAMA_10_GDP(1.0),05/03/25 23:00:00,Annual,"Chain linked volumes, index 2015=100",Gross domestic product at market prices,Bulgaria,2013,95.804,,
ESTAT:NAMA_10_GDP(1.0),05/03/25 23:00:00,Annual,"Chain linked volumes, index 2015=100",Gross domestic product at market prices,Bulgaria,2014,96.714,,
ESTAT:NAMA_10_GDP(1.0),05/03/25 23:00:00,Annual,"Chain linked volumes, index 2015=100",Gross domestic product at market prices,Bulgaria,2015,100.000,,
ESTAT:NAMA_10_GDP(1.0),05/03/25 23:00:00,Annual,"Chain linked volumes, index 2015=100",Gross domestic product at market prices,Bulgaria,2016,103.027,,
ESTAT:NAMA_10_GDP(1.0),05/03/25 23:00:00,Annual,"Chain linked volumes, index 2015=100",Gross domestic product at market prices,Bulgaria,2017,105.856,,
ESTAT:NAMA_10_GDP(1.0),05/03/25 23:00:00,Annual,"Chain linked volumes, index 2015=100",Gross domestic product at market prices,Bulgaria,2018,108.554,,
ESTAT:NAMA_10_GDP(1.0),05/03/25 23:00:00,Annual,"Chain linked volumes, index 2015=100",Gross domestic product at market prices,Bulgaria,2019,112.667,,
ESTAT:NAMA_10_GDP(1.0),05/03/25 23:00:00,Annual,"Chain linked volumes, index 2015=100",Gross domestic product at market prices,Bulgaria,2020,109.044,,
ESTAT:NAMA_10_GDP(1.0),05/03/25 23:00:00,Annual,"Chain linked volumes, index 2015=100",Gross domestic product at market prices,Bulgaria,2021,117.529,,
ESTAT:NAMA_10_GDP(1.0),05/03/25 23:00:00,Annual,"Chain linked volumes, index 2015=100",Gross domestic product at market prices,Bulgaria,2022,122.275,,
ESTAT:NAMA_10_GDP(1.0),05/03/25 23:00:00,Annual,"Chain linked volumes, index 2015=100",Gross domestic product at market prices,Bulgaria,2023,124.582,,
ESTAT:NAMA_10_GDP(1.0),05/03/25 23:00:00,Annual,"Chain linked volumes, index 2015=100",Gross domestic product at market prices,Switzerland,2010,91.668,,
ESTAT:NAMA_10_GDP(1.0),05/03/25 23:00:00,Annual,"Chain linked volumes, index 2015=100",Gross domestic product at market prices,Switzerland,2011,93.330,,
ESTAT:NAMA_10_GDP(1.0),05/03/25 23:00:00,Annual,"Chain linked volumes, index 2015=100",Gross domestic product at market prices,Switzerland,2012,94.431,,
ESTAT:NAMA_10_GDP(1.0),05/03/25 23:00:00,Annual,"Chain linked volumes, index 2015=100",Gross domestic product at market prices,Switzerland,2013,96.123,,
ESTAT:NAMA_10_GDP(1.0),05/03/25 23:00:00,Annual,"Chain linked volumes, index 2015=100",Gross domestic product at market prices,Switzerland,2014,98.382,,
ESTAT:NAMA_10_GDP(1.0),05/03/25 23:00:00,Annual,"Chain linked volumes, index 2015=100",Gross domestic product at market prices,Switzerland,2015,100.000,,
ESTAT:NAMA_10_GDP(1.0),05/03/25 23:00:00,Annual,"Chain linked volumes, index 2015=100",Gross domestic product at market prices,Switzerland,2016,102.069,,
ESTAT:NAMA_10_GDP(1.0),05/03/25 23:00:00,Annual,"Chain linked volumes, index 2015=100",Gross domestic product at market prices,Switzerland,2017,103.460,,
ESTAT:NAMA_10_GDP(1.0),05/03/25 23:00:00,Annual,"Chain linked volumes, index 2015=100",Gross domestic product at market prices,Switzerland,2018,106.419,,
ESTAT:NAMA_10_GDP(1.0),05/03/25 23:00:00,Annual,"Chain linked volumes, index 2015=100",Gross domestic product at market prices,Switzerland,2019,107.634,,
ESTAT:NAMA_10_GDP(1.0),05/03/25 23:00:00,Annual,"Chain linked volumes, index 2015=100",Gross domestic product at market prices,Switzerland,2020,105.329,,
ESTAT:NAMA_10_GDP(1.0),05/03/25 23:00:00,Annual,"Chain linked volumes, index 2015=100",Gross domestic product at market prices,Switzerland,2021,111.185,,
ESTAT:NAMA_10_GDP(1.0),05/03/25 23:00:00,Annual,"Chain linked volumes, index 2015=100",Gross domestic product at market prices,Switzerland,2022,114.570,,
ESTAT:NAMA_10_GDP(1.0),05/03/25 23:00:00,Annual,"Chain linked volumes, index 2015=100",Gross domestic product at market prices,Switzerland,2023,115.352,,
ESTAT:NAMA_10_GDP(1.0),05/03/25 23:00:00,Annual,"Chain linked volumes, index 2015=100",Gross domestic product at market prices,Switzerland,2024,116.855,,
ESTAT:NAMA_10_GDP(1.0),05/03/25 23:00:00,Annual,"Chain linked volumes, index 2015=100",Gross domestic product at market prices,Cyprus,2010,108.694,,
ESTAT:NAMA_10_GDP(1.0),05/03/25 23:00:00,Annual,"Chain linked volumes, index 2015=100",Gross domestic product at market prices,Cyprus,2011,109.147,,
ESTAT:NAMA_10_GDP(1.0),05/03/25 23:00:00,Annual,"Chain linked volumes, index 2015=100",Gross domestic product at market prices,Cyprus,2012,105.385,,
ESTAT:NAMA_10_GDP(1.0),05/03/25 23:00:00,Annual,"Chain linked volumes, index 2015=100",Gross domestic product at market prices,Cyprus,2013,98.443,,
ESTAT:NAMA_10_GDP(1.0),05/03/25 23:00:00,Annual,"Chain linked volumes, index 2015=100",Gross domestic product at market prices,Cyprus,2014,96.694,,
ESTAT:NAMA_10_GDP(1.0),05/03/25 23:00:00,Annual,"Chain linked volumes, index 2015=100",Gross domestic product at market prices,Cyprus,2015,100.000,,
ESTAT:NAMA_10_GDP(1.0),05/03/25 23:00:00,Annual,"Chain linked volumes, index 2015=100",Gross domestic product at market prices,Cyprus,2016,106.574,,
ESTAT:NAMA_10_GDP(1.0),05/03/25 23:00:00,Annual,"Chain linked volumes, index 2015=100",Gross domestic product at market prices,Cyprus,2017,112.702,,
ESTAT:NAMA_10_GDP(1.0),05/03/25 23:00:00,Annual,"Chain linked volumes, index 2015=100",Gross domestic product at market prices,Cyprus,2018,119.771,,
ESTAT:NAMA_10_GDP(1.0),05/03/25 23:00:00,Annual,"Chain linked volumes, index 2015=100",Gross domestic product at market prices,Cyprus,2019,126.808,,
ESTAT:NAMA_10_GDP(1.0),05/03/25 23:00:00,Annual,"Chain linked volumes, index 2015=100",Gross domestic product at market prices,Cyprus,2020,122.724,,
ESTAT:NAMA_10_GDP(1.0),05/03/25 23:00:00,Annual,"Chain linked volumes, index 2015=100",Gross domestic product at market prices,Cyprus,2021,136.700,,
ESTAT:NAMA_10_GDP(1.0),05/03/25 23:00:00,Annual,"Chain linked volumes, index 2015=100",Gross domestic product at market prices,Cyprus,2022,146.768,,
ESTAT:NAMA_10_GDP(1.0),05/03/25 23:00:00,Annual,"Chain linked volumes, index 2015=100",Gross domestic product at market prices,Cyprus,2023,150.602,,
ESTAT:NAMA_10_GDP(1.0),05/03/25 23:00:00,Annual,"Chain linked volumes, index 2015=100",Gross domestic product at market prices,Cyprus,2024,155.768,p,
ESTAT:NAMA_10_GDP(1.0),05/03/25 23:00:00,Annual,"Chain linked volumes, index 2015=100",Gross domestic product at market prices,Czechia,2010,92.310,,
ESTAT:NAMA_10_GDP(1.0),05/03/25 23:00:00,Annual,"Chain linked volumes, index 2015=100",Gross domestic product at market prices,Czechia,2011,93.946,,
ESTAT:NAMA_10_GDP(1.0),05/03/25 23:00:00,Annual,"Chain linked volumes, index 2015=100",Gross domestic product at market prices,Czechia,2012,93.222,,
ESTAT:NAMA_10_GDP(1.0),05/03/25 23:00:00,Annual,"Chain linked volumes, index 2015=100",Gross domestic product at market prices,Czechia,2013,93.183,,
ESTAT:NAMA_10_GDP(1.0),05/03/25 23:00:00,Annual,"Chain linked volumes, index 2015=100",Gross domestic product at market prices,Czechia,2014,95.276,,
ESTAT:NAMA_10_GDP(1.0),05/03/25 23:00:00,Annual,"Chain linked volumes, index 2015=100",Gross domestic product at market prices,Czechia,2015,100.000,,
ESTAT:NAMA_10_GDP(1.0),05/03/25 23:00:00,Annual,"Chain linked volumes, index 2015=100",Gross domestic product at market prices,Czechia,2016,102.581,,
ESTAT:NAMA_10_GDP(1.0),05/03/25 23:00:00,Annual,"Chain linked volumes, index 2015=100",Gross domestic product at market prices,Czechia,2017,107.888,,
ESTAT:NAMA_10_GDP(1.0),05/03/25 23:00:00,Annual,"Chain linked volumes, index 2015=100",Gross domestic product at market prices,Czechia,2018,110.942,,
ESTAT:NAMA_10_GDP(1.0),05/03/25 23:00:00,Annual,"Chain linked volumes, index 2015=100",Gross domestic product at market prices,Czechia,2019,114.897,,
ESTAT:NAMA_10_GDP(1.0),05/03/25 23:00:00,Annual,"Chain linked volumes, index 2015=100",Gross domestic product at market prices,Czechia,2020,108.802,,
ESTAT:NAMA_10_GDP(1.0),05/03/25 23:00:00,Annual,"Chain linked volumes, index 2015=100",Gross domestic product at market prices,Czechia,2021,113.186,,
ESTAT:NAMA_10_GDP(1.0),05/03/25 23:00:00,Annual,"Chain linked volumes, index 2015=100",Gross domestic product at market prices,Czechia,2022,116.409,,
ESTAT:NAMA_10_GDP(1.0),05/03/25 23:00:00,Annual,"Chain linked volumes, index 2015=100",Gross domestic product at market prices,Czechia,2023,116.344,,
ESTAT:NAMA_10_GDP(1.0),05/03/25 23:00:00,Annual,"Chain linked volumes, index 2015=100",Gross domestic product at market prices,Czechia,2024,117.663,,
ESTAT:NAMA_10_GDP(1.0),05/03/25 23:00:00,Annual,"Chain linked volumes, index 2015=100",Gross domestic product at market prices,Germany,2010,92.005,,
ESTAT:NAMA_10_GDP(1.0),05/03/25 23:00:00,Annual,"Chain linked volumes, index 2015=100",Gross domestic product at market prices,Germany,2011,95.462,,
ESTAT:NAMA_10_GDP(1.0),05/03/25 23:00:00,Annual,"Chain linked volumes, index 2015=100",Gross domestic product at market prices,Germany,2012,95.915,,
ESTAT:NAMA_10_GDP(1.0),05/03/25 23:00:00,Annual,"Chain linked volumes, index 2015=100",Gross domestic product at market prices,Germany,2013,96.285,,
ESTAT:NAMA_10_GDP(1.0),05/03/25 23:00:00,Annual,"Chain linked volumes, index 2015=100",Gross domestic product at market prices,Germany,2014,98.374,,
ESTAT:NAMA_10_GDP(1.0),05/03/25 23:00:00,Annual,"Chain linked volumes, index 2015=100",Gross domestic product at market prices,Germany,2015,100.000,,
ESTAT:NAMA_10_GDP(1.0),05/03/25 23:00:00,Annual,"Chain linked volumes, index 2015=100",Gross domestic product at market prices,Germany,2016,102.295,,
ESTAT:NAMA_10_GDP(1.0),05/03/25 23:00:00,Annual,"Chain linked volumes, index 2015=100",Gross domestic product at market prices,Germany,2017,105.073,,
ESTAT:NAMA_10_GDP(1.0),05/03/25 23:00:00,Annual,"Chain linked volumes, index 2015=100",Gross domestic product at market prices,Germany,2018,106.246,,
ESTAT:NAMA_10_GDP(1.0),05/03/25 23:00:00,Annual,"Chain linked volumes, index 2015=100",Gross domestic product at market prices,Germany,2019,107.296,,
ESTAT:NAMA_10_GDP(1.0),05/03/25 23:00:00,Annual,"Chain linked volumes, index 2015=100",Gross domestic product at market prices,Germany,2020,102.902,,
ESTAT:NAMA_10_GDP(1.0),05/03/25 23:00:00,Annual,"Chain linked volumes, index 2015=100",Gross domestic product at market prices,Germany,2021,106.678,p,
ESTAT:NAMA_10_GDP(1.0),05/03/25 23:00:00,Annual,"Chain linked volumes, index 2015=100",Gross domestic product at market prices,Germany,2022,108.140,p,
ESTAT:NAMA_10_GDP(1.0),05/03/25 23:00:00,Annual,"Chain linked volumes, index 2015=100",Gross domestic product at market prices,Germany,2023,107.851,p,
ESTAT:NAMA_10_GDP(1.0),05/03/25 23:00:00,Annual,"Chain linked volumes, index 2015=100",Gross domestic product at market prices,Germany,2024,107.594,p,
ESTAT:NAMA_10_GDP(1.0),05/03/25 23:00:00,Annual,"Chain linked volumes, index 2015=100",Gross domestic product at market prices,Denmark,2010,94.146,,
ESTAT:NAMA_10_GDP(1.0),05/03/25 23:00:00,Annual,"Chain linked volumes, index 2015=100",Gross domestic product at market prices,Denmark,2011,95.380,,
ESTAT:NAMA_10_GDP(1.0),05/03/25 23:00:00,Annual,"Chain linked volumes, index 2015=100",Gross domestic product at market prices,Denmark,2012,95.375,,
ESTAT:NAMA_10_GDP(1.0),05/03/25 23:00:00,Annual,"Chain linked volumes, index 2015=100",Gross domestic product at market prices,Denmark,2013,96.703,,
ESTAT:NAMA_10_GDP(1.0),05/03/25 23:00:00,Annual,"Chain linked volumes, index 2015=100",Gross domestic product at market prices,Denmark,2014,97.939,,
ESTAT:NAMA_10_GDP(1.0),05/03/25 23:00:00,Annual,"Chain linked volumes, index 2015=100",Gross domestic product at market prices,Denmark,2015,100.000,,
ESTAT:NAMA_10_GDP(1.0),05/03/25 23:00:00,Annual,"Chain linked volumes, index 2015=100",Gross domestic product at market prices,Denmark,2016,103.073,,
ESTAT:NAMA_10_GDP(1.0),05/03/25 23:00:00,Annual,"Chain linked volumes, index 2015=100",Gross domestic product at market prices,Denmark,2017,106.223,,
ESTAT:NAMA_10_GDP(1.0),05/03/25 23:00:00,Annual,"Chain linked volumes, index 2015=100",Gross domestic product at market prices,Denmark,2018,108.199,,
ESTAT:NAMA_10_GDP(1.0),05/03/25 23:00:00,Annual,"Chain linked volumes, index 2015=100",Gross domestic product at market prices,Denmark,2019,110.051,,
ESTAT:NAMA_10_GDP(1.0),05/03/25 23:00:00,Annual,"Chain linked volumes, index 2015=100",Gross domestic product at market prices,Denmark,2020,108.092,,
ESTAT:NAMA_10_GDP(1.0),05/03/25 23:00:00,Annual,"Chain linked volumes, index 2015=100",Gross domestic product at market prices,Denmark,2021,116.071,,
ESTAT:NAMA_10_GDP(1.0),05/03/25 23:00:00,Annual,"Chain linked volumes, index 2015=100",Gross domestic product at market prices,Denmark,2022,117.859,,
ESTAT:NAMA_10_GDP(1.0),05/03/25 23:00:00,Annual,"Chain linked volumes, index 2015=100",Gross domestic product at market prices,Denmark,2023,120.800,,
ESTAT:NAMA_10_GDP(1.0),05/03/25 23:00:00,Annual,"Chain linked volumes, index 2015=100",Gross domestic product at market prices,Denmark,2024,125.108,,
ESTAT:NAMA_10_GDP(1.0),05/03/25 23:00:00,Annual,"Chain linked volumes, index 2015=100",Gross domestic product at market prices,"Euro area (EA11-1999, EA12-2001, EA13-2007, EA15-2008, EA16-2009, EA17-2011, EA18-2014, EA19-2015, EA20-2023)",2010,96.077,,
ESTAT:NAMA_10_GDP(1.0),05/03/25 23:00:00,Annual,"Chain linked volumes, index 2015=100",Gross domestic product at market prices,"Euro area (EA11-1999, EA12-2001, EA13-2007, EA15-2008, EA16-2009, EA17-2011, EA18-2014, EA19-2015, EA20-2023)",2011,97.704,,
ESTAT:NAMA_10_GDP(1.0),05/03/25 23:00:00,Annual,"Chain linked volumes, index 2015=100",Gross domestic product at market prices,"Euro area (EA11-1999, EA12-2001, EA13-2007, EA15-2008, EA16-2009, EA17-2011, EA18-2014, EA19-2015, EA20-2023)",2012,96.749,,
ESTAT:NAMA_10_GDP(1.0),05/03/25 23:00:00,Annual,"Chain linked volumes, index 2015=100",Gross domestic product at market prices,"Euro area (EA11-1999, EA12-2001, EA13-2007, EA15-2008, EA16-2009, EA17-2011, EA18-2014, EA19-2015, EA20-2023)",2013,96.554,,
ESTAT:NAMA_10_GDP(1.0),05/03/25 23:00:00,Annual,"Chain linked volumes, index 2015=100",Gross domestic product at market prices,"Euro area (EA11-1999, EA12-2001, EA13-2007, EA15-2008, EA16-2009, EA17-2011, EA18-2014, EA19-2015, EA20-2023)",2014,97.938,,
ESTAT:NAMA_10_GDP(1.0),05/03/25 23:00:00,Annual,"Chain linked volumes, index 2015=100",Gross domestic product at market prices,"Euro area (EA11-1999, EA12-2001, EA13-2007, EA15-2008, EA16-2009, EA17-2011, EA18-2014, EA19-2015, EA20-2023)",2015,100.000,,
ESTAT:NAMA_10_GDP(1.0),05/03/25 23:00:00,Annual,"Chain linked volumes, index 2015=100",Gross domestic product at market prices,"Euro area (EA11-1999, EA12-2001, EA13-2007, EA15-2008, EA16-2009, EA17-2011, EA18-2014, EA19-2015, EA20-2023)",2016,101.815,,
ESTAT:NAMA_10_GDP(1.0),05/03/25 23:00:00,Annual,"Chain linked volumes, index 2015=100",Gross domestic product at market prices,"Euro area (EA11-1999, EA12-2001, EA13-2007, EA15-2008, EA16-2009, EA17-2011, EA18-2014, EA19-2015, EA20-2023)",2017,104.455,,
ESTAT:NAMA_10_GDP(1.0),05/03/25 23:00:00,Annual,"Chain linked volumes, index 2015=100",Gross domestic product at market prices,"Euro area (EA11-1999, EA12-2001, EA13-2007, EA15-2008, EA16-2009, EA17-2011, EA18-2014, EA19-2015, EA20-2023)",2018,106.296,,
ESTAT:NAMA_10_GDP(1.0),05/03/25 23:00:00,Annual,"Chain linked volumes, index 2015=100",Gross domestic product at market prices,"Euro area (EA11-1999, EA12-2001, EA13-2007, EA15-2008, EA16-2009, EA17-2011, EA18-2014, EA19-2015, EA20-2023)",2019,108.019,,
ESTAT:NAMA_10_GDP(1.0),05/03/25 23:00:00,Annual,"Chain linked volumes, index 2015=100",Gross domestic product at market prices,"Euro area (EA11-1999, EA12-2001, EA13-2007, EA15-2008, EA16-2009, EA17-2011, EA18-2014, EA19-2015, EA20-2023)",2020,101.532,,
ESTAT:NAMA_10_GDP(1.0),05/03/25 23:00:00,Annual,"Chain linked volumes, index 2015=100",Gross domestic product at market prices,"Euro area (EA11-1999, EA12-2001, EA13-2007, EA15-2008, EA16-2009, EA17-2011, EA18-2014, EA19-2015, EA20-2023)",2021,107.930,,
ESTAT:NAMA_10_GDP(1.0),05/03/25 23:00:00,Annual,"Chain linked volumes, index 2015=100",Gross domestic product at market prices,"Euro area (EA11-1999, EA12-2001, EA13-2007, EA15-2008, EA16-2009, EA17-2011, EA18-2014, EA19-2015, EA20-2023)",2022,111.700,,
ESTAT:NAMA_10_GDP(1.0),05/03/25 23:00:00,Annual,"Chain linked volumes, index 2015=100",Gross domestic product at market prices,"Euro area (EA11-1999, EA12-2001, EA13-2007, EA15-2008, EA16-2009, EA17-2011, EA18-2014, EA19-2015, EA20-2023)",2023,112.193,,
ESTAT:NAMA_10_GDP(1.0),05/03/25 23:00:00,Annual,"Chain linked volumes, index 2015=100",Gross domestic product at market prices,Euro area - 12 countries (2001-2006),2010,96.127,,
ESTAT:NAMA_10_GDP(1.0),05/03/25 23:00:00,Annual,"Chain linked volumes, index 2015=100",Gross domestic product at market prices,Euro area - 12 countries (2001-2006),2011,97.771,,
ESTAT:NAMA_10_GDP(1.0),05/03/25 23:00:00,Annual,"Chain linked volumes, index 2015=100",Gross domestic product at market prices,Euro area - 12 countries (2001-2006),2012,96.798,,
ESTAT:NAMA_10_GDP(1.0),05/03/25 23:00:00,Annual,"Chain linked volumes, index 2015=100",Gross domestic product at market prices,Euro area - 12 countries (2001-2006),2013,96.602,,
ESTAT:NAMA_10_GDP(1.0),05/03/25 23:00:00,Annual,"Chain linked volumes, index 2015=100",Gross domestic product at market prices,Euro area - 12 countries (2001-2006),2014,97.973,,
ESTAT:NAMA_10_GDP(1.0),05/03/25 23:00:00,Annual,"Chain linked volumes, index 2015=100",Gross domestic product at market prices,Euro area - 12 countries (2001-2006),2015,100.000,,
ESTAT:NAMA_10_GDP(1.0),05/03/25 23:00:00,Annual,"Chain linked volumes, index 2015=100",Gross domestic product at market prices,Euro area - 12 countries (2001-2006),2016,101.792,,
ESTAT:NAMA_10_GDP(1.0),05/03/25 23:00:00,Annual,"Chain linked volumes, index 2015=100",Gross domestic product at market prices,Euro area - 12 countries (2001-2006),2017,104.387,,
ESTAT:NAMA_10_GDP(1.0),05/03/25 23:00:00,Annual,"Chain linked volumes, index 2015=100",Gross domestic product at market prices,Euro area - 12 countries (2001-2006),2018,106.159,,
ESTAT:NAMA_10_GDP(1.0),05/03/25 23:00:00,Annual,"Chain linked volumes, index 2015=100",Gross domestic product at market prices,Euro area - 12 countries (2001-2006),2019,107.839,,
ESTAT:NAMA_10_GDP(1.0),05/03/25 23:00:00,Annual,"Chain linked volumes, index 2015=100",Gross domestic product at market prices,Euro area - 12 countries (2001-2006),2020,101.273,,
ESTAT:NAMA_10_GDP(1.0),05/03/25 23:00:00,Annual,"Chain linked volumes, index 2015=100",Gross domestic product at market prices,Euro area - 12 countries (2001-2006),2021,107.628,,
ESTAT:NAMA_10_GDP(1.0),05/03/25 23:00:00,Annual,"Chain linked volumes, index 2015=100",Gross domestic product at market prices,Euro area - 12 countries (2001-2006),2022,111.427,,
ESTAT:NAMA_10_GDP(1.0),05/03/25 23:00:00,Annual,"Chain linked volumes, index 2015=100",Gross domestic product at market prices,Euro area - 12 countries (2001-2006),2023,111.817,,
ESTAT:NAMA_10_GDP(1.0),05/03/25 23:00:00,Annual,"Chain linked volumes, index 2015=100",Gross domestic product at market prices,Euro area - 19 countries  (2015-2022),2010,95.974,,
ESTAT:NAMA_10_GDP(1.0),05/03/25 23:00:00,Annual,"Chain linked volumes, index 2015=100",Gross domestic product at market prices,Euro area - 19 countries  (2015-2022),2011,97.638,,
ESTAT:NAMA_10_GDP(1.0),05/03/25 23:00:00,Annual,"Chain linked volumes, index 2015=100",Gross domestic product at market prices,Euro area - 19 countries  (2015-2022),2012,96.716,,
ESTAT:NAMA_10_GDP(1.0),05/03/25 23:00:00,Annual,"Chain linked volumes, index 2015=100",Gross domestic product at market prices,Euro area - 19 countries  (2015-2022),2013,96.539,,
ESTAT:NAMA_10_GDP(1.0),05/03/25 23:00:00,Annual,"Chain linked volumes, index 2015=100",Gross domestic product at market prices,Euro area - 19 countries  (2015-2022),2014,97.936,,
ESTAT:NAMA_10_GDP(1.0),05/03/25 23:00:00,Annual,"Chain linked volumes, index 2015=100",Gross domestic product at market prices,Euro area - 19 countries  (2015-2022),2015,100.000,,
ESTAT:NAMA_10_GDP(1.0),05/03/25 23:00:00,Annual,"Chain linked volumes, index 2015=100",Gross domestic product at market prices,Euro area - 19 countries  (2015-2022),2016,101.815,,
ESTAT:NAMA_10_GDP(1.0),05/03/25 23:00:00,Annual,"Chain linked volumes, index 2015=100",Gross domestic product at market prices,Euro area - 19 countries  (2015-2022),2017,104.455,,
ESTAT:NAMA_10_GDP(1.0),05/03/25 23:00:00,Annual,"Chain linked volumes, index 2015=100",Gross domestic product at market prices,Euro area - 19 countries  (2015-2022),2018,106.296,,
ESTAT:NAMA_10_GDP(1.0),05/03/25 23:00:00,Annual,"Chain linked volumes, index 2015=100",Gross domestic product at market prices,Euro area - 19 countries  (2015-2022),2019,108.019,,
ESTAT:NAMA_10_GDP(1.0),05/03/25 23:00:00,Annual,"Chain linked volumes, index 2015=100",Gross domestic product at market prices,Euro area - 19 countries  (2015-2022),2020,101.532,,
ESTAT:NAMA_10_GDP(1.0),05/03/25 23:00:00,Annual,"Chain linked volumes, index 2015=100",Gross domestic product at market prices,Euro area - 19 countries  (2015-2022),2021,107.930,,
ESTAT:NAMA_10_GDP(1.0),05/03/25 23:00:00,Annual,"Chain linked volumes, index 2015=100",Gross domestic product at market prices,Euro area - 19 countries  (2015-2022),2022,111.700,,
ESTAT:NAMA_10_GDP(1.0),05/03/25 23:00:00,Annual,"Chain linked volumes, index 2015=100",Gross domestic product at market prices,Euro area - 19 countries  (2015-2022),2023,112.117,,
ESTAT:NAMA_10_GDP(1.0),05/03/25 23:00:00,Annual,"Chain linked volumes, index 2015=100",Gross domestic product at market prices,Euro area – 20 countries (from 2023),2010,95.996,,
ESTAT:NAMA_10_GDP(1.0),05/03/25 23:00:00,Annual,"Chain linked volumes, index 2015=100",Gross domestic product at market prices,Euro area – 20 countries (from 2023),2011,97.651,,
ESTAT:NAMA_10_GDP(1.0),05/03/25 23:00:00,Annual,"Chain linked volumes, index 2015=100",Gross domestic product at market prices,Euro area – 20 countries (from 2023),2012,96.723,,
ESTAT:NAMA_10_GDP(1.0),05/03/25 23:00:00,Annual,"Chain linked volumes, index 2015=100",Gross domestic product at market prices,Euro area – 20 countries (from 2023),2013,96.546,,
ESTAT:NAMA_10_GDP(1.0),05/03/25 23:00:00,Annual,"Chain linked volumes, index 2015=100",Gross domestic product at market prices,Euro area – 20 countries (from 2023),2014,97.935,,
ESTAT:NAMA_10_GDP(1.0),05/03/25 23:00:00,Annual,"Chain linked volumes, index 2015=100",Gross domestic product at market prices,Euro area – 20 countries (from 2023),2015,100.000,,
ESTAT:NAMA_10_GDP(1.0),05/03/25 23:00:00,Annual,"Chain linked volumes, index 2015=100",Gross domestic product at market prices,Euro area – 20 countries (from 2023),2016,101.822,,
ESTAT:NAMA_10_GDP(1.0),05/03/25 23:00:00,Annual,"Chain linked volumes, index 2015=100",Gross domestic product at market prices,Euro area – 20 countries (from 2023),2017,104.465,,
ESTAT:NAMA_10_GDP(1.0),05/03/25 23:00:00,Annual,"Chain linked volumes, index 2015=100",Gross domestic product at market prices,Euro area – 20 countries (from 2023),2018,106.312,,
ESTAT:NAMA_10_GDP(1.0),05/03/25 23:00:00,Annual,"Chain linked volumes, index 2015=100",Gross domestic product at market prices,Euro area – 20 countries (from 2023),2019,108.042,,
ESTAT:NAMA_10_GDP(1.0),05/03/25 23:00:00,Annual,"Chain linked volumes, index 2015=100",Gross domestic product at market prices,Euro area – 20 countries (from 2023),2020,101.542,,
ESTAT:NAMA_10_GDP(1.0),05/03/25 23:00:00,Annual,"Chain linked volumes, index 2015=100",Gross domestic product at market prices,Euro area – 20 countries (from 2023),2021,107.969,,
ESTAT:NAMA_10_GDP(1.0),05/03/25 23:00:00,Annual,"Chain linked volumes, index 2015=100",Gross domestic product at market prices,Euro area – 20 countries (from 2023),2022,111.759,,
ESTAT:NAMA_10_GDP(1.0),05/03/25 23:00:00,Annual,"Chain linked volumes, index 2015=100",Gross domestic product at market prices,Euro area – 20 countries (from 2023),2023,112.193,,
ESTAT:NAMA_10_GDP(1.0),05/03/25 23:00:00,Annual,"Chain linked volumes, index 2015=100",Gross domestic product at market prices,Estonia,2010,83.720,,
ESTAT:NAMA_10_GDP(1.0),05/03/25 23:00:00,Annual,"Chain linked volumes, index 2015=100",Gross domestic product at market prices,Estonia,2011,90.089,,
ESTAT:NAMA_10_GDP(1.0),05/03/25 23:00:00,Annual,"Chain linked volumes, index 2015=100",Gross domestic product at market prices,Estonia,2012,93.397,,
ESTAT:NAMA_10_GDP(1.0),05/03/25 23:00:00,Annual,"Chain linked volumes, index 2015=100",Gross domestic product at market prices,Estonia,2013,95.037,,
ESTAT:NAMA_10_GDP(1.0),05/03/25 23:00:00,Annual,"Chain linked volumes, index 2015=100",Gross domestic product at market prices,Estonia,2014,98.195,,
ESTAT:NAMA_10_GDP(1.0),05/03/25 23:00:00,Annual,"Chain linked volumes, index 2015=100",Gross domestic product at market prices,Estonia,2015,100.000,,
ESTAT:NAMA_10_GDP(1.0),05/03/25 23:00:00,Annual,"Chain linked volumes, index 2015=100",Gross domestic product at market prices,Estonia,2016,103.093,,
ESTAT:NAMA_10_GDP(1.0),05/03/25 23:00:00,Annual,"Chain linked volumes, index 2015=100",Gross domestic product at market prices,Estonia,2017,108.902,,
ESTAT:NAMA_10_GDP(1.0),05/03/25 23:00:00,Annual,"Chain linked volumes, index 2015=100",Gross domestic product at market prices,Estonia,2018,112.931,,
ESTAT:NAMA_10_GDP(1.0),05/03/25 23:00:00,Annual,"Chain linked volumes, index 2015=100",Gross domestic product at market prices,Estonia,2019,117.140,,
ESTAT:NAMA_10_GDP(1.0),05/03/25 23:00:00,Annual,"Chain linked volumes, index 2015=100",Gross domestic product at market prices,Estonia,2020,113.761,,
ESTAT:NAMA_10_GDP(1.0),05/03/25 23:00:00,Annual,"Chain linked volumes, index 2015=100",Gross domestic product at market prices,Estonia,2021,121.900,,
ESTAT:NAMA_10_GDP(1.0),05/03/25 23:00:00,Annual,"Chain linked volumes, index 2015=100",Gross domestic product at market prices,Estonia,2022,121.974,,
ESTAT:NAMA_10_GDP(1.0),05/03/25 23:00:00,Annual,"Chain linked volumes, index 2015=100",Gross domestic product at market prices,Estonia,2023,118.287,,
ESTAT:NAMA_10_GDP(1.0),05/03/25 23:00:00,Annual,"Chain linked volumes, index 2015=100",Gross domestic product at market prices,Estonia,2024,117.978,,
ESTAT:NAMA_10_GDP(1.0),05/03/25 23:00:00,Annual,"Chain linked volumes, index 2015=100",Gross domestic product at market prices,Greece,2010,123.165,,
ESTAT:NAMA_10_GDP(1.0),05/03/25 23:00:00,Annual,"Chain linked volumes, index 2015=100",Gross domestic product at market prices,Greece,2011,111.001,,
ESTAT:NAMA_10_GDP(1.0),05/03/25 23:00:00,Annual,"Chain linked volumes, index 2015=100",Gross domestic product at market prices,Greece,2012,101.753,,
ESTAT:NAMA_10_GDP(1.0),05/03/25 23:00:00,Annual,"Chain linked volumes, index 2015=100",Gross domestic product at market prices,Greece,2013,99.441,,
ESTAT:NAMA_10_GDP(1.0),05/03/25 23:00:00,Annual,"Chain linked volumes, index 2015=100",Gross domestic product at market prices,Greece,2014,100.229,,
ESTAT:NAMA_10_GDP(1.0),05/03/25 23:00:00,Annual,"Chain linked volumes, index 2015=100",Gross domestic product at market prices,Greece,2015,100.000,,
ESTAT:NAMA_10_GDP(1.0),05/03/25 23:00:00,Annual,"Chain linked volumes, index 2015=100",Gross domestic product at market prices,Greece,2016,99.968,,
ESTAT:NAMA_10_GDP(1.0),05/03/25 23:00:00,Annual,"Chain linked volumes, index 2015=100",Gross domestic product at market prices,Greece,2017,101.441,,
ESTAT:NAMA_10_GDP(1.0),05/03/25 23:00:00,Annual,"Chain linked volumes, index 2015=100",Gross domestic product at market prices,Greece,2018,103.535,,
ESTAT:NAMA_10_GDP(1.0),05/03/25 23:00:00,Annual,"Chain linked volumes, index 2015=100",Gross domestic product at market prices,Greece,2019,105.893,,
ESTAT:NAMA_10_GDP(1.0),05/03/25 23:00:00,Annual,"Chain linked volumes, index 2015=100",Gross domestic product at market prices,Greece,2020,96.155,,
ESTAT:NAMA_10_GDP(1.0),05/03/25 23:00:00,Annual,"Chain linked volumes, index 2015=100",Gross domestic product at market prices,Greece,2021,104.477,,
ESTAT:NAMA_10_GDP(1.0),05/03/25 23:00:00,Annual,"Chain linked volumes, index 2015=100",Gross domestic product at market prices,Greece,2022,110.477,p,
ESTAT:NAMA_10_GDP(1.0),05/03/25 23:00:00,Annual,"Chain linked volumes, index 2015=100",Gross domestic product at market prices,Greece,2023,113.054,p,
ESTAT:NAMA_10_GDP(1.0),05/03/25 23:00:00,Annual,"Chain linked volumes, index 2015=100",Gross domestic product at market prices,Spain,2010,99.498,,
ESTAT:NAMA_10_GDP(1.0),05/03/25 23:00:00,Annual,"Chain linked volumes, index 2015=100",Gross domestic product at market prices,Spain,2011,98.861,,
ESTAT:NAMA_10_GDP(1.0),05/03/25 23:00:00,Annual,"Chain linked volumes, index 2015=100",Gross domestic product at market prices,Spain,2012,96.029,,
ESTAT:NAMA_10_GDP(1.0),05/03/25 23:00:00,Annual,"Chain linked volumes, index 2015=100",Gross domestic product at market prices,Spain,2013,94.658,,
ESTAT:NAMA_10_GDP(1.0),05/03/25 23:00:00,Annual,"Chain linked volumes, index 2015=100",Gross domestic product at market prices,Spain,2014,96.098,,
ESTAT:NAMA_10_GDP(1.0),05/03/25 23:00:00,Annual,"Chain linked volumes, index 2015=100",Gross domestic product at market prices,Spain,2015,100.000,,
ESTAT:NAMA_10_GDP(1.0),05/03/25 23:00:00,Annual,"Chain linked volumes, index 2015=100",Gross domestic product at market prices,Spain,2016,102.915,,
ESTAT:NAMA_10_GDP(1.0),05/03/25 23:00:00,Annual,"Chain linked volumes, index 2015=100",Gross domestic product at market prices,Spain,2017,105.896,,
ESTAT:NAMA_10_GDP(1.0),05/03/25 23:00:00,Annual,"Chain linked volumes, index 2015=100",Gross domestic product at market prices,Spain,2018,108.432,,
ESTAT:NAMA_10_GDP(1.0),05/03/25 23:00:00,Annual,"Chain linked volumes, index 2015=100",Gross domestic product at market prices,Spain,2019,110.559,,
ESTAT:NAMA_10_GDP(1.0),05/03/25 23:00:00,Annual,"Chain linked volumes, index 2015=100",Gross domestic product at market prices,Spain,2020,98.464,,
ESTAT:NAMA_10_GDP(1.0),05/03/25 23:00:00,Annual,"Chain linked volumes, index 2015=100",Gross domestic product at market prices,Spain,2021,105.044,,
ESTAT:NAMA_10_GDP(1.0),05/03/25 23:00:00,Annual,"Chain linked volumes, index 2015=100",Gross domestic product at market prices,Spain,2022,111.535,p,
ESTAT:NAMA_10_GDP(1.0),05/03/25 23:00:00,Annual,"Chain linked volumes, index 2015=100",Gross domestic product at market prices,Spain,2023,114.519,p,
ESTAT:NAMA_10_GDP(1.0),05/03/25 23:00:00,Annual,"Chain linked volumes, index 2015=100",Gross domestic product at market prices,Spain,2024,118.237,p,
ESTAT:NAMA_10_GDP(1.0),05/03/25 23:00:00,Annual,"Chain linked volumes, index 2015=100",Gross domestic product at market prices,European Union - 27 countries (from 2020),2010,95.139,,
ESTAT:NAMA_10_GDP(1.0),05/03/25 23:00:00,Annual,"Chain linked volumes, index 2015=100",Gross domestic product at market prices,European Union - 27 countries (from 2020),2011,96.961,,
ESTAT:NAMA_10_GDP(1.0),05/03/25 23:00:00,Annual,"Chain linked volumes, index 2015=100",Gross domestic product at market prices,European Union - 27 countries (from 2020),2012,96.196,,
ESTAT:NAMA_10_GDP(1.0),05/03/25 23:00:00,Annual,"Chain linked volumes, index 2015=100",Gross domestic product at market prices,European Union - 27 countries (from 2020),2013,96.154,,
ESTAT:NAMA_10_GDP(1.0),05/03/25 23:00:00,Annual,"Chain linked volumes, index 2015=100",Gross domestic product at market prices,European Union - 27 countries (from 2020),2014,97.710,,
ESTAT:NAMA_10_GDP(1.0),05/03/25 23:00:00,Annual,"Chain linked volumes, index 2015=100",Gross domestic product at market prices,European Union - 27 countries (from 2020),2015,100.000,,
ESTAT:NAMA_10_GDP(1.0),05/03/25 23:00:00,Annual,"Chain linked volumes, index 2015=100",Gross domestic product at market prices,European Union - 27 countries (from 2020),2016,101.946,,
ESTAT:NAMA_10_GDP(1.0),05/03/25 23:00:00,Annual,"Chain linked volumes, index 2015=100",Gross domestic product at market prices,European Union - 27 countries (from 2020),2017,104.790,,
ESTAT:NAMA_10_GDP(1.0),05/03/25 23:00:00,Annual,"Chain linked volumes, index 2015=100",Gross domestic product at market prices,European Union - 27 countries (from 2020),2018,106.940,,
ESTAT:NAMA_10_GDP(1.0),05/03/25 23:00:00,Annual,"Chain linked volumes, index 2015=100",Gross domestic product at market prices,European Union - 27 countries (from 2020),2019,108.949,,
ESTAT:NAMA_10_GDP(1.0),05/03/25 23:00:00,Annual,"Chain linked volumes, index 2015=100",Gross domestic product at market prices,European Union - 27 countries (from 2020),2020,102.893,,
ESTAT:NAMA_10_GDP(1.0),05/03/25 23:00:00,Annual,"Chain linked volumes, index 2015=100",Gross domestic product at market prices,European Union - 27 countries (from 2020),2021,109.404,,
ESTAT:NAMA_10_GDP(1.0),05/03/25 23:00:00,Annual,"Chain linked volumes, index 2015=100",Gross domestic product at market prices,European Union - 27 countries (from 2020),2022,113.195,,
ESTAT:NAMA_10_GDP(1.0),05/03/25 23:00:00,Annual,"Chain linked volumes, index 2015=100",Gross domestic product at market prices,European Union - 27 countries (from 2020),2023,113.680,,
ESTAT:NAMA_10_GDP(1.0),05/03/25 23:00:00,Annual,"Chain linked volumes, index 2015=100",Gross domestic product at market prices,Finland,2010,100.171,,
ESTAT:NAMA_10_GDP(1.0),05/03/25 23:00:00,Annual,"Chain linked volumes, index 2015=100",Gross domestic product at market prices,Finland,2011,102.565,,
ESTAT:NAMA_10_GDP(1.0),05/03/25 23:00:00,Annual,"Chain linked volumes, index 2015=100",Gross domestic product at market prices,Finland,2012,101.003,,
ESTAT:NAMA_10_GDP(1.0),05/03/25 23:00:00,Annual,"Chain linked volumes, index 2015=100",Gross domestic product at market prices,Finland,2013,100.014,,
ESTAT:NAMA_10_GDP(1.0),05/03/25 23:00:00,Annual,"Chain linked volumes, index 2015=100",Gross domestic product at market prices,Finland,2014,99.536,,
ESTAT:NAMA_10_GDP(1.0),05/03/25 23:00:00,Annual,"Chain linked volumes, index 2015=100",Gross domestic product at market prices,Finland,2015,100.000,,
ESTAT:NAMA_10_GDP(1.0),05/03/25 23:00:00,Annual,"Chain linked volumes, index 2015=100",Gross domestic product at market prices,Finland,2016,102.572,,
ESTAT:NAMA_10_GDP(1.0),05/03/25 23:00:00,Annual,"Chain linked volumes, index 2015=100",Gross domestic product at market prices,Finland,2017,105.960,,
ESTAT:NAMA_10_GDP(1.0),05/03/25 23:00:00,Annual,"Chain linked volumes, index 2015=100",Gross domestic product at market prices,Finland,2018,107.224,,
ESTAT:NAMA_10_GDP(1.0),05/03/25 23:00:00,Annual,"Chain linked volumes, index 2015=100",Gross domestic product at market prices,Finland,2019,108.672,,
ESTAT:NAMA_10_GDP(1.0),05/03/25 23:00:00,Annual,"Chain linked volumes, index 2015=100",Gross domestic product at market prices,Finland,2020,105.965,,
ESTAT:NAMA_10_GDP(1.0),05/03/25 23:00:00,Annual,"Chain linked volumes, index 2015=100",Gross domestic product at market prices,Finland,2021,108.801,,
ESTAT:NAMA_10_GDP(1.0),05/03/25 23:00:00,Annual,"Chain linked volumes, index 2015=100",Gross domestic product at market prices,Finland,2022,109.631,,
ESTAT:NAMA_10_GDP(1.0),05/03/25 23:00:00,Annual,"Chain linked volumes, index 2015=100",Gross domestic product at market prices,Finland,2023,108.593,,
ESTAT:NAMA_10_GDP(1.0),05/03/25 23:00:00,Annual,"Chain linked volumes, index 2015=100",Gross domestic product at market prices,Finland,2024,108.425,,
ESTAT:NAMA_10_GDP(1.0),05/03/25 23:00:00,Annual,"Chain linked volumes, index 2015=100",Gross domestic product at market prices,France,2010,94.720,,
ESTAT:NAMA_10_GDP(1.0),05/03/25 23:00:00,Annual,"Chain linked volumes, index 2015=100",Gross domestic product at market prices,France,2011,97.029,,
ESTAT:NAMA_10_GDP(1.0),05/03/25 23:00:00,Annual,"Chain linked volumes, index 2015=100",Gross domestic product at market prices,France,2012,97.207,,
ESTAT:NAMA_10_GDP(1.0),05/03/25 23:00:00,Annual,"Chain linked volumes, index 2015=100",Gross domestic product at market prices,France,2013,97.967,,
ESTAT:NAMA_10_GDP(1.0),05/03/25 23:00:00,Annual,"Chain linked volumes, index 2015=100",Gross domestic product at market prices,France,2014,98.945,,
ESTAT:NAMA_10_GDP(1.0),05/03/25 23:00:00,Annual,"Chain linked volumes, index 2015=100",Gross domestic product at market prices,France,2015,100.000,,
ESTAT:NAMA_10_GDP(1.0),05/03/25 23:00:00,Annual,"Chain linked volumes, index 2015=100",Gross domestic product at market prices,France,2016,100.860,,
ESTAT:NAMA_10_GDP(1.0),05/03/25 23:00:00,Annual,"Chain linked volumes, index 2015=100",Gross domestic product at market prices,France,2017,102.962,,
ESTAT:NAMA_10_GDP(1.0),05/03/25 23:00:00,Annual,"Chain linked volumes, index 2015=100",Gross domestic product at market prices,France,2018,104.656,,
ESTAT:NAMA_10_GDP(1.0),05/03/25 23:00:00,Annual,"Chain linked volumes, index 2015=100",Gross domestic product at market prices,France,2019,106.778,,
ESTAT:NAMA_10_GDP(1.0),05/03/25 23:00:00,Annual,"Chain linked volumes, index 2015=100",Gross domestic product at market prices,France,2020,98.833,,
ESTAT:NAMA_10_GDP(1.0),05/03/25 23:00:00,Annual,"Chain linked volumes, index 2015=100",Gross domestic product at market prices,France,2021,105.635,,
ESTAT:NAMA_10_GDP(1.0),05/03/25 23:00:00,Annual,"Chain linked volumes, index 2015=100",Gross domestic product at market prices,France,2022,108.351,p,
ESTAT:NAMA_10_GDP(1.0),05/03/25 23:00:00,Annual,"Chain linked volumes, index 2015=100",Gross domestic product at market prices,France,2023,109.366,p,
ESTAT:NAMA_10_GDP(1.0),05/03/25 23:00:00,Annual,"Chain linked volumes, index 2015=100",Gross domestic product at market prices,France,2024,110.641,,
ESTAT:NAMA_10_GDP(1.0),05/03/25 23:00:00,Annual,"Chain linked volumes, index 2015=100",Gross domestic product at market prices,Croatia,2010,100.768,,
ESTAT:NAMA_10_GDP(1.0),05/03/25 23:00:00,Annual,"Chain linked volumes, index 2015=100",Gross domestic product at market prices,Croatia,2011,100.669,,
ESTAT:NAMA_10_GDP(1.0),05/03/25 23:00:00,Annual,"Chain linked volumes, index 2015=100",Gross domestic product at market prices,Croatia,2012,98.401,,
ESTAT:NAMA_10_GDP(1.0),05/03/25 23:00:00,Annual,"Chain linked volumes, index 2015=100",Gross domestic product at market prices,Croatia,2013,98.277,,
ESTAT:NAMA_10_GDP(1.0),05/03/25 23:00:00,Annual,"Chain linked volumes, index 2015=100",Gross domestic product at market prices,Croatia,2014,97.730,,
ESTAT:NAMA_10_GDP(1.0),05/03/25 23:00:00,Annual,"Chain linked volumes, index 2015=100",Gross domestic product at market prices,Croatia,2015,100.000,,
ESTAT:NAMA_10_GDP(1.0),05/03/25 23:00:00,Annual,"Chain linked volumes, index 2015=100",Gross domestic product at market prices,Croatia,2016,103.461,,
ESTAT:NAMA_10_GDP(1.0),05/03/25 23:00:00,Annual,"Chain linked volumes, index 2015=100",Gross domestic product at market prices,Croatia,2017,106.856,,
ESTAT:NAMA_10_GDP(1.0),05/03/25 23:00:00,Annual,"Chain linked volumes, index 2015=100",Gross domestic product at market prices,Croatia,2018,109.959,,
ESTAT:NAMA_10_GDP(1.0),05/03/25 23:00:00,Annual,"Chain linked volumes, index 2015=100",Gross domestic product at market prices,Croatia,2019,113.369,,
ESTAT:NAMA_10_GDP(1.0),05/03/25 23:00:00,Annual,"Chain linked volumes, index 2015=100",Gross domestic product at market prices,Croatia,2020,103.946,,
ESTAT:NAMA_10_GDP(1.0),05/03/25 23:00:00,Annual,"Chain linked volumes, index 2015=100",Gross domestic product at market prices,Croatia,2021,117.076,,
ESTAT:NAMA_10_GDP(1.0),05/03/25 23:00:00,Annual,"Chain linked volumes, index 2015=100",Gross domestic product at market prices,Croatia,2022,125.608,,
ESTAT:NAMA_10_GDP(1.0),05/03/25 23:00:00,Annual,"Chain linked volumes, index 2015=100",Gross domestic product at market prices,Croatia,2023,129.757,p,
ESTAT:NAMA_10_GDP(1.0),05/03/25 23:00:00,Annual,"Chain linked volumes, index 2015=100",Gross domestic product at market prices,Croatia,2024,134.707,p,
ESTAT:NAMA_10_GDP(1.0),05/03/25 23:00:00,Annual,"Chain linked volumes, index 2015=100",Gross domestic product at market prices,Hungary,2010,90.123,,
ESTAT:NAMA_10_GDP(1.0),05/03/25 23:00:00,Annual,"Chain linked volumes, index 2015=100",Gross domestic product at market prices,Hungary,2011,91.851,,
ESTAT:NAMA_10_GDP(1.0),05/03/25 23:00:00,Annual,"Chain linked volumes, index 2015=100",Gross domestic product at market prices,Hungary,2012,90.620,,
ESTAT:NAMA_10_GDP(1.0),05/03/25 23:00:00,Annual,"Chain linked volumes, index 2015=100",Gross domestic product at market prices,Hungary,2013,92.462,,
ESTAT:NAMA_10_GDP(1.0),05/03/25 23:00:00,Annual,"Chain linked volumes, index 2015=100",Gross domestic product at market prices,Hungary,2014,96.469,,
ESTAT:NAMA_10_GDP(1.0),05/03/25 23:00:00,Annual,"Chain linked volumes, index 2015=100",Gross domestic product at market prices,Hungary,2015,100.000,,
ESTAT:NAMA_10_GDP(1.0),05/03/25 23:00:00,Annual,"Chain linked volumes, index 2015=100",Gross domestic product at market prices,Hungary,2016,102.439,,
ESTAT:NAMA_10_GDP(1.0),05/03/25 23:00:00,Annual,"Chain linked volumes, index 2015=100",Gross domestic product at market prices,Hungary,2017,106.663,,
ESTAT:NAMA_10_GDP(1.0),05/03/25 23:00:00,Annual,"Chain linked volumes, index 2015=100",Gross domestic product at market prices,Hungary,2018,112.643,,
ESTAT:NAMA_10_GDP(1.0),05/03/25 23:00:00,Annual,"Chain linked volumes, index 2015=100",Gross domestic product at market prices,Hungary,2019,118.362,,
ESTAT:NAMA_10_GDP(1.0),05/03/25 23:00:00,Annual,"Chain linked volumes, index 2015=100",Gross domestic product at market prices,Hungary,2020,113.227,,
ESTAT:NAMA_10_GDP(1.0),05/03/25 23:00:00,Annual,"Chain linked volumes, index 2015=100",Gross domestic product at market prices,Hungary,2021,121.290,,
ESTAT:NAMA_10_GDP(1.0),05/03/25 23:00:00,Annual,"Chain linked volumes, index 2015=100",Gross domestic product at market prices,Hungary,2022,126.458,,
ESTAT:NAMA_10_GDP(1.0),05/03/25 23:00:00,Annual,"Chain linked volumes, index 2015=100",Gross domestic product at market prices,Hungary,2023,125.261,p,
ESTAT:NAMA_10_GDP(1.0),05/03/25 23:00:00,Annual,"Chain linked volumes, index 2015=100",Gross domestic product at market prices,Hungary,2024,125.929,p,
ESTAT:NAMA_10_GDP(1.0),05/03/25 23:00:00,Annual,"Chain linked volumes, index 2015=100",Gross domestic product at market prices,Ireland,2010,70.938,,
ESTAT:NAMA_10_GDP(1.0),05/03/25 23:00:00,Annual,"Chain linked volumes, index 2015=100",Gross domestic product at market prices,Ireland,2011,72.108,,
ESTAT:NAMA_10_GDP(1.0),05/03/25 23:00:00,Annual,"Chain linked volumes, index 2015=100",Gross domestic product at market prices,Ireland,2012,71.820,,
ESTAT:NAMA_10_GDP(1.0),05/03/25 23:00:00,Annual,"Chain linked volumes, index 2015=100",Gross domestic product at market prices,Ireland,2013,73.395,,
ESTAT:NAMA_10_GDP(1.0),05/03/25 23:00:00,Annual,"Chain linked volumes, index 2015=100",Gross domestic product at market prices,Ireland,2014,80.247,,
ESTAT:NAMA_10_GDP(1.0),05/03/25 23:00:00,Annual,"Chain linked volumes, index 2015=100",Gross domestic product at market prices,Ireland,2015,100.000,,
ESTAT:NAMA_10_GDP(1.0),05/03/25 23:00:00,Annual,"Chain linked volumes, index 2015=100",Gross domestic product at market prices,Ireland,2016,101.223,,
ESTAT:NAMA_10_GDP(1.0),05/03/25 23:00:00,Annual,"Chain linked volumes, index 2015=100",Gross domestic product at market prices,Ireland,2017,111.395,,
ESTAT:NAMA_10_GDP(1.0),05/03/25 23:00:00,Annual,"Chain linked volumes, index 2015=100",Gross domestic product at market prices,Ireland,2018,119.799,,
ESTAT:NAMA_10_GDP(1.0),05/03/25 23:00:00,Annual,"Chain linked volumes, index 2015=100",Gross domestic product at market prices,Ireland,2019,125.838,,
ESTAT:NAMA_10_GDP(1.0),05/03/25 23:00:00,Annual,"Chain linked volumes, index 2015=100",Gross domestic product at market prices,Ireland,2020,134.845,,
ESTAT:NAMA_10_GDP(1.0),05/03/25 23:00:00,Annual,"Chain linked volumes, index 2015=100",Gross domestic product at market prices,Ireland,2021,156.765,,
ESTAT:NAMA_10_GDP(1.0),05/03/25 23:00:00,Annual,"Chain linked volumes, index 2015=100",Gross domestic product at market prices,Ireland,2022,170.277,,
ESTAT:NAMA_10_GDP(1.0),05/03/25 23:00:00,Annual,"Chain linked volumes, index 2015=100",Gross domestic product at market prices,Ireland,2023,160.861,,
ESTAT:NAMA_10_GDP(1.0),05/03/25 23:00:00,Annual,"Chain linked volumes, index 2015=100",Gross domestic product at market prices,Iceland,2010,87.500,,
ESTAT:NAMA_10_GDP(1.0),05/03/25 23:00:00,Annual,"Chain linked volumes, index 2015=100",Gross domestic product at market prices,Iceland,2011,89.115,,
ESTAT:NAMA_10_GDP(1.0),05/03/25 23:00:00,Annual,"Chain linked volumes, index 2015=100",Gross domestic product at market prices,Iceland,2012,90.063,,
ESTAT:NAMA_10_GDP(1.0),05/03/25 23:00:00,Annual,"Chain linked volumes, index 2015=100",Gross domestic product at market prices,Iceland,2013,94.163,,
ESTAT:NAMA_10_GDP(1.0),05/03/25 23:00:00,Annual,"Chain linked volumes, index 2015=100",Gross domestic product at market prices,Iceland,2014,95.752,,
ESTAT:NAMA_10_GDP(1.0),05/03/25 23:00:00,Annual,"Chain linked volumes, index 2015=100",Gross domestic product at market prices,Iceland,2015,100.000,,
ESTAT:NAMA_10_GDP(1.0),05/03/25 23:00:00,Annual,"Chain linked volumes, index 2015=100",Gross domestic product at market prices,Iceland,2016,106.304,,
ESTAT:NAMA_10_GDP(1.0),05/03/25 23:00:00,Annual,"Chain linked volumes, index 2015=100",Gross domestic product at market prices,Iceland,2017,110.763,,
ESTAT:NAMA_10_GDP(1.0),05/03/25 23:00:00,Annual,"Chain linked volumes, index 2015=100",Gross domestic product at market prices,Iceland,2018,116.178,,
ESTAT:NAMA_10_GDP(1.0),05/03/25 23:00:00,Annual,"Chain linked volumes, index 2015=100",Gross domestic product at market prices,Iceland,2019,118.341,,
ESTAT:NAMA_10_GDP(1.0),05/03/25 23:00:00,Annual,"Chain linked volumes, index 2015=100",Gross domestic product at market prices,Iceland,2020,110.127,,
ESTAT:NAMA_10_GDP(1.0),05/03/25 23:00:00,Annual,"Chain linked volumes, index 2015=100",Gross domestic product at market prices,Iceland,2021,115.671,,
ESTAT:NAMA_10_GDP(1.0),05/03/25 23:00:00,Annual,"Chain linked volumes, index 2015=100",Gross domestic product at market prices,Iceland,2022,126.057,,
ESTAT:NAMA_10_GDP(1.0),05/03/25 23:00:00,Annual,"Chain linked volumes, index 2015=100",Gross domestic product at market prices,Iceland,2023,133.174,,
ESTAT:NAMA_10_GDP(1.0),05/03/25 23:00:00,Annual,"Chain linked volumes, index 2015=100",Gross domestic product at market prices,Iceland,2024,133.863,,
ESTAT:NAMA_10_GDP(1.0),05/03/25 23:00:00,Annual,"Chain linked volumes, index 2015=100",Gross domestic product at market prices,Italy,2010,103.496,,
ESTAT:NAMA_10_GDP(1.0),05/03/25 23:00:00,Annual,"Chain linked volumes, index 2015=100",Gross domestic product at market prices,Italy,2011,104.216,,
ESTAT:NAMA_10_GDP(1.0),05/03/25 23:00:00,Annual,"Chain linked volumes, index 2015=100",Gross domestic product at market prices,Italy,2012,100.959,,
ESTAT:NAMA_10_GDP(1.0),05/03/25 23:00:00,Annual,"Chain linked volumes, index 2015=100",Gross domestic product at market prices,Italy,2013,99.123,,
ESTAT:NAMA_10_GDP(1.0),05/03/25 23:00:00,Annual,"Chain linked volumes, index 2015=100",Gross domestic product at market prices,Italy,2014,99.122,,
ESTAT:NAMA_10_GDP(1.0),05/03/25 23:00:00,Annual,"Chain linked volumes, index 2015=100",Gross domestic product at market prices,Italy,2015,100.000,,
ESTAT:NAMA_10_GDP(1.0),05/03/25 23:00:00,Annual,"Chain linked volumes, index 2015=100",Gross domestic product at market prices,Italy,2016,101.236,,
ESTAT:NAMA_10_GDP(1.0),05/03/25 23:00:00,Annual,"Chain linked volumes, index 2015=100",Gross domestic product at market prices,Italy,2017,102.860,,
ESTAT:NAMA_10_GDP(1.0),05/03/25 23:00:00,Annual,"Chain linked volumes, index 2015=100",Gross domestic product at market prices,Italy,2018,103.710,,
ESTAT:NAMA_10_GDP(1.0),05/03/25 23:00:00,Annual,"Chain linked volumes, index 2015=100",Gross domestic product at market prices,Italy,2019,104.155,,
ESTAT:NAMA_10_GDP(1.0),05/03/25 23:00:00,Annual,"Chain linked volumes, index 2015=100",Gross domestic product at market prices,Italy,2020,94.918,,
ESTAT:NAMA_10_GDP(1.0),05/03/25 23:00:00,Annual,"Chain linked volumes, index 2015=100",Gross domestic product at market prices,Italy,2021,103.396,,
ESTAT:NAMA_10_GDP(1.0),05/03/25 23:00:00,Annual,"Chain linked volumes, index 2015=100",Gross domestic product at market prices,Italy,2022,108.381,,
ESTAT:NAMA_10_GDP(1.0),05/03/25 23:00:00,Annual,"Chain linked volumes, index 2015=100",Gross domestic product at market prices,Italy,2023,109.156,,
ESTAT:NAMA_10_GDP(1.0),05/03/25 23:00:00,Annual,"Chain linked volumes, index 2015=100",Gross domestic product at market prices,Italy,2024,109.948,,
ESTAT:NAMA_10_GDP(1.0),05/03/25 23:00:00,Annual,"Chain linked volumes, index 2015=100",Gross domestic product at market prices,Lithuania,2010,81.152,,
ESTAT:NAMA_10_GDP(1.0),05/03/25 23:00:00,Annual,"Chain linked volumes, index 2015=100",Gross domestic product at market prices,Lithuania,2011,86.283,,
ESTAT:NAMA_10_GDP(1.0),05/03/25 23:00:00,Annual,"Chain linked volumes, index 2015=100",Gross domestic product at market prices,Lithuania,2012,90.065,,
ESTAT:NAMA_10_GDP(1.0),05/03/25 23:00:00,Annual,"Chain linked volumes, index 2015=100",Gross domestic product at market prices,Lithuania,2013,93.710,,
ESTAT:NAMA_10_GDP(1.0),05/03/25 23:00:00,Annual,"Chain linked volumes, index 2015=100",Gross domestic product at market prices,Lithuania,2014,97.245,,
ESTAT:NAMA_10_GDP(1.0),05/03/25 23:00:00,Annual,"Chain linked volumes, index 2015=100",Gross domestic product at market prices,Lithuania,2015,100.000,,
ESTAT:NAMA_10_GDP(1.0),05/03/25 23:00:00,Annual,"Chain linked volumes, index 2015=100",Gross domestic product at market prices,Lithuania,2016,102.672,,
ESTAT:NAMA_10_GDP(1.0),05/03/25 23:00:00,Annual,"Chain linked volumes, index 2015=100",Gross domestic product at market prices,Lithuania,2017,107.407,,
ESTAT:NAMA_10_GDP(1.0),05/03/25 23:00:00,Annual,"Chain linked volumes, index 2015=100",Gross domestic product at market prices,Lithuania,2018,112.690,,
ESTAT:NAMA_10_GDP(1.0),05/03/25 23:00:00,Annual,"Chain linked volumes, index 2015=100",Gross domestic product at market prices,Lithuania,2019,117.961,,
ESTAT:NAMA_10_GDP(1.0),05/03/25 23:00:00,Annual,"Chain linked volumes, index 2015=100",Gross domestic product at market prices,Lithuania,2020,118.012,,
ESTAT:NAMA_10_GDP(1.0),05/03/25 23:00:00,Annual,"Chain linked volumes, index 2015=100",Gross domestic product at market prices,Lithuania,2021,125.541,,
ESTAT:NAMA_10_GDP(1.0),05/03/25 23:00:00,Annual,"Chain linked volumes, index 2015=100",Gross domestic product at market prices,Lithuania,2022,128.726,,
ESTAT:NAMA_10_GDP(1.0),05/03/25 23:00:00,Annual,"Chain linked volumes, index 2015=100",Gross domestic product at market prices,Lithuania,2023,129.167,,
ESTAT:NAMA_10_GDP(1.0),05/03/25 23:00:00,Annual,"Chain linked volumes, index 2015=100",Gross domestic product at market prices,Lithuania,2024,132.690,,
ESTAT:NAMA_10_GDP(1.0),05/03/25 23:00:00,Annual,"Chain linked volumes, index 2015=100",Gross domestic product at market prices,Luxembourg,2010,89.914,,
ESTAT:NAMA_10_GDP(1.0),05/03/25 23:00:00,Annual,"Chain linked volumes, index 2015=100",Gross domestic product at market prices,Luxembourg,2011,90.853,,
ESTAT:NAMA_10_GDP(1.0),05/03/25 23:00:00,Annual,"Chain linked volumes, index 2015=100",Gross domestic product at market prices,Luxembourg,2012,92.352,,
ESTAT:NAMA_10_GDP(1.0),05/03/25 23:00:00,Annual,"Chain linked volumes, index 2015=100",Gross domestic product at market prices,Luxembourg,2013,95.281,,
ESTAT:NAMA_10_GDP(1.0),05/03/25 23:00:00,Annual,"Chain linked volumes, index 2015=100",Gross domestic product at market prices,Luxembourg,2014,97.781,,
ESTAT:NAMA_10_GDP(1.0),05/03/25 23:00:00,Annual,"Chain linked volumes, index 2015=100",Gross domestic product at market prices,Luxembourg,2015,100.000,,
ESTAT:NAMA_10_GDP(1.0),05/03/25 23:00:00,Annual,"Chain linked volumes, index 2015=100",Gross domestic product at market prices,Luxembourg,2016,104.978,,
ESTAT:NAMA_10_GDP(1.0),05/03/25 23:00:00,Annual,"Chain linked volumes, index 2015=100",Gross domestic product at market prices,Luxembourg,2017,106.361,,
ESTAT:NAMA_10_GDP(1.0),05/03/25 23:00:00,Annual,"Chain linked volumes, index 2015=100",Gross domestic product at market prices,Luxembourg,2018,107.658,,
ESTAT:NAMA_10_GDP(1.0),05/03/25 23:00:00,Annual,"Chain linked volumes, index 2015=100",Gross domestic product at market prices,Luxembourg,2019,110.797,,
ESTAT:NAMA_10_GDP(1.0),05/03/25 23:00:00,Annual,"Chain linked volumes, index 2015=100",Gross domestic product at market prices,Luxembourg,2020,109.789,,
ESTAT:NAMA_10_GDP(1.0),05/03/25 23:00:00,Annual,"Chain linked volumes, index 2015=100",Gross domestic product at market prices,Luxembourg,2021,117.659,,
ESTAT:NAMA_10_GDP(1.0),05/03/25 23:00:00,Annual,"Chain linked volumes, index 2015=100",Gross domestic product at market prices,Luxembourg,2022,119.283,,
ESTAT:NAMA_10_GDP(1.0),05/03/25 23:00:00,Annual,"Chain linked volumes, index 2015=100",Gross domestic product at market prices,Luxembourg,2023,117.976,,
ESTAT:NAMA_10_GDP(1.0),05/03/25 23:00:00,Annual,"Chain linked volumes, index 2015=100",Gross domestic product at market prices,Latvia,2010,83.608,,
ESTAT:NAMA_10_GDP(1.0),05/03/25 23:00:00,Annual,"Chain linked volumes, index 2015=100",Gross domestic product at market prices,Latvia,2011,86.147,,
ESTAT:NAMA_10_GDP(1.0),05/03/25 23:00:00,Annual,"Chain linked volumes, index 2015=100",Gross domestic product at market prices,Latvia,2012,92.440,,
ESTAT:NAMA_10_GDP(1.0),05/03/25 23:00:00,Annual,"Chain linked volumes, index 2015=100",Gross domestic product at market prices,Latvia,2013,94.377,,
ESTAT:NAMA_10_GDP(1.0),05/03/25 23:00:00,Annual,"Chain linked volumes, index 2015=100",Gross domestic product at market prices,Latvia,2014,96.355,,
ESTAT:NAMA_10_GDP(1.0),05/03/25 23:00:00,Annual,"Chain linked volumes, index 2015=100",Gross domestic product at market prices,Latvia,2015,100.000,,
ESTAT:NAMA_10_GDP(1.0),05/03/25 23:00:00,Annual,"Chain linked volumes, index 2015=100",Gross domestic product at market prices,Latvia,2016,102.552,,
ESTAT:NAMA_10_GDP(1.0),05/03/25 23:00:00,Annual,"Chain linked volumes, index 2015=100",Gross domestic product at market prices,Latvia,2017,106.037,,
ESTAT:NAMA_10_GDP(1.0),05/03/25 23:00:00,Annual,"Chain linked volumes, index 2015=100",Gross domestic product at market prices,Latvia,2018,110.607,,
ESTAT:NAMA_10_GDP(1.0),05/03/25 23:00:00,Annual,"Chain linked volumes, index 2015=100",Gross domestic product at market prices,Latvia,2019,111.354,,
ESTAT:NAMA_10_GDP(1.0),05/03/25 23:00:00,Annual,"Chain linked volumes, index 2015=100",Gross domestic product at market prices,Latvia,2020,107.491,,
ESTAT:NAMA_10_GDP(1.0),05/03/25 23:00:00,Annual,"Chain linked volumes, index 2015=100",Gross domestic product at market prices,Latvia,2021,114.954,,
ESTAT:NAMA_10_GDP(1.0),05/03/25 23:00:00,Annual,"Chain linked volumes, index 2015=100",Gross domestic product at market prices,Latvia,2022,117.031,,
ESTAT:NAMA_10_GDP(1.0),05/03/25 23:00:00,Annual,"Chain linked volumes, index 2015=100",Gross domestic product at market prices,Latvia,2023,120.371,,
ESTAT:NAMA_10_GDP(1.0),05/03/25 23:00:00,Annual,"Chain linked volumes, index 2015=100",Gross domestic product at market prices,Latvia,2024,119.838,,
ESTAT:NAMA_10_GDP(1.0),05/03/25 23:00:00,Annual,"Chain linked volumes, index 2015=100",Gross domestic product at market prices,Montenegro,2010,91.388,,
ESTAT:NAMA_10_GDP(1.0),05/03/25 23:00:00,Annual,"Chain linked volumes, index 2015=100",Gross domestic product at market prices,Montenegro,2011,94.339,,
ESTAT:NAMA_10_GDP(1.0),05/03/25 23:00:00,Annual,"Chain linked volumes, index 2015=100",Gross domestic product at market prices,Montenegro,2012,91.769,,
ESTAT:NAMA_10_GDP(1.0),05/03/25 23:00:00,Annual,"Chain linked volumes, index 2015=100",Gross domestic product at market prices,Montenegro,2013,95.026,,
ESTAT:NAMA_10_GDP(1.0),05/03/25 23:00:00,Annual,"Chain linked volumes, index 2015=100",Gross domestic product at market prices,Montenegro,2014,96.721,,
ESTAT:NAMA_10_GDP(1.0),05/03/25 23:00:00,Annual,"Chain linked volumes, index 2015=100",Gross domestic product at market prices,Montenegro,2015,100.000,,
ESTAT:NAMA_10_GDP(1.0),05/03/25 23:00:00,Annual,"Chain linked volumes, index 2015=100",Gross domestic product at market prices,Montenegro,2016,102.949,,
ESTAT:NAMA_10_GDP(1.0),05/03/25 23:00:00,Annual,"Chain linked volumes, index 2015=100",Gross domestic product at market prices,Montenegro,2017,107.805,,
ESTAT:NAMA_10_GDP(1.0),05/03/25 23:00:00,Annual,"Chain linked volumes, index 2015=100",Gross domestic product at market prices,Montenegro,2018,113.279,,
ESTAT:NAMA_10_GDP(1.0),05/03/25 23:00:00,Annual,"Chain linked volumes, index 2015=100",Gross domestic product at market prices,Montenegro,2019,117.882,,
ESTAT:NAMA_10_GDP(1.0),05/03/25 23:00:00,Annual,"Chain linked volumes, index 2015=100",Gross domestic product at market prices,Montenegro,2020,99.838,,
ESTAT:NAMA_10_GDP(1.0),05/03/25 23:00:00,Annual,"Chain linked volumes, index 2015=100",Gross domestic product at market prices,Montenegro,2021,112.860,,
ESTAT:NAMA_10_GDP(1.0),05/03/25 23:00:00,Annual,"Chain linked volumes, index 2015=100",Gross domestic product at market prices,Montenegro,2022,120.090,,
ESTAT:NAMA_10_GDP(1.0),05/03/25 23:00:00,Annual,"Chain linked volumes, index 2015=100",Gross domestic product at market prices,Montenegro,2023,127.701,,
ESTAT:NAMA_10_GDP(1.0),05/03/25 23:00:00,Annual,"Chain linked volumes, index 2015=100",Gross domestic product at market prices,North Macedonia,2010,88.615,,
ESTAT:NAMA_10_GDP(1.0),05/03/25 23:00:00,Annual,"Chain linked volumes, index 2015=100",Gross domestic product at market prices,North Macedonia,2011,90.688,,
ESTAT:NAMA_10_GDP(1.0),05/03/25 23:00:00,Annual,"Chain linked volumes, index 2015=100",Gross domestic product at market prices,North Macedonia,2012,90.275,,
ESTAT:NAMA_10_GDP(1.0),05/03/25 23:00:00,Annual,"Chain linked volumes, index 2015=100",Gross domestic product at market prices,North Macedonia,2013,92.915,,
ESTAT:NAMA_10_GDP(1.0),05/03/25 23:00:00,Annual,"Chain linked volumes, index 2015=100",Gross domestic product at market prices,North Macedonia,2014,96.287,,
ESTAT:NAMA_10_GDP(1.0),05/03/25 23:00:00,Annual,"Chain linked volumes, index 2015=100",Gross domestic product at market prices,North Macedonia,2015,100.000,,
ESTAT:NAMA_10_GDP(1.0),05/03/25 23:00:00,Annual,"Chain linked volumes, index 2015=100",Gross domestic product at market prices,North Macedonia,2016,102.848,,
ESTAT:NAMA_10_GDP(1.0),05/03/25 23:00:00,Annual,"Chain linked volumes, index 2015=100",Gross domestic product at market prices,North Macedonia,2017,103.961,,
ESTAT:NAMA_10_GDP(1.0),05/03/25 23:00:00,Annual,"Chain linked volumes, index 2015=100",Gross domestic product at market prices,North Macedonia,2018,106.955,,
ESTAT:NAMA_10_GDP(1.0),05/03/25 23:00:00,Annual,"Chain linked volumes, index 2015=100",Gross domestic product at market prices,North Macedonia,2019,111.138,,
ESTAT:NAMA_10_GDP(1.0),05/03/25 23:00:00,Annual,"Chain linked volumes, index 2015=100",Gross domestic product at market prices,North Macedonia,2020,105.927,,
ESTAT:NAMA_10_GDP(1.0),05/03/25 23:00:00,Annual,"Chain linked volumes, index 2015=100",Gross domestic product at market prices,North Macedonia,2021,110.705,,
ESTAT:NAMA_10_GDP(1.0),05/03/25 23:00:00,Annual,"Chain linked volumes, index 2015=100",Gross domestic product at market prices,North Macedonia,2022,113.759,,
ESTAT:NAMA_10_GDP(1.0),05/03/25 23:00:00,Annual,"Chain linked volumes, index 2015=100",Gross domestic product at market prices,North Macedonia,2023,116.117,p,
ESTAT:NAMA_10_GDP(1.0),05/03/25 23:00:00,Annual,"Chain linked volumes, index 2015=100",Gross domestic product at market prices,Malta,2010,75.844,,
ESTAT:NAMA_10_GDP(1.0),05/03/25 23:00:00,Annual,"Chain linked volumes, index 2015=100",Gross domestic product at market prices,Malta,2011,76.596,,
ESTAT:NAMA_10_GDP(1.0),05/03/25 23:00:00,Annual,"Chain linked volumes, index 2015=100",Gross domestic product at market prices,Malta,2012,79.738,,
ESTAT:NAMA_10_GDP(1.0),05/03/25 23:00:00,Annual,"Chain linked volumes, index 2015=100",Gross domestic product at market prices,Malta,2013,84.756,,
ESTAT:NAMA_10_GDP(1.0),05/03/25 23:00:00,Annual,"Chain linked volumes, index 2015=100",Gross domestic product at market prices,Malta,2014,91.224,,
ESTAT:NAMA_10_GDP(1.0),05/03/25 23:00:00,Annual,"Chain linked volumes, index 2015=100",Gross domestic product at market prices,Malta,2015,100.000,,
ESTAT:NAMA_10_GDP(1.0),05/03/25 23:00:00,Annual,"Chain linked volumes, index 2015=100",Gross domestic product at market prices,Malta,2016,104.078,,
ESTAT:NAMA_10_GDP(1.0),05/03/25 23:00:00,Annual,"Chain linked volumes, index 2015=100",Gross domestic product at market prices,Malta,2017,117.578,,
ESTAT:NAMA_10_GDP(1.0),05/03/25 23:00:00,Annual,"Chain linked volumes, index 2015=100",Gross domestic product at market prices,Malta,2018,126.031,,
ESTAT:NAMA_10_GDP(1.0),05/03/25 23:00:00,Annual,"Chain linked volumes, index 2015=100",Gross domestic product at market prices,Malta,2019,131.180,,
ESTAT:NAMA_10_GDP(1.0),05/03/25 23:00:00,Annual,"Chain linked volumes, index 2015=100",Gross domestic product at market prices,Malta,2020,126.774,,
ESTAT:NAMA_10_GDP(1.0),05/03/25 23:00:00,Annual,"Chain linked volumes, index 2015=100",Gross domestic product at market prices,Malta,2021,143.634,,
ESTAT:NAMA_10_GDP(1.0),05/03/25 23:00:00,Annual,"Chain linked volumes, index 2015=100",Gross domestic product at market prices,Malta,2022,149.767,,
ESTAT:NAMA_10_GDP(1.0),05/03/25 23:00:00,Annual,"Chain linked volumes, index 2015=100",Gross domestic product at market prices,Malta,2023,159.946,,
ESTAT:NAMA_10_GDP(1.0),05/03/25 23:00:00,Annual,"Chain linked volumes, index 2015=100",Gross domestic product at market prices,Malta,2024,169.493,,
ESTAT:NAMA_10_GDP(1.0),05/03/25 23:00:00,Annual,"Chain linked volumes, index 2015=100",Gross domestic product at market prices,Netherlands,2010,95.654,,
ESTAT:NAMA_10_GDP(1.0),05/03/25 23:00:00,Annual,"Chain linked volumes, index 2015=100",Gross domestic product at market prices,Netherlands,2011,97.350,,
ESTAT:NAMA_10_GDP(1.0),05/03/25 23:00:00,Annual,"Chain linked volumes, index 2015=100",Gross domestic product at market prices,Netherlands,2012,96.399,,
ESTAT:NAMA_10_GDP(1.0),05/03/25 23:00:00,Annual,"Chain linked volumes, index 2015=100",Gross domestic product at market prices,Netherlands,2013,96.369,,
ESTAT:NAMA_10_GDP(1.0),05/03/25 23:00:00,Annual,"Chain linked volumes, index 2015=100",Gross domestic product at market prices,Netherlands,2014,97.923,,
ESTAT:NAMA_10_GDP(1.0),05/03/25 23:00:00,Annual,"Chain linked volumes, index 2015=100",Gross domestic product at market prices,Netherlands,2015,100.000,,
ESTAT:NAMA_10_GDP(1.0),05/03/25 23:00:00,Annual,"Chain linked volumes, index 2015=100",Gross domestic product at market prices,Netherlands,2016,102.424,,
ESTAT:NAMA_10_GDP(1.0),05/03/25 23:00:00,Annual,"Chain linked volumes, index 2015=100",Gross domestic product at market prices,Netherlands,2017,105.273,,
ESTAT:NAMA_10_GDP(1.0),05/03/25 23:00:00,Annual,"Chain linked volumes, index 2015=100",Gross domestic product at market prices,Netherlands,2018,107.651,,
ESTAT:NAMA_10_GDP(1.0),05/03/25 23:00:00,Annual,"Chain linked volumes, index 2015=100",Gross domestic product at market prices,Netherlands,2019,110.127,,
ESTAT:NAMA_10_GDP(1.0),05/03/25 23:00:00,Annual,"Chain linked volumes, index 2015=100",Gross domestic product at market prices,Netherlands,2020,105.868,,
ESTAT:NAMA_10_GDP(1.0),05/03/25 23:00:00,Annual,"Chain linked volumes, index 2015=100",Gross domestic product at market prices,Netherlands,2021,112.513,,
ESTAT:NAMA_10_GDP(1.0),05/03/25 23:00:00,Annual,"Chain linked volumes, index 2015=100",Gross domestic product at market prices,Netherlands,2022,118.146,,
ESTAT:NAMA_10_GDP(1.0),05/03/25 23:00:00,Annual,"Chain linked volumes, index 2015=100",Gross domestic product at market prices,Netherlands,2023,118.235,,
ESTAT:NAMA_10_GDP(1.0),05/03/25 23:00:00,Annual,"Chain linked volumes, index 2015=100",Gross domestic product at market prices,Netherlands,2024,119.343,,
ESTAT:NAMA_10_GDP(1.0),05/03/25 23:00:00,Annual,"Chain linked volumes, index 2015=100",Gross domestic product at market prices,Norway,2010,91.704,,
ESTAT:NAMA_10_GDP(1.0),05/03/25 23:00:00,Annual,"Chain linked volumes, index 2015=100",Gross domestic product at market prices,Norway,2011,92.718,,
ESTAT:NAMA_10_GDP(1.0),05/03/25 23:00:00,Annual,"Chain linked volumes, index 2015=100",Gross domestic product at market prices,Norway,2012,95.238,,
ESTAT:NAMA_10_GDP(1.0),05/03/25 23:00:00,Annual,"Chain linked volumes, index 2015=100",Gross domestic product at market prices,Norway,2013,96.206,,
ESTAT:NAMA_10_GDP(1.0),05/03/25 23:00:00,Annual,"Chain linked volumes, index 2015=100",Gross domestic product at market prices,Norway,2014,98.177,,
ESTAT:NAMA_10_GDP(1.0),05/03/25 23:00:00,Annual,"Chain linked volumes, index 2015=100",Gross domestic product at market prices,Norway,2015,100.000,,
ESTAT:NAMA_10_GDP(1.0),05/03/25 23:00:00,Annual,"Chain linked volumes, index 2015=100",Gross domestic product at market prices,Norway,2016,101.165,,
ESTAT:NAMA_10_GDP(1.0),05/03/25 23:00:00,Annual,"Chain linked volumes, index 2015=100",Gross domestic product at market prices,Norway,2017,103.657,,
ESTAT:NAMA_10_GDP(1.0),05/03/25 23:00:00,Annual,"Chain linked volumes, index 2015=100",Gross domestic product at market prices,Norway,2018,104.516,,
ESTAT:NAMA_10_GDP(1.0),05/03/25 23:00:00,Annual,"Chain linked volumes, index 2015=100",Gross domestic product at market prices,Norway,2019,105.691,,
ESTAT:NAMA_10_GDP(1.0),05/03/25 23:00:00,Annual,"Chain linked volumes, index 2015=100",Gross domestic product at market prices,Norway,2020,104.340,,
ESTAT:NAMA_10_GDP(1.0),05/03/25 23:00:00,Annual,"Chain linked volumes, index 2015=100",Gross domestic product at market prices,Norway,2021,108.418,,
ESTAT:NAMA_10_GDP(1.0),05/03/25 23:00:00,Annual,"Chain linked volumes, index 2015=100",Gross domestic product at market prices,Norway,2022,111.677,,
ESTAT:NAMA_10_GDP(1.0),05/03/25 23:00:00,Annual,"Chain linked volumes, index 2015=100",Gross domestic product at market prices,Norway,2023,112.213,,
ESTAT:NAMA_10_GDP(1.0),05/03/25 23:00:00,Annual,"Chain linked volumes, index 2015=100",Gross domestic product at market prices,Poland,2010,85.653,,
ESTAT:NAMA_10_GDP(1.0),05/03/25 23:00:00,Annual,"Chain linked volumes, index 2015=100",Gross domestic product at market prices,Poland,2011,90.155,,
ESTAT:NAMA_10_GDP(1.0),05/03/25 23:00:00,Annual,"Chain linked volumes, index 2015=100",Gross domestic product at market prices,Poland,2012,91.518,,
ESTAT:NAMA_10_GDP(1.0),05/03/25 23:00:00,Annual,"Chain linked volumes, index 2015=100",Gross domestic product at market prices,Poland,2013,92.144,,
ESTAT:NAMA_10_GDP(1.0),05/03/25 23:00:00,Annual,"Chain linked volumes, index 2015=100",Gross domestic product at market prices,Poland,2014,95.756,,
ESTAT:NAMA_10_GDP(1.0),05/03/25 23:00:00,Annual,"Chain linked volumes, index 2015=100",Gross domestic product at market prices,Poland,2015,100.000,,
ESTAT:NAMA_10_GDP(1.0),05/03/25 23:00:00,Annual,"Chain linked volumes, index 2015=100",Gross domestic product at market prices,Poland,2016,103.031,,
ESTAT:NAMA_10_GDP(1.0),05/03/25 23:00:00,Annual,"Chain linked volumes, index 2015=100",Gross domestic product at market prices,Poland,2017,108.340,,
ESTAT:NAMA_10_GDP(1.0),05/03/25 23:00:00,Annual,"Chain linked volumes, index 2015=100",Gross domestic product at market prices,Poland,2018,115.107,,
ESTAT:NAMA_10_GDP(1.0),05/03/25 23:00:00,Annual,"Chain linked volumes, index 2015=100",Gross domestic product at market prices,Poland,2019,120.379,,
ESTAT:NAMA_10_GDP(1.0),05/03/25 23:00:00,Annual,"Chain linked volumes, index 2015=100",Gross domestic product at market prices,Poland,2020,117.929,,
ESTAT:NAMA_10_GDP(1.0),05/03/25 23:00:00,Annual,"Chain linked volumes, index 2015=100",Gross domestic product at market prices,Poland,2021,126.098,,
ESTAT:NAMA_10_GDP(1.0),05/03/25 23:00:00,Annual,"Chain linked volumes, index 2015=100",Gross domestic product at market prices,Poland,2022,132.725,,
ESTAT:NAMA_10_GDP(1.0),05/03/25 23:00:00,Annual,"Chain linked volumes, index 2015=100",Gross domestic product at market prices,Poland,2023,132.909,,
ESTAT:NAMA_10_GDP(1.0),05/03/25 23:00:00,Annual,"Chain linked volumes, index 2015=100",Gross domestic product at market prices,Poland,2024,136.699,,
ESTAT:NAMA_10_GDP(1.0),05/03/25 23:00:00,Annual,"Chain linked volumes, index 2015=100",Gross domestic product at market prices,Portugal,2010,104.641,,
ESTAT:NAMA_10_GDP(1.0),05/03/25 23:00:00,Annual,"Chain linked volumes, index 2015=100",Gross domestic product at market prices,Portugal,2011,102.848,,
ESTAT:NAMA_10_GDP(1.0),05/03/25 23:00:00,Annual,"Chain linked volumes, index 2015=100",Gross domestic product at market prices,Portugal,2012,98.682,,
ESTAT:NAMA_10_GDP(1.0),05/03/25 23:00:00,Annual,"Chain linked volumes, index 2015=100",Gross domestic product at market prices,Portugal,2013,97.711,,
ESTAT:NAMA_10_GDP(1.0),05/03/25 23:00:00,Annual,"Chain linked volumes, index 2015=100",Gross domestic product at market prices,Portugal,2014,98.435,,
ESTAT:NAMA_10_GDP(1.0),05/03/25 23:00:00,Annual,"Chain linked volumes, index 2015=100",Gross domestic product at market prices,Portugal,2015,100.000,,
ESTAT:NAMA_10_GDP(1.0),05/03/25 23:00:00,Annual,"Chain linked volumes, index 2015=100",Gross domestic product at market prices,Portugal,2016,102.004,,
ESTAT:NAMA_10_GDP(1.0),05/03/25 23:00:00,Annual,"Chain linked volumes, index 2015=100",Gross domestic product at market prices,Portugal,2017,105.385,,
ESTAT:NAMA_10_GDP(1.0),05/03/25 23:00:00,Annual,"Chain linked volumes, index 2015=100",Gross domestic product at market prices,Portugal,2018,108.490,,
ESTAT:NAMA_10_GDP(1.0),05/03/25 23:00:00,Annual,"Chain linked volumes, index 2015=100",Gross domestic product at market prices,Portugal,2019,111.469,,
ESTAT:NAMA_10_GDP(1.0),05/03/25 23:00:00,Annual,"Chain linked volumes, index 2015=100",Gross domestic product at market prices,Portugal,2020,102.323,,
ESTAT:NAMA_10_GDP(1.0),05/03/25 23:00:00,Annual,"Chain linked volumes, index 2015=100",Gross domestic product at market prices,Portugal,2021,108.011,,
ESTAT:NAMA_10_GDP(1.0),05/03/25 23:00:00,Annual,"Chain linked volumes, index 2015=100",Gross domestic product at market prices,Portugal,2022,115.557,,
ESTAT:NAMA_10_GDP(1.0),05/03/25 23:00:00,Annual,"Chain linked volumes, index 2015=100",Gross domestic product at market prices,Portugal,2023,118.576,e,
ESTAT:NAMA_10_GDP(1.0),05/03/25 23:00:00,Annual,"Chain linked volumes, index 2015=100",Gross domestic product at market prices,Portugal,2024,120.829,e,
ESTAT:NAMA_10_GDP(1.0),05/03/25 23:00:00,Annual,"Chain linked volumes, index 2015=100",Gross domestic product at market prices,Romania,2010,87.194,,
ESTAT:NAMA_10_GDP(1.0),05/03/25 23:00:00,Annual,"Chain linked volumes, index 2015=100",Gross domestic product at market prices,Romania,2011,91.114,,
ESTAT:NAMA_10_GDP(1.0),05/03/25 23:00:00,Annual,"Chain linked volumes, index 2015=100",Gross domestic product at market prices,Romania,2012,92.848,,
ESTAT:NAMA_10_GDP(1.0),05/03/25 23:00:00,Annual,"Chain linked volumes, index 2015=100",Gross domestic product at market prices,Romania,2013,93.107,,
ESTAT:NAMA_10_GDP(1.0),05/03/25 23:00:00,Annual,"Chain linked volumes, index 2015=100",Gross domestic product at market prices,Romania,2014,96.940,,
ESTAT:NAMA_10_GDP(1.0),05/03/25 23:00:00,Annual,"Chain linked volumes, index 2015=100",Gross domestic product at market prices,Romania,2015,100.000,,
ESTAT:NAMA_10_GDP(1.0),05/03/25 23:00:00,Annual,"Chain linked volumes, index 2015=100",Gross domestic product at market prices,Romania,2016,102.860,,
ESTAT:NAMA_10_GDP(1.0),05/03/25 23:00:00,Annual,"Chain linked volumes, index 2015=100",Gross domestic product at market prices,Romania,2017,111.290,,
ESTAT:NAMA_10_GDP(1.0),05/03/25 23:00:00,Annual,"Chain linked volumes, index 2015=100",Gross domestic product at market prices,Romania,2018,118.102,,
ESTAT:NAMA_10_GDP(1.0),05/03/25 23:00:00,Annual,"Chain linked volumes, index 2015=100",Gross domestic product at market prices,Romania,2019,122.735,,
ESTAT:NAMA_10_GDP(1.0),05/03/25 23:00:00,Annual,"Chain linked volumes, index 2015=100",Gross domestic product at market prices,Romania,2020,118.225,,
ESTAT:NAMA_10_GDP(1.0),05/03/25 23:00:00,Annual,"Chain linked volumes, index 2015=100",Gross domestic product at market prices,Romania,2021,124.782,,
ESTAT:NAMA_10_GDP(1.0),05/03/25 23:00:00,Annual,"Chain linked volumes, index 2015=100",Gross domestic product at market prices,Romania,2022,129.730,,
ESTAT:NAMA_10_GDP(1.0),05/03/25 23:00:00,Annual,"Chain linked volumes, index 2015=100",Gross domestic product at market prices,Romania,2023,132.849,,
ESTAT:NAMA_10_GDP(1.0),05/03/25 23:00:00,Annual,"Chain linked volumes, index 2015=100",Gross domestic product at market prices,Serbia,2010,100.475,,
ESTAT:NAMA_10_GDP(1.0),05/03/25 23:00:00,Annual,"Chain linked volumes, index 2015=100",Gross domestic product at market prices,Serbia,2011,100.529,,
ESTAT:NAMA_10_GDP(1.0),05/03/25 23:00:00,Annual,"Chain linked volumes, index 2015=100",Gross domestic product at market prices,Serbia,2012,100.083,,
ESTAT:NAMA_10_GDP(1.0),05/03/25 23:00:00,Annual,"Chain linked volumes, index 2015=100",Gross domestic product at market prices,Serbia,2013,100.535,,
ESTAT:NAMA_10_GDP(1.0),05/03/25 23:00:00,Annual,"Chain linked volumes, index 2015=100",Gross domestic product at market prices,Serbia,2014,98.721,,
ESTAT:NAMA_10_GDP(1.0),05/03/25 23:00:00,Annual,"Chain linked volumes, index 2015=100",Gross domestic product at market prices,Serbia,2015,100.000,,
ESTAT:NAMA_10_GDP(1.0),05/03/25 23:00:00,Annual,"Chain linked volumes, index 2015=100",Gross domestic product at market prices,Serbia,2016,102.975,,
ESTAT:NAMA_10_GDP(1.0),05/03/25 23:00:00,Annual,"Chain linked volumes, index 2015=100",Gross domestic product at market prices,Serbia,2017,105.409,,
ESTAT:NAMA_10_GDP(1.0),05/03/25 23:00:00,Annual,"Chain linked volumes, index 2015=100",Gross domestic product at market prices,Serbia,2018,110.310,,
ESTAT:NAMA_10_GDP(1.0),05/03/25 23:00:00,Annual,"Chain linked volumes, index 2015=100",Gross domestic product at market prices,Serbia,2019,115.550,,
ESTAT:NAMA_10_GDP(1.0),05/03/25 23:00:00,Annual,"Chain linked volumes, index 2015=100",Gross domestic product at market prices,Serbia,2020,114.452,,
ESTAT:NAMA_10_GDP(1.0),05/03/25 23:00:00,Annual,"Chain linked volumes, index 2015=100",Gross domestic product at market prices,Serbia,2021,123.550,,
ESTAT:NAMA_10_GDP(1.0),05/03/25 23:00:00,Annual,"Chain linked volumes, index 2015=100",Gross domestic product at market prices,Serbia,2022,126.800,p,
ESTAT:NAMA_10_GDP(1.0),05/03/25 23:00:00,Annual,"Chain linked volumes, index 2015=100",Gross domestic product at market prices,Serbia,2023,131.679,p,
ESTAT:NAMA_10_GDP(1.0),05/03/25 23:00:00,Annual,"Chain linked volumes, index 2015=100",Gross domestic product at market prices,Serbia,2024,136.786,p,
ESTAT:NAMA_10_GDP(1.0),05/03/25 23:00:00,Annual,"Chain linked volumes, index 2015=100",Gross domestic product at market prices,Sweden,2010,90.108,,
ESTAT:NAMA_10_GDP(1.0),05/03/25 23:00:00,Annual,"Chain linked volumes, index 2015=100",Gross domestic product at market prices,Sweden,2011,92.959,,
ESTAT:NAMA_10_GDP(1.0),05/03/25 23:00:00,Annual,"Chain linked volumes, index 2015=100",Gross domestic product at market prices,Sweden,2012,92.573,,
ESTAT:NAMA_10_GDP(1.0),05/03/25 23:00:00,Annual,"Chain linked volumes, index 2015=100",Gross domestic product at market prices,Sweden,2013,93.627,,
ESTAT:NAMA_10_GDP(1.0),05/03/25 23:00:00,Annual,"Chain linked volumes, index 2015=100",Gross domestic product at market prices,Sweden,2014,95.776,,
ESTAT:NAMA_10_GDP(1.0),05/03/25 23:00:00,Annual,"Chain linked volumes, index 2015=100",Gross domestic product at market prices,Sweden,2015,100.000,,
ESTAT:NAMA_10_GDP(1.0),05/03/25 23:00:00,Annual,"Chain linked volumes, index 2015=100",Gross domestic product at market prices,Sweden,2016,102.350,,
ESTAT:NAMA_10_GDP(1.0),05/03/25 23:00:00,Annual,"Chain linked volumes, index 2015=100",Gross domestic product at market prices,Sweden,2017,104.218,,
ESTAT:NAMA_10_GDP(1.0),05/03/25 23:00:00,Annual,"Chain linked volumes, index 2015=100",Gross domestic product at market prices,Sweden,2018,106.201,,
ESTAT:NAMA_10_GDP(1.0),05/03/25 23:00:00,Annual,"Chain linked volumes, index 2015=100",Gross domestic product at market prices,Sweden,2019,108.909,,
ESTAT:NAMA_10_GDP(1.0),05/03/25 23:00:00,Annual,"Chain linked volumes, index 2015=100",Gross domestic product at market prices,Sweden,2020,106.725,,
ESTAT:NAMA_10_GDP(1.0),05/03/25 23:00:00,Annual,"Chain linked volumes, index 2015=100",Gross domestic product at market prices,Sweden,2021,113.062,,
ESTAT:NAMA_10_GDP(1.0),05/03/25 23:00:00,Annual,"Chain linked volumes, index 2015=100",Gross domestic product at market prices,Sweden,2022,114.711,,
ESTAT:NAMA_10_GDP(1.0),05/03/25 23:00:00,Annual,"Chain linked volumes, index 2015=100",Gross domestic product at market prices,Sweden,2023,114.581,,
ESTAT:NAMA_10_GDP(1.0),05/03/25 23:00:00,Annual,"Chain linked volumes, index 2015=100",Gross domestic product at market prices,Sweden,2024,115.696,,
ESTAT:NAMA_10_GDP(1.0),05/03/25 23:00:00,Annual,"Chain linked volumes, index 2015=100",Gross domestic product at market prices,Slovenia,2010,98.061,,
ESTAT:NAMA_10_GDP(1.0),05/03/25 23:00:00,Annual,"Chain linked volumes, index 2015=100",Gross domestic product at market prices,Slovenia,2011,98.704,,
ESTAT:NAMA_10_GDP(1.0),05/03/25 23:00:00,Annual,"Chain linked volumes, index 2015=100",Gross domestic product at market prices,Slovenia,2012,95.826,,
ESTAT:NAMA_10_GDP(1.0),05/03/25 23:00:00,Annual,"Chain linked volumes, index 2015=100",Gross domestic product at market prices,Slovenia,2013,95.037,,
ESTAT:NAMA_10_GDP(1.0),05/03/25 23:00:00,Annual,"Chain linked volumes, index 2015=100",Gross domestic product at market prices,Slovenia,2014,97.663,,
ESTAT:NAMA_10_GDP(1.0),05/03/25 23:00:00,Annual,"Chain linked volumes, index 2015=100",Gross domestic product at market prices,Slovenia,2015,100.000,,
ESTAT:NAMA_10_GDP(1.0),05/03/25 23:00:00,Annual,"Chain linked volumes, index 2015=100",Gross domestic product at market prices,Slovenia,2016,103.034,,
ESTAT:NAMA_10_GDP(1.0),05/03/25 23:00:00,Annual,"Chain linked volumes, index 2015=100",Gross domestic product at market prices,Slovenia,2017,108.366,,
ESTAT:NAMA_10_GDP(1.0),05/03/25 23:00:00,Annual,"Chain linked volumes, index 2015=100",Gross domestic product at market prices,Slovenia,2018,113.111,,
ESTAT:NAMA_10_GDP(1.0),05/03/25 23:00:00,Annual,"Chain linked volumes, index 2015=100",Gross domestic product at market prices,Slovenia,2019,117.076,,
ESTAT:NAMA_10_GDP(1.0),05/03/25 23:00:00,Annual,"Chain linked volumes, index 2015=100",Gross domestic product at market prices,Slovenia,2020,112.294,,
ESTAT:NAMA_10_GDP(1.0),05/03/25 23:00:00,Annual,"Chain linked volumes, index 2015=100",Gross domestic product at market prices,Slovenia,2021,121.715,,
ESTAT:NAMA_10_GDP(1.0),05/03/25 23:00:00,Annual,"Chain linked volumes, index 2015=100",Gross domestic product at market prices,Slovenia,2022,125.000,,
ESTAT:NAMA_10_GDP(1.0),05/03/25 23:00:00,Annual,"Chain linked volumes, index 2015=100",Gross domestic product at market prices,Slovenia,2023,127.641,,
ESTAT:NAMA_10_GDP(1.0),05/03/25 23:00:00,Annual,"Chain linked volumes, index 2015=100",Gross domestic product at market prices,Slovenia,2024,129.671,,
ESTAT:NAMA_10_GDP(1.0),05/03/25 23:00:00,Annual,"Chain linked volumes, index 2015=100",Gross domestic product at market prices,Slovakia,2010,88.243,,
ESTAT:NAMA_10_GDP(1.0),05/03/25 23:00:00,Annual,"Chain linked volumes, index 2015=100",Gross domestic product at market prices,Slovakia,2011,90.504,,
ESTAT:NAMA_10_GDP(1.0),05/03/25 23:00:00,Annual,"Chain linked volumes, index 2015=100",Gross domestic product at market prices,Slovakia,2012,91.925,,
ESTAT:NAMA_10_GDP(1.0),05/03/25 23:00:00,Annual,"Chain linked volumes, index 2015=100",Gross domestic product at market prices,Slovakia,2013,92.571,,
ESTAT:NAMA_10_GDP(1.0),05/03/25 23:00:00,Annual,"Chain linked volumes, index 2015=100",Gross domestic product at market prices,Slovakia,2014,95.078,,
ESTAT:NAMA_10_GDP(1.0),05/03/25 23:00:00,Annual,"Chain linked volumes, index 2015=100",Gross domestic product at market prices,Slovakia,2015,100.000,,
ESTAT:NAMA_10_GDP(1.0),05/03/25 23:00:00,Annual,"Chain linked volumes, index 2015=100",Gross domestic product at market prices,Slovakia,2016,101.948,,
ESTAT:NAMA_10_GDP(1.0),05/03/25 23:00:00,Annual,"Chain linked volumes, index 2015=100",Gross domestic product at market prices,Slovakia,2017,104.879,,
ESTAT:NAMA_10_GDP(1.0),05/03/25 23:00:00,Annual,"Chain linked volumes, index 2015=100",Gross domestic product at market prices,Slovakia,2018,109.139,,
ESTAT:NAMA_10_GDP(1.0),05/03/25 23:00:00,Annual,"Chain linked volumes, index 2015=100",Gross domestic product at market prices,Slovakia,2019,111.623,,
ESTAT:NAMA_10_GDP(1.0),05/03/25 23:00:00,Annual,"Chain linked volumes, index 2015=100",Gross domestic product at market prices,Slovakia,2020,108.737,,
ESTAT:NAMA_10_GDP(1.0),05/03/25 23:00:00,Annual,"Chain linked volumes, index 2015=100",Gross domestic product at market prices,Slovakia,2021,114.964,,
ESTAT:NAMA_10_GDP(1.0),05/03/25 23:00:00,Annual,"Chain linked volumes, index 2015=100",Gross domestic product at market prices,Slovakia,2022,115.481,,
ESTAT:NAMA_10_GDP(1.0),05/03/25 23:00:00,Annual,"Chain linked volumes, index 2015=100",Gross domestic product at market prices,Slovakia,2023,117.073,,
ESTAT:NAMA_10_GDP(1.0),05/03/25 23:00:00,Annual,"Chain linked volumes, index 2015=100",Gross domestic product at market prices,Türkiye,2010,71.059,,
ESTAT:NAMA_10_GDP(1.0),05/03/25 23:00:00,Annual,"Chain linked volumes, index 2015=100",Gross domestic product at market prices,Türkiye,2011,79.017,,
ESTAT:NAMA_10_GDP(1.0),05/03/25 23:00:00,Annual,"Chain linked volumes, index 2015=100",Gross domestic product at market prices,Türkiye,2012,82.801,,
ESTAT:NAMA_10_GDP(1.0),05/03/25 23:00:00,Annual,"Chain linked volumes, index 2015=100",Gross domestic product at market prices,Türkiye,2013,89.827,,
ESTAT:NAMA_10_GDP(1.0),05/03/25 23:00:00,Annual,"Chain linked volumes, index 2015=100",Gross domestic product at market prices,Türkiye,2014,94.264,,
ESTAT:NAMA_10_GDP(1.0),05/03/25 23:00:00,Annual,"Chain linked volumes, index 2015=100",Gross domestic product at market prices,Türkiye,2015,100.000,,
ESTAT:NAMA_10_GDP(1.0),05/03/25 23:00:00,Annual,"Chain linked volumes, index 2015=100",Gross domestic product at market prices,Türkiye,2016,103.323,,
ESTAT:NAMA_10_GDP(1.0),05/03/25 23:00:00,Annual,"Chain linked volumes, index 2015=100",Gross domestic product at market prices,Türkiye,2017,111.074,,
ESTAT:NAMA_10_GDP(1.0),05/03/25 23:00:00,Annual,"Chain linked volumes, index 2015=100",Gross domestic product at market prices,Türkiye,2018,114.421,,
ESTAT:NAMA_10_GDP(1.0),05/03/25 23:00:00,Annual,"Chain linked volumes, index 2015=100",Gross domestic product at market prices,Türkiye,2019,115.358,,
ESTAT:NAMA_10_GDP(1.0),05/03/25 23:00:00,Annual,"Chain linked volumes, index 2015=100",Gross domestic product at market prices,Türkiye,2020,117.503,,
ESTAT:NAMA_10_GDP(1.0),05/03/25 23:00:00,Annual,"Chain linked volumes, index 2015=100",Gross domestic product at market prices,Türkiye,2021,130.945,,
ESTAT:NAMA_10_GDP(1.0),05/03/25 23:00:00,Annual,"Chain linked volumes, index 2015=100",Gross domestic product at market prices,Türkiye,2022,138.191,,
ESTAT:NAMA_10_GDP(1.0),05/03/25 23:00:00,Annual,"Chain linked volumes, index 2015=100",Gross domestic product at market prices,Türkiye,2023,145.254,,
ESTAT:NAMA_10_GDP(1.0),05/03/25 23:00:00,Annual,"Chain linked volumes, index 2015=100",Gross domestic product at market prices,United Kingdom,2010,90.476,,
ESTAT:NAMA_10_GDP(1.0),05/03/25 23:00:00,Annual,"Chain linked volumes, index 2015=100",Gross domestic product at market prices,United Kingdom,2011,91.630,,
ESTAT:NAMA_10_GDP(1.0),05/03/25 23:00:00,Annual,"Chain linked volumes, index 2015=100",Gross domestic product at market prices,United Kingdom,2012,92.941,,
ESTAT:NAMA_10_GDP(1.0),05/03/25 23:00:00,Annual,"Chain linked volumes, index 2015=100",Gross domestic product at market prices,United Kingdom,2013,94.973,,
ESTAT:NAMA_10_GDP(1.0),05/03/25 23:00:00,Annual,"Chain linked volumes, index 2015=100",Gross domestic product at market prices,United Kingdom,2014,97.691,,
ESTAT:NAMA_10_GDP(1.0),05/03/25 23:00:00,Annual,"Chain linked volumes, index 2015=100",Gross domestic product at market prices,United Kingdom,2015,100.000,,
ESTAT:NAMA_10_GDP(1.0),05/03/25 23:00:00,Annual,"Chain linked volumes, index 2015=100",Gross domestic product at market prices,United Kingdom,2016,101.722,,
ESTAT:NAMA_10_GDP(1.0),05/03/25 23:00:00,Annual,"Chain linked volumes, index 2015=100",Gross domestic product at market prices,United Kingdom,2017,103.493,,
ESTAT:NAMA_10_GDP(1.0),05/03/25 23:00:00,Annual,"Chain linked volumes, index 2015=100",Gross domestic product at market prices,United Kingdom,2018,104.789,,
ESTAT:NAMA_10_GDP(1.0),05/03/25 23:00:00,Annual,"Chain linked volumes, index 2015=100",Gross domestic product at market prices,United Kingdom,2019,106.225,,
ESTAT:NAMA_10_GDP(1.0),05/03/25 23:00:00,Annual,"Chain linked volumes, index 2015=100",Gross domestic product at market prices,Kosovo*,2010,80.195,,
ESTAT:NAMA_10_GDP(1.0),05/03/25 23:00:00,Annual,"Chain linked volumes, index 2015=100",Gross domestic product at market prices,Kosovo*,2011,85.263,,
ESTAT:NAMA_10_GDP(1.0),05/03/25 23:00:00,Annual,"Chain linked volumes, index 2015=100",Gross domestic product at market prices,Kosovo*,2012,86.723,,
ESTAT:NAMA_10_GDP(1.0),05/03/25 23:00:00,Annual,"Chain linked volumes, index 2015=100",Gross domestic product at market prices,Kosovo*,2013,91.355,,
ESTAT:NAMA_10_GDP(1.0),05/03/25 23:00:00,Annual,"Chain linked volumes, index 2015=100",Gross domestic product at market prices,Kosovo*,2014,94.414,,
ESTAT:NAMA_10_GDP(1.0),05/03/25 23:00:00,Annual,"Chain linked volumes, index 2015=100",Gross domestic product at market prices,Kosovo*,2015,100.000,,
ESTAT:NAMA_10_GDP(1.0),05/03/25 23:00:00,Annual,"Chain linked volumes, index 2015=100",Gross domestic product at market prices,Kosovo*,2016,105.572,,
ESTAT:NAMA_10_GDP(1.0),05/03/25 23:00:00,Annual,"Chain linked volumes, index 2015=100",Gross domestic product at market prices,Kosovo*,2017,110.666,,
ESTAT:NAMA_10_GDP(1.0),05/03/25 23:00:00,Annual,"Chain linked volumes, index 2015=100",Gross domestic product at market prices,Kosovo*,2018,114.436,,
ESTAT:NAMA_10_GDP(1.0),05/03/25 23:00:00,Annual,"Chain linked volumes, index 2015=100",Gross domestic product at market prices,Kosovo*,2019,119.880,,
ESTAT:NAMA_10_GDP(1.0),05/03/25 23:00:00,Annual,"Chain linked volumes, index 2015=100",Gross domestic product at market prices,Kosovo*,2020,113.478,,
ESTAT:NAMA_10_GDP(1.0),05/03/25 23:00:00,Annual,"Chain linked volumes, index 2015=100",Gross domestic product at market prices,Kosovo*,2021,125.672,,
ESTAT:NAMA_10_GDP(1.0),05/03/25 23:00:00,Annual,"Chain linked volumes, index 2015=100",Gross domestic product at market prices,Kosovo*,2022,131.049,,
ESTAT:NAMA_10_GDP(1.0),05/03/25 23:00:00,Annual,"Chain linked volumes, index 2015=100",Gross domestic product at market prices,Kosovo*,2023,136.380,,
