DATAFLOW,LAST UPDATE,freq,unit,ind_use,stk_flow,prd_ava,geo,TIME_PERIOD,OBS_VALUE,OBS_FLAG,CONF_STATUS
ESTAT:NAIO_10_CP1610(1.0),12/03/25 11:00:00,Annual,Million euro,Total use,Total,Rubber and plastic products,Albania,2010,,,C
ESTAT:NAIO_10_CP1610(1.0),12/03/25 11:00:00,Annual,Million euro,Total use,Total,Rubber and plastic products,Albania,2015,,,C
ESTAT:NAIO_10_CP1610(1.0),12/03/25 11:00:00,Annual,Million euro,Total use,Total,Rubber and plastic products,Albania,2020,185.09,,
ESTAT:NAIO_10_CP1610(1.0),12/03/25 11:00:00,Annual,Million euro,Total use,Total,Rubber and plastic products,Austria,2010,9002.2,,
ESTAT:NAIO_10_CP1610(1.0),12/03/25 11:00:00,Annual,Million euro,Total use,Total,Rubber and plastic products,Austria,2011,10040.44,,
ESTAT:NAIO_10_CP1610(1.0),12/03/25 11:00:00,Annual,Million euro,Total use,Total,Rubber and plastic products,Austria,2012,9781.57,,
ESTAT:NAIO_10_CP1610(1.0),12/03/25 11:00:00,Annual,Million euro,Total use,Total,Rubber and plastic products,Austria,2013,9899.01,,
ESTAT:NAIO_10_CP1610(1.0),12/03/25 11:00:00,Annual,Million euro,Total use,Total,Rubber and plastic products,Austria,2014,10254.65,,
ESTAT:NAIO_10_CP1610(1.0),12/03/25 11:00:00,Annual,Million euro,Total use,Total,Rubber and plastic products,Austria,2015,10181.12,,
ESTAT:NAIO_10_CP1610(1.0),12/03/25 11:00:00,Annual,Million euro,Total use,Total,Rubber and plastic products,Austria,2016,10478.42,,
ESTAT:NAIO_10_CP1610(1.0),12/03/25 11:00:00,Annual,Million euro,Total use,Total,Rubber and plastic products,Austria,2017,11061.99,,
ESTAT:NAIO_10_CP1610(1.0),12/03/25 11:00:00,Annual,Million euro,Total use,Total,Rubber and plastic products,Austria,2018,11549.41,,
ESTAT:NAIO_10_CP1610(1.0),12/03/25 11:00:00,Annual,Million euro,Total use,Total,Rubber and plastic products,Austria,2019,11774.5,,
ESTAT:NAIO_10_CP1610(1.0),12/03/25 11:00:00,Annual,Million euro,Total use,Total,Rubber and plastic products,Austria,2020,10990.42,,
ESTAT:NAIO_10_CP1610(1.0),12/03/25 11:00:00,Annual,Million euro,Total use,Total,Rubber and plastic products,Austria,2021,13028.21,,
ESTAT:NAIO_10_CP1610(1.0),12/03/25 11:00:00,Annual,Million euro,Total use,Total,Rubber and plastic products,Belgium,2010,12230.86,,
ESTAT:NAIO_10_CP1610(1.0),12/03/25 11:00:00,Annual,Million euro,Total use,Total,Rubber and plastic products,Belgium,2014,13323.25,,
ESTAT:NAIO_10_CP1610(1.0),12/03/25 11:00:00,Annual,Million euro,Total use,Total,Rubber and plastic products,Belgium,2015,14190.61,,
ESTAT:NAIO_10_CP1610(1.0),12/03/25 11:00:00,Annual,Million euro,Total use,Total,Rubber and plastic products,Belgium,2016,14811.31,,
ESTAT:NAIO_10_CP1610(1.0),12/03/25 11:00:00,Annual,Million euro,Total use,Total,Rubber and plastic products,Belgium,2019,15665.11,,
ESTAT:NAIO_10_CP1610(1.0),12/03/25 11:00:00,Annual,Million euro,Total use,Total,Rubber and plastic products,Belgium,2020,14794.7,,
ESTAT:NAIO_10_CP1610(1.0),12/03/25 11:00:00,Annual,Million euro,Total use,Total,Rubber and plastic products,Belgium,2021,17487.8,,
ESTAT:NAIO_10_CP1610(1.0),12/03/25 11:00:00,Annual,Million euro,Total use,Total,Rubber and plastic products,Bulgaria,2010,1378.78,,
ESTAT:NAIO_10_CP1610(1.0),12/03/25 11:00:00,Annual,Million euro,Total use,Total,Rubber and plastic products,Cyprus,2010,276.17,,
ESTAT:NAIO_10_CP1610(1.0),12/03/25 11:00:00,Annual,Million euro,Total use,Total,Rubber and plastic products,Cyprus,2011,270.73,,
ESTAT:NAIO_10_CP1610(1.0),12/03/25 11:00:00,Annual,Million euro,Total use,Total,Rubber and plastic products,Cyprus,2012,240.55,,
ESTAT:NAIO_10_CP1610(1.0),12/03/25 11:00:00,Annual,Million euro,Total use,Total,Rubber and plastic products,Cyprus,2013,199.04,,
ESTAT:NAIO_10_CP1610(1.0),12/03/25 11:00:00,Annual,Million euro,Total use,Total,Rubber and plastic products,Cyprus,2014,208.15,,
ESTAT:NAIO_10_CP1610(1.0),12/03/25 11:00:00,Annual,Million euro,Total use,Total,Rubber and plastic products,Cyprus,2015,212.46,,
ESTAT:NAIO_10_CP1610(1.0),12/03/25 11:00:00,Annual,Million euro,Total use,Total,Rubber and plastic products,Cyprus,2016,234.23,,
ESTAT:NAIO_10_CP1610(1.0),12/03/25 11:00:00,Annual,Million euro,Total use,Total,Rubber and plastic products,Cyprus,2017,264.04,,
ESTAT:NAIO_10_CP1610(1.0),12/03/25 11:00:00,Annual,Million euro,Total use,Total,Rubber and plastic products,Cyprus,2018,283.41,,
ESTAT:NAIO_10_CP1610(1.0),12/03/25 11:00:00,Annual,Million euro,Total use,Total,Rubber and plastic products,Cyprus,2019,291.89,,
ESTAT:NAIO_10_CP1610(1.0),12/03/25 11:00:00,Annual,Million euro,Total use,Total,Rubber and plastic products,Cyprus,2020,292.88,,
ESTAT:NAIO_10_CP1610(1.0),12/03/25 11:00:00,Annual,Million euro,Total use,Total,Rubber and plastic products,Cyprus,2021,343.84,,
ESTAT:NAIO_10_CP1610(1.0),12/03/25 11:00:00,Annual,Million euro,Total use,Total,Rubber and plastic products,Czechia,2010,12595.04,,
ESTAT:NAIO_10_CP1610(1.0),12/03/25 11:00:00,Annual,Million euro,Total use,Total,Rubber and plastic products,Czechia,2011,14085.08,,
ESTAT:NAIO_10_CP1610(1.0),12/03/25 11:00:00,Annual,Million euro,Total use,Total,Rubber and plastic products,Czechia,2012,13967.08,,
ESTAT:NAIO_10_CP1610(1.0),12/03/25 11:00:00,Annual,Million euro,Total use,Total,Rubber and plastic products,Czechia,2013,13799.38,,
ESTAT:NAIO_10_CP1610(1.0),12/03/25 11:00:00,Annual,Million euro,Total use,Total,Rubber and plastic products,Czechia,2014,14581.2,,
ESTAT:NAIO_10_CP1610(1.0),12/03/25 11:00:00,Annual,Million euro,Total use,Total,Rubber and plastic products,Czechia,2015,15419.22,,
ESTAT:NAIO_10_CP1610(1.0),12/03/25 11:00:00,Annual,Million euro,Total use,Total,Rubber and plastic products,Czechia,2016,16075.5,,
ESTAT:NAIO_10_CP1610(1.0),12/03/25 11:00:00,Annual,Million euro,Total use,Total,Rubber and plastic products,Czechia,2017,17433.03,,
ESTAT:NAIO_10_CP1610(1.0),12/03/25 11:00:00,Annual,Million euro,Total use,Total,Rubber and plastic products,Czechia,2018,17833.94,,
ESTAT:NAIO_10_CP1610(1.0),12/03/25 11:00:00,Annual,Million euro,Total use,Total,Rubber and plastic products,Czechia,2019,17844.68,,
ESTAT:NAIO_10_CP1610(1.0),12/03/25 11:00:00,Annual,Million euro,Total use,Total,Rubber and plastic products,Czechia,2020,16181.4,,
ESTAT:NAIO_10_CP1610(1.0),12/03/25 11:00:00,Annual,Million euro,Total use,Total,Rubber and plastic products,Czechia,2021,18954.84,,
ESTAT:NAIO_10_CP1610(1.0),12/03/25 11:00:00,Annual,Million euro,Total use,Total,Rubber and plastic products,Czechia,2022,21705,,
ESTAT:NAIO_10_CP1610(1.0),12/03/25 11:00:00,Annual,Million euro,Total use,Total,Rubber and plastic products,Czechia,2023,22102.48,,
ESTAT:NAIO_10_CP1610(1.0),12/03/25 11:00:00,Annual,Million euro,Total use,Total,Rubber and plastic products,Germany,2010,,,C
ESTAT:NAIO_10_CP1610(1.0),12/03/25 11:00:00,Annual,Million euro,Total use,Total,Rubber and plastic products,Germany,2011,,,C
ESTAT:NAIO_10_CP1610(1.0),12/03/25 11:00:00,Annual,Million euro,Total use,Total,Rubber and plastic products,Germany,2012,,,C
ESTAT:NAIO_10_CP1610(1.0),12/03/25 11:00:00,Annual,Million euro,Total use,Total,Rubber and plastic products,Germany,2013,,,C
ESTAT:NAIO_10_CP1610(1.0),12/03/25 11:00:00,Annual,Million euro,Total use,Total,Rubber and plastic products,Germany,2014,,,C
ESTAT:NAIO_10_CP1610(1.0),12/03/25 11:00:00,Annual,Million euro,Total use,Total,Rubber and plastic products,Germany,2015,,,C
ESTAT:NAIO_10_CP1610(1.0),12/03/25 11:00:00,Annual,Million euro,Total use,Total,Rubber and plastic products,Germany,2016,,,C
ESTAT:NAIO_10_CP1610(1.0),12/03/25 11:00:00,Annual,Million euro,Total use,Total,Rubber and plastic products,Germany,2017,,,C
ESTAT:NAIO_10_CP1610(1.0),12/03/25 11:00:00,Annual,Million euro,Total use,Total,Rubber and plastic products,Germany,2018,,,C
ESTAT:NAIO_10_CP1610(1.0),12/03/25 11:00:00,Annual,Million euro,Total use,Total,Rubber and plastic products,Germany,2019,,,C
ESTAT:NAIO_10_CP1610(1.0),12/03/25 11:00:00,Annual,Million euro,Total use,Total,Rubber and plastic products,Germany,2020,,,C
ESTAT:NAIO_10_CP1610(1.0),12/03/25 11:00:00,Annual,Million euro,Total use,Total,Rubber and plastic products,Denmark,2010,4670.41,,
ESTAT:NAIO_10_CP1610(1.0),12/03/25 11:00:00,Annual,Million euro,Total use,Total,Rubber and plastic products,Denmark,2011,4959.54,,
ESTAT:NAIO_10_CP1610(1.0),12/03/25 11:00:00,Annual,Million euro,Total use,Total,Rubber and plastic products,Denmark,2012,5147.01,,
ESTAT:NAIO_10_CP1610(1.0),12/03/25 11:00:00,Annual,Million euro,Total use,Total,Rubber and plastic products,Denmark,2013,5092.39,,
ESTAT:NAIO_10_CP1610(1.0),12/03/25 11:00:00,Annual,Million euro,Total use,Total,Rubber and plastic products,Denmark,2014,5242.71,,
ESTAT:NAIO_10_CP1610(1.0),12/03/25 11:00:00,Annual,Million euro,Total use,Total,Rubber and plastic products,Denmark,2015,5428.56,,
ESTAT:NAIO_10_CP1610(1.0),12/03/25 11:00:00,Annual,Million euro,Total use,Total,Rubber and plastic products,Denmark,2016,5484.65,,
ESTAT:NAIO_10_CP1610(1.0),12/03/25 11:00:00,Annual,Million euro,Total use,Total,Rubber and plastic products,Denmark,2017,5708.93,,
ESTAT:NAIO_10_CP1610(1.0),12/03/25 11:00:00,Annual,Million euro,Total use,Total,Rubber and plastic products,Denmark,2018,5867.89,,
ESTAT:NAIO_10_CP1610(1.0),12/03/25 11:00:00,Annual,Million euro,Total use,Total,Rubber and plastic products,Denmark,2019,5887.25,,
ESTAT:NAIO_10_CP1610(1.0),12/03/25 11:00:00,Annual,Million euro,Total use,Total,Rubber and plastic products,Denmark,2020,6129.89,,
ESTAT:NAIO_10_CP1610(1.0),12/03/25 11:00:00,Annual,Million euro,Total use,Total,Rubber and plastic products,Euro area - 19 countries  (2015-2022),2010,207694.31,,
ESTAT:NAIO_10_CP1610(1.0),12/03/25 11:00:00,Annual,Million euro,Total use,Total,Rubber and plastic products,Euro area - 19 countries  (2015-2022),2011,228094.06,,
ESTAT:NAIO_10_CP1610(1.0),12/03/25 11:00:00,Annual,Million euro,Total use,Total,Rubber and plastic products,Euro area - 19 countries  (2015-2022),2012,225354.87,,
ESTAT:NAIO_10_CP1610(1.0),12/03/25 11:00:00,Annual,Million euro,Total use,Total,Rubber and plastic products,Euro area - 19 countries  (2015-2022),2013,226958.26,,
ESTAT:NAIO_10_CP1610(1.0),12/03/25 11:00:00,Annual,Million euro,Total use,Total,Rubber and plastic products,Euro area - 19 countries  (2015-2022),2014,233475.69,,
ESTAT:NAIO_10_CP1610(1.0),12/03/25 11:00:00,Annual,Million euro,Total use,Total,Rubber and plastic products,Euro area - 19 countries  (2015-2022),2015,242970.96,,
ESTAT:NAIO_10_CP1610(1.0),12/03/25 11:00:00,Annual,Million euro,Total use,Total,Rubber and plastic products,Euro area - 19 countries  (2015-2022),2016,245264.82,,
ESTAT:NAIO_10_CP1610(1.0),12/03/25 11:00:00,Annual,Million euro,Total use,Total,Rubber and plastic products,Euro area - 19 countries  (2015-2022),2017,252605.76,,
ESTAT:NAIO_10_CP1610(1.0),12/03/25 11:00:00,Annual,Million euro,Total use,Total,Rubber and plastic products,Euro area - 19 countries  (2015-2022),2018,260772.96,,
ESTAT:NAIO_10_CP1610(1.0),12/03/25 11:00:00,Annual,Million euro,Total use,Total,Rubber and plastic products,Euro area - 19 countries  (2015-2022),2019,266008.65,,
ESTAT:NAIO_10_CP1610(1.0),12/03/25 11:00:00,Annual,Million euro,Total use,Total,Rubber and plastic products,Euro area – 20 countries (from 2023),2010,209706.46,,
ESTAT:NAIO_10_CP1610(1.0),12/03/25 11:00:00,Annual,Million euro,Total use,Total,Rubber and plastic products,Euro area – 20 countries (from 2023),2011,229793.06,,
ESTAT:NAIO_10_CP1610(1.0),12/03/25 11:00:00,Annual,Million euro,Total use,Total,Rubber and plastic products,Euro area – 20 countries (from 2023),2012,227218.55,,
ESTAT:NAIO_10_CP1610(1.0),12/03/25 11:00:00,Annual,Million euro,Total use,Total,Rubber and plastic products,Euro area – 20 countries (from 2023),2013,229001.54,,
ESTAT:NAIO_10_CP1610(1.0),12/03/25 11:00:00,Annual,Million euro,Total use,Total,Rubber and plastic products,Euro area – 20 countries (from 2023),2014,231482.42,,
ESTAT:NAIO_10_CP1610(1.0),12/03/25 11:00:00,Annual,Million euro,Total use,Total,Rubber and plastic products,Euro area – 20 countries (from 2023),2015,238709.68,,
ESTAT:NAIO_10_CP1610(1.0),12/03/25 11:00:00,Annual,Million euro,Total use,Total,Rubber and plastic products,Euro area – 20 countries (from 2023),2016,242454.37,,
ESTAT:NAIO_10_CP1610(1.0),12/03/25 11:00:00,Annual,Million euro,Total use,Total,Rubber and plastic products,Euro area – 20 countries (from 2023),2017,256400.21,,
ESTAT:NAIO_10_CP1610(1.0),12/03/25 11:00:00,Annual,Million euro,Total use,Total,Rubber and plastic products,Euro area – 20 countries (from 2023),2018,262713.56,,
ESTAT:NAIO_10_CP1610(1.0),12/03/25 11:00:00,Annual,Million euro,Total use,Total,Rubber and plastic products,Euro area – 20 countries (from 2023),2019,261314.08,,
ESTAT:NAIO_10_CP1610(1.0),12/03/25 11:00:00,Annual,Million euro,Total use,Total,Rubber and plastic products,Euro area – 20 countries (from 2023),2020,241820.36,,
ESTAT:NAIO_10_CP1610(1.0),12/03/25 11:00:00,Annual,Million euro,Total use,Total,Rubber and plastic products,Euro area – 20 countries (from 2023),2021,288215.91,,
ESTAT:NAIO_10_CP1610(1.0),12/03/25 11:00:00,Annual,Million euro,Total use,Total,Rubber and plastic products,Euro area – 20 countries (from 2023),2022,330075.25,,
ESTAT:NAIO_10_CP1610(1.0),12/03/25 11:00:00,Annual,Million euro,Total use,Total,Rubber and plastic products,Estonia,2010,576.1,,
ESTAT:NAIO_10_CP1610(1.0),12/03/25 11:00:00,Annual,Million euro,Total use,Total,Rubber and plastic products,Estonia,2011,689.99,,
ESTAT:NAIO_10_CP1610(1.0),12/03/25 11:00:00,Annual,Million euro,Total use,Total,Rubber and plastic products,Estonia,2012,754.97,,
ESTAT:NAIO_10_CP1610(1.0),12/03/25 11:00:00,Annual,Million euro,Total use,Total,Rubber and plastic products,Estonia,2013,769.41,,
ESTAT:NAIO_10_CP1610(1.0),12/03/25 11:00:00,Annual,Million euro,Total use,Total,Rubber and plastic products,Estonia,2014,790.03,,
ESTAT:NAIO_10_CP1610(1.0),12/03/25 11:00:00,Annual,Million euro,Total use,Total,Rubber and plastic products,Estonia,2015,854.18,,
ESTAT:NAIO_10_CP1610(1.0),12/03/25 11:00:00,Annual,Million euro,Total use,Total,Rubber and plastic products,Estonia,2016,891.55,,
ESTAT:NAIO_10_CP1610(1.0),12/03/25 11:00:00,Annual,Million euro,Total use,Total,Rubber and plastic products,Estonia,2017,944.55,,
ESTAT:NAIO_10_CP1610(1.0),12/03/25 11:00:00,Annual,Million euro,Total use,Total,Rubber and plastic products,Estonia,2018,1030.41,,
ESTAT:NAIO_10_CP1610(1.0),12/03/25 11:00:00,Annual,Million euro,Total use,Total,Rubber and plastic products,Estonia,2020,1053.01,,
ESTAT:NAIO_10_CP1610(1.0),12/03/25 11:00:00,Annual,Million euro,Total use,Total,Rubber and plastic products,Estonia,2021,1302.93,,
ESTAT:NAIO_10_CP1610(1.0),12/03/25 11:00:00,Annual,Million euro,Total use,Total,Rubber and plastic products,Greece,2010,2868.96,,
ESTAT:NAIO_10_CP1610(1.0),12/03/25 11:00:00,Annual,Million euro,Total use,Total,Rubber and plastic products,Greece,2015,2767.96,,
ESTAT:NAIO_10_CP1610(1.0),12/03/25 11:00:00,Annual,Million euro,Total use,Total,Rubber and plastic products,Greece,2020,3198.5,,
ESTAT:NAIO_10_CP1610(1.0),12/03/25 11:00:00,Annual,Million euro,Total use,Total,Rubber and plastic products,Spain,2010,24154.5,,
ESTAT:NAIO_10_CP1610(1.0),12/03/25 11:00:00,Annual,Million euro,Total use,Total,Rubber and plastic products,Spain,2011,25402.4,,
ESTAT:NAIO_10_CP1610(1.0),12/03/25 11:00:00,Annual,Million euro,Total use,Total,Rubber and plastic products,Spain,2012,23875.6,,
ESTAT:NAIO_10_CP1610(1.0),12/03/25 11:00:00,Annual,Million euro,Total use,Total,Rubber and plastic products,Spain,2013,24271.5,,
ESTAT:NAIO_10_CP1610(1.0),12/03/25 11:00:00,Annual,Million euro,Total use,Total,Rubber and plastic products,Spain,2014,25255.4,,
ESTAT:NAIO_10_CP1610(1.0),12/03/25 11:00:00,Annual,Million euro,Total use,Total,Rubber and plastic products,Spain,2015,27052.2,,
ESTAT:NAIO_10_CP1610(1.0),12/03/25 11:00:00,Annual,Million euro,Total use,Total,Rubber and plastic products,Spain,2016,26455.5,,
ESTAT:NAIO_10_CP1610(1.0),12/03/25 11:00:00,Annual,Million euro,Total use,Total,Rubber and plastic products,Spain,2017,28495.3,,
ESTAT:NAIO_10_CP1610(1.0),12/03/25 11:00:00,Annual,Million euro,Total use,Total,Rubber and plastic products,Spain,2018,29711.6,,
ESTAT:NAIO_10_CP1610(1.0),12/03/25 11:00:00,Annual,Million euro,Total use,Total,Rubber and plastic products,Spain,2019,30381.5,,
ESTAT:NAIO_10_CP1610(1.0),12/03/25 11:00:00,Annual,Million euro,Total use,Total,Rubber and plastic products,Spain,2020,28084.8,,
ESTAT:NAIO_10_CP1610(1.0),12/03/25 11:00:00,Annual,Million euro,Total use,Total,Rubber and plastic products,Spain,2021,35091.2,,
ESTAT:NAIO_10_CP1610(1.0),12/03/25 11:00:00,Annual,Million euro,Total use,Total,Rubber and plastic products,European Union - 27 countries (from 2020),2010,239521.59,,
ESTAT:NAIO_10_CP1610(1.0),12/03/25 11:00:00,Annual,Million euro,Total use,Total,Rubber and plastic products,European Union - 27 countries (from 2020),2011,263669.43,,
ESTAT:NAIO_10_CP1610(1.0),12/03/25 11:00:00,Annual,Million euro,Total use,Total,Rubber and plastic products,European Union - 27 countries (from 2020),2012,261464.01,,
ESTAT:NAIO_10_CP1610(1.0),12/03/25 11:00:00,Annual,Million euro,Total use,Total,Rubber and plastic products,European Union - 27 countries (from 2020),2013,263505.87,,
ESTAT:NAIO_10_CP1610(1.0),12/03/25 11:00:00,Annual,Million euro,Total use,Total,Rubber and plastic products,European Union - 27 countries (from 2020),2014,267140.43,,
ESTAT:NAIO_10_CP1610(1.0),12/03/25 11:00:00,Annual,Million euro,Total use,Total,Rubber and plastic products,European Union - 27 countries (from 2020),2015,275893.2,,
ESTAT:NAIO_10_CP1610(1.0),12/03/25 11:00:00,Annual,Million euro,Total use,Total,Rubber and plastic products,European Union - 27 countries (from 2020),2016,280980.41,,
ESTAT:NAIO_10_CP1610(1.0),12/03/25 11:00:00,Annual,Million euro,Total use,Total,Rubber and plastic products,European Union - 27 countries (from 2020),2017,298959.28,,
ESTAT:NAIO_10_CP1610(1.0),12/03/25 11:00:00,Annual,Million euro,Total use,Total,Rubber and plastic products,European Union - 27 countries (from 2020),2018,307620.23,,
ESTAT:NAIO_10_CP1610(1.0),12/03/25 11:00:00,Annual,Million euro,Total use,Total,Rubber and plastic products,European Union - 27 countries (from 2020),2019,307097.85,,
ESTAT:NAIO_10_CP1610(1.0),12/03/25 11:00:00,Annual,Million euro,Total use,Total,Rubber and plastic products,European Union - 27 countries (from 2020),2020,285876.72,,
ESTAT:NAIO_10_CP1610(1.0),12/03/25 11:00:00,Annual,Million euro,Total use,Total,Rubber and plastic products,European Union - 27 countries (from 2020),2021,341238.6,,
ESTAT:NAIO_10_CP1610(1.0),12/03/25 11:00:00,Annual,Million euro,Total use,Total,Rubber and plastic products,European Union - 27 countries (from 2020),2022,394160.8,,
ESTAT:NAIO_10_CP1610(1.0),12/03/25 11:00:00,Annual,Million euro,Total use,Total,Rubber and plastic products,European Union - 28 countries (2013-2020),2010,258067.14,,
ESTAT:NAIO_10_CP1610(1.0),12/03/25 11:00:00,Annual,Million euro,Total use,Total,Rubber and plastic products,European Union - 28 countries (2013-2020),2011,282216.52,,
ESTAT:NAIO_10_CP1610(1.0),12/03/25 11:00:00,Annual,Million euro,Total use,Total,Rubber and plastic products,European Union - 28 countries (2013-2020),2012,286397.8,,
ESTAT:NAIO_10_CP1610(1.0),12/03/25 11:00:00,Annual,Million euro,Total use,Total,Rubber and plastic products,European Union - 28 countries (2013-2020),2013,289899.5,,
ESTAT:NAIO_10_CP1610(1.0),12/03/25 11:00:00,Annual,Million euro,Total use,Total,Rubber and plastic products,European Union - 28 countries (2013-2020),2014,297478,,
ESTAT:NAIO_10_CP1610(1.0),12/03/25 11:00:00,Annual,Million euro,Total use,Total,Rubber and plastic products,European Union - 28 countries (2013-2020),2015,310551.5,,
ESTAT:NAIO_10_CP1610(1.0),12/03/25 11:00:00,Annual,Million euro,Total use,Total,Rubber and plastic products,European Union - 28 countries (2013-2020),2016,318195.29,,
ESTAT:NAIO_10_CP1610(1.0),12/03/25 11:00:00,Annual,Million euro,Total use,Total,Rubber and plastic products,European Union - 28 countries (2013-2020),2017,320911.29,e,
ESTAT:NAIO_10_CP1610(1.0),12/03/25 11:00:00,Annual,Million euro,Total use,Total,Rubber and plastic products,European Union - 28 countries (2013-2020),2018,330896.06,,
ESTAT:NAIO_10_CP1610(1.0),12/03/25 11:00:00,Annual,Million euro,Total use,Total,Rubber and plastic products,European Union - 28 countries (2013-2020),2019,336995.36,,
ESTAT:NAIO_10_CP1610(1.0),12/03/25 11:00:00,Annual,Million euro,Total use,Total,Rubber and plastic products,Finland,2010,4020.75,,
ESTAT:NAIO_10_CP1610(1.0),12/03/25 11:00:00,Annual,Million euro,Total use,Total,Rubber and plastic products,Finland,2011,4952.09,,
ESTAT:NAIO_10_CP1610(1.0),12/03/25 11:00:00,Annual,Million euro,Total use,Total,Rubber and plastic products,Finland,2012,4743.55,,
ESTAT:NAIO_10_CP1610(1.0),12/03/25 11:00:00,Annual,Million euro,Total use,Total,Rubber and plastic products,Finland,2013,4510.75,,
ESTAT:NAIO_10_CP1610(1.0),12/03/25 11:00:00,Annual,Million euro,Total use,Total,Rubber and plastic products,Finland,2014,4689.26,,
ESTAT:NAIO_10_CP1610(1.0),12/03/25 11:00:00,Annual,Million euro,Total use,Total,Rubber and plastic products,Finland,2015,4458.26,,
ESTAT:NAIO_10_CP1610(1.0),12/03/25 11:00:00,Annual,Million euro,Total use,Total,Rubber and plastic products,Finland,2016,4506.32,,
ESTAT:NAIO_10_CP1610(1.0),12/03/25 11:00:00,Annual,Million euro,Total use,Total,Rubber and plastic products,Finland,2017,4466.68,,
ESTAT:NAIO_10_CP1610(1.0),12/03/25 11:00:00,Annual,Million euro,Total use,Total,Rubber and plastic products,Finland,2018,4679.5,,
ESTAT:NAIO_10_CP1610(1.0),12/03/25 11:00:00,Annual,Million euro,Total use,Total,Rubber and plastic products,Finland,2019,4655.28,,
ESTAT:NAIO_10_CP1610(1.0),12/03/25 11:00:00,Annual,Million euro,Total use,Total,Rubber and plastic products,Finland,2020,4565.56,,
ESTAT:NAIO_10_CP1610(1.0),12/03/25 11:00:00,Annual,Million euro,Total use,Total,Rubber and plastic products,Finland,2021,5390.71,,
ESTAT:NAIO_10_CP1610(1.0),12/03/25 11:00:00,Annual,Million euro,Total use,Total,Rubber and plastic products,Finland,2022,5810.28,,
ESTAT:NAIO_10_CP1610(1.0),12/03/25 11:00:00,Annual,Million euro,Total use,Total,Rubber and plastic products,France,2010,43629.98,,
ESTAT:NAIO_10_CP1610(1.0),12/03/25 11:00:00,Annual,Million euro,Total use,Total,Rubber and plastic products,France,2011,48106.05,,
ESTAT:NAIO_10_CP1610(1.0),12/03/25 11:00:00,Annual,Million euro,Total use,Total,Rubber and plastic products,France,2012,46848.04,,
ESTAT:NAIO_10_CP1610(1.0),12/03/25 11:00:00,Annual,Million euro,Total use,Total,Rubber and plastic products,France,2013,45506.04,,
ESTAT:NAIO_10_CP1610(1.0),12/03/25 11:00:00,Annual,Million euro,Total use,Total,Rubber and plastic products,France,2014,44723.02,,
ESTAT:NAIO_10_CP1610(1.0),12/03/25 11:00:00,Annual,Million euro,Total use,Total,Rubber and plastic products,France,2015,46373.04,,
ESTAT:NAIO_10_CP1610(1.0),12/03/25 11:00:00,Annual,Million euro,Total use,Total,Rubber and plastic products,France,2016,46561.01,,
ESTAT:NAIO_10_CP1610(1.0),12/03/25 11:00:00,Annual,Million euro,Total use,Total,Rubber and plastic products,France,2017,49117,,
ESTAT:NAIO_10_CP1610(1.0),12/03/25 11:00:00,Annual,Million euro,Total use,Total,Rubber and plastic products,France,2018,49666,,
ESTAT:NAIO_10_CP1610(1.0),12/03/25 11:00:00,Annual,Million euro,Total use,Total,Rubber and plastic products,France,2019,49162,,
ESTAT:NAIO_10_CP1610(1.0),12/03/25 11:00:00,Annual,Million euro,Total use,Total,Rubber and plastic products,France,2020,41427.8,,
ESTAT:NAIO_10_CP1610(1.0),12/03/25 11:00:00,Annual,Million euro,Total use,Total,Rubber and plastic products,France,2021,48805.1,,
ESTAT:NAIO_10_CP1610(1.0),12/03/25 11:00:00,Annual,Million euro,Total use,Total,Rubber and plastic products,Croatia,2010,902.7,,
ESTAT:NAIO_10_CP1610(1.0),12/03/25 11:00:00,Annual,Million euro,Total use,Total,Rubber and plastic products,Croatia,2011,941.15,,
ESTAT:NAIO_10_CP1610(1.0),12/03/25 11:00:00,Annual,Million euro,Total use,Total,Rubber and plastic products,Croatia,2012,907.31,,
ESTAT:NAIO_10_CP1610(1.0),12/03/25 11:00:00,Annual,Million euro,Total use,Total,Rubber and plastic products,Croatia,2013,916.71,,
ESTAT:NAIO_10_CP1610(1.0),12/03/25 11:00:00,Annual,Million euro,Total use,Total,Rubber and plastic products,Croatia,2014,952.28,,
ESTAT:NAIO_10_CP1610(1.0),12/03/25 11:00:00,Annual,Million euro,Total use,Total,Rubber and plastic products,Croatia,2015,1282.69,,
ESTAT:NAIO_10_CP1610(1.0),12/03/25 11:00:00,Annual,Million euro,Total use,Total,Rubber and plastic products,Croatia,2016,1284.21,,
ESTAT:NAIO_10_CP1610(1.0),12/03/25 11:00:00,Annual,Million euro,Total use,Total,Rubber and plastic products,Croatia,2017,1461.65,p,
ESTAT:NAIO_10_CP1610(1.0),12/03/25 11:00:00,Annual,Million euro,Total use,Total,Rubber and plastic products,Croatia,2018,1512.08,,
ESTAT:NAIO_10_CP1610(1.0),12/03/25 11:00:00,Annual,Million euro,Total use,Total,Rubber and plastic products,Croatia,2019,1306.96,,
ESTAT:NAIO_10_CP1610(1.0),12/03/25 11:00:00,Annual,Million euro,Total use,Total,Rubber and plastic products,Croatia,2020,1296.14,,
ESTAT:NAIO_10_CP1610(1.0),12/03/25 11:00:00,Annual,Million euro,Total use,Total,Rubber and plastic products,Croatia,2021,1579.88,,
ESTAT:NAIO_10_CP1610(1.0),12/03/25 11:00:00,Annual,Million euro,Total use,Total,Rubber and plastic products,Hungary,2010,5412.29,,
ESTAT:NAIO_10_CP1610(1.0),12/03/25 11:00:00,Annual,Million euro,Total use,Total,Rubber and plastic products,Hungary,2011,6288.35,,
ESTAT:NAIO_10_CP1610(1.0),12/03/25 11:00:00,Annual,Million euro,Total use,Total,Rubber and plastic products,Hungary,2012,6309.21,,
ESTAT:NAIO_10_CP1610(1.0),12/03/25 11:00:00,Annual,Million euro,Total use,Total,Rubber and plastic products,Hungary,2013,6523.14,,
ESTAT:NAIO_10_CP1610(1.0),12/03/25 11:00:00,Annual,Million euro,Total use,Total,Rubber and plastic products,Hungary,2014,6948.75,,
ESTAT:NAIO_10_CP1610(1.0),12/03/25 11:00:00,Annual,Million euro,Total use,Total,Rubber and plastic products,Hungary,2015,7729.2,,
ESTAT:NAIO_10_CP1610(1.0),12/03/25 11:00:00,Annual,Million euro,Total use,Total,Rubber and plastic products,Hungary,2016,7927.76,,
ESTAT:NAIO_10_CP1610(1.0),12/03/25 11:00:00,Annual,Million euro,Total use,Total,Rubber and plastic products,Hungary,2017,8389.04,,
ESTAT:NAIO_10_CP1610(1.0),12/03/25 11:00:00,Annual,Million euro,Total use,Total,Rubber and plastic products,Hungary,2018,9256.56,,
ESTAT:NAIO_10_CP1610(1.0),12/03/25 11:00:00,Annual,Million euro,Total use,Total,Rubber and plastic products,Hungary,2019,9281.39,,
ESTAT:NAIO_10_CP1610(1.0),12/03/25 11:00:00,Annual,Million euro,Total use,Total,Rubber and plastic products,Hungary,2020,8805.11,,
ESTAT:NAIO_10_CP1610(1.0),12/03/25 11:00:00,Annual,Million euro,Total use,Total,Rubber and plastic products,Hungary,2021,10454.28,,
ESTAT:NAIO_10_CP1610(1.0),12/03/25 11:00:00,Annual,Million euro,Total use,Total,Rubber and plastic products,Hungary,2022,12037.99,,
ESTAT:NAIO_10_CP1610(1.0),12/03/25 11:00:00,Annual,Million euro,Total use,Total,Rubber and plastic products,Ireland,2010,2537.51,,
ESTAT:NAIO_10_CP1610(1.0),12/03/25 11:00:00,Annual,Million euro,Total use,Total,Rubber and plastic products,Ireland,2011,2623.87,,
ESTAT:NAIO_10_CP1610(1.0),12/03/25 11:00:00,Annual,Million euro,Total use,Total,Rubber and plastic products,Ireland,2015,3544.94,,
ESTAT:NAIO_10_CP1610(1.0),12/03/25 11:00:00,Annual,Million euro,Total use,Total,Rubber and plastic products,Ireland,2020,3954.35,,
ESTAT:NAIO_10_CP1610(1.0),12/03/25 11:00:00,Annual,Million euro,Total use,Total,Rubber and plastic products,Italy,2010,46252.32,,
ESTAT:NAIO_10_CP1610(1.0),12/03/25 11:00:00,Annual,Million euro,Total use,Total,Rubber and plastic products,Italy,2011,50020.97,,
ESTAT:NAIO_10_CP1610(1.0),12/03/25 11:00:00,Annual,Million euro,Total use,Total,Rubber and plastic products,Italy,2012,48442.21,,
ESTAT:NAIO_10_CP1610(1.0),12/03/25 11:00:00,Annual,Million euro,Total use,Total,Rubber and plastic products,Italy,2013,48915.03,,
ESTAT:NAIO_10_CP1610(1.0),12/03/25 11:00:00,Annual,Million euro,Total use,Total,Rubber and plastic products,Italy,2014,49688.96,,
ESTAT:NAIO_10_CP1610(1.0),12/03/25 11:00:00,Annual,Million euro,Total use,Total,Rubber and plastic products,Italy,2015,50648.4,b,
ESTAT:NAIO_10_CP1610(1.0),12/03/25 11:00:00,Annual,Million euro,Total use,Total,Rubber and plastic products,Italy,2016,51122.3,,
ESTAT:NAIO_10_CP1610(1.0),12/03/25 11:00:00,Annual,Million euro,Total use,Total,Rubber and plastic products,Italy,2017,54918.9,,
ESTAT:NAIO_10_CP1610(1.0),12/03/25 11:00:00,Annual,Million euro,Total use,Total,Rubber and plastic products,Italy,2018,56841.4,,
ESTAT:NAIO_10_CP1610(1.0),12/03/25 11:00:00,Annual,Million euro,Total use,Total,Rubber and plastic products,Italy,2019,56563.3,,
ESTAT:NAIO_10_CP1610(1.0),12/03/25 11:00:00,Annual,Million euro,Total use,Total,Rubber and plastic products,Italy,2020,53574.3,,
ESTAT:NAIO_10_CP1610(1.0),12/03/25 11:00:00,Annual,Million euro,Total use,Total,Rubber and plastic products,Italy,2021,68636.6,,
ESTAT:NAIO_10_CP1610(1.0),12/03/25 11:00:00,Annual,Million euro,Total use,Total,Rubber and plastic products,Lithuania,2010,1113.06,,
ESTAT:NAIO_10_CP1610(1.0),12/03/25 11:00:00,Annual,Million euro,Total use,Total,Rubber and plastic products,Lithuania,2013,1668.66,,
ESTAT:NAIO_10_CP1610(1.0),12/03/25 11:00:00,Annual,Million euro,Total use,Total,Rubber and plastic products,Lithuania,2014,1822.36,,
ESTAT:NAIO_10_CP1610(1.0),12/03/25 11:00:00,Annual,Million euro,Total use,Total,Rubber and plastic products,Lithuania,2015,1721.81,,
ESTAT:NAIO_10_CP1610(1.0),12/03/25 11:00:00,Annual,Million euro,Total use,Total,Rubber and plastic products,Lithuania,2016,1778.02,,
ESTAT:NAIO_10_CP1610(1.0),12/03/25 11:00:00,Annual,Million euro,Total use,Total,Rubber and plastic products,Lithuania,2017,2006.77,,
ESTAT:NAIO_10_CP1610(1.0),12/03/25 11:00:00,Annual,Million euro,Total use,Total,Rubber and plastic products,Lithuania,2018,2143.74,,
ESTAT:NAIO_10_CP1610(1.0),12/03/25 11:00:00,Annual,Million euro,Total use,Total,Rubber and plastic products,Lithuania,2019,2178.91,,
ESTAT:NAIO_10_CP1610(1.0),12/03/25 11:00:00,Annual,Million euro,Total use,Total,Rubber and plastic products,Lithuania,2020,2268.4,,
ESTAT:NAIO_10_CP1610(1.0),12/03/25 11:00:00,Annual,Million euro,Total use,Total,Rubber and plastic products,Lithuania,2021,2798.8,,
ESTAT:NAIO_10_CP1610(1.0),12/03/25 11:00:00,Annual,Million euro,Total use,Total,Rubber and plastic products,Luxembourg,2010,6849.54,,
ESTAT:NAIO_10_CP1610(1.0),12/03/25 11:00:00,Annual,Million euro,Total use,Total,Rubber and plastic products,Luxembourg,2011,8701.82,,
ESTAT:NAIO_10_CP1610(1.0),12/03/25 11:00:00,Annual,Million euro,Total use,Total,Rubber and plastic products,Luxembourg,2012,8663.24,,
ESTAT:NAIO_10_CP1610(1.0),12/03/25 11:00:00,Annual,Million euro,Total use,Total,Rubber and plastic products,Luxembourg,2013,7505.88,,
ESTAT:NAIO_10_CP1610(1.0),12/03/25 11:00:00,Annual,Million euro,Total use,Total,Rubber and plastic products,Luxembourg,2014,7136.49,,
ESTAT:NAIO_10_CP1610(1.0),12/03/25 11:00:00,Annual,Million euro,Total use,Total,Rubber and plastic products,Luxembourg,2015,7050.48,,
ESTAT:NAIO_10_CP1610(1.0),12/03/25 11:00:00,Annual,Million euro,Total use,Total,Rubber and plastic products,Luxembourg,2016,6895.38,,
ESTAT:NAIO_10_CP1610(1.0),12/03/25 11:00:00,Annual,Million euro,Total use,Total,Rubber and plastic products,Luxembourg,2017,7111.99,,
ESTAT:NAIO_10_CP1610(1.0),12/03/25 11:00:00,Annual,Million euro,Total use,Total,Rubber and plastic products,Luxembourg,2018,7292.33,,
ESTAT:NAIO_10_CP1610(1.0),12/03/25 11:00:00,Annual,Million euro,Total use,Total,Rubber and plastic products,Luxembourg,2019,7157.57,,
ESTAT:NAIO_10_CP1610(1.0),12/03/25 11:00:00,Annual,Million euro,Total use,Total,Rubber and plastic products,Luxembourg,2020,5895.16,,
ESTAT:NAIO_10_CP1610(1.0),12/03/25 11:00:00,Annual,Million euro,Total use,Total,Rubber and plastic products,Latvia,2010,492.28,,
ESTAT:NAIO_10_CP1610(1.0),12/03/25 11:00:00,Annual,Million euro,Total use,Total,Rubber and plastic products,Latvia,2015,715.17,,
ESTAT:NAIO_10_CP1610(1.0),12/03/25 11:00:00,Annual,Million euro,Total use,Total,Rubber and plastic products,Latvia,2020,875.4,,
ESTAT:NAIO_10_CP1610(1.0),12/03/25 11:00:00,Annual,Million euro,Total use,Total,Rubber and plastic products,Montenegro,2013,,,C
ESTAT:NAIO_10_CP1610(1.0),12/03/25 11:00:00,Annual,Million euro,Total use,Total,Rubber and plastic products,Montenegro,2014,,,C
ESTAT:NAIO_10_CP1610(1.0),12/03/25 11:00:00,Annual,Million euro,Total use,Total,Rubber and plastic products,Montenegro,2015,,,C
ESTAT:NAIO_10_CP1610(1.0),12/03/25 11:00:00,Annual,Million euro,Total use,Total,Rubber and plastic products,Montenegro,2016,,,C
ESTAT:NAIO_10_CP1610(1.0),12/03/25 11:00:00,Annual,Million euro,Total use,Total,Rubber and plastic products,Montenegro,2017,,,C
ESTAT:NAIO_10_CP1610(1.0),12/03/25 11:00:00,Annual,Million euro,Total use,Total,Rubber and plastic products,Montenegro,2018,,,C
ESTAT:NAIO_10_CP1610(1.0),12/03/25 11:00:00,Annual,Million euro,Total use,Total,Rubber and plastic products,North Macedonia,2015,321.96,,
ESTAT:NAIO_10_CP1610(1.0),12/03/25 11:00:00,Annual,Million euro,Total use,Total,Rubber and plastic products,North Macedonia,2020,389.09,,
ESTAT:NAIO_10_CP1610(1.0),12/03/25 11:00:00,Annual,Million euro,Total use,Total,Rubber and plastic products,Malta,2010,183.73,,
ESTAT:NAIO_10_CP1610(1.0),12/03/25 11:00:00,Annual,Million euro,Total use,Total,Rubber and plastic products,Malta,2013,,,C
ESTAT:NAIO_10_CP1610(1.0),12/03/25 11:00:00,Annual,Million euro,Total use,Total,Rubber and plastic products,Malta,2014,,,C
ESTAT:NAIO_10_CP1610(1.0),12/03/25 11:00:00,Annual,Million euro,Total use,Total,Rubber and plastic products,Malta,2015,,,C
ESTAT:NAIO_10_CP1610(1.0),12/03/25 11:00:00,Annual,Million euro,Total use,Total,Rubber and plastic products,Netherlands,2010,14251,,
ESTAT:NAIO_10_CP1610(1.0),12/03/25 11:00:00,Annual,Million euro,Total use,Total,Rubber and plastic products,Netherlands,2011,15806,,
ESTAT:NAIO_10_CP1610(1.0),12/03/25 11:00:00,Annual,Million euro,Total use,Total,Rubber and plastic products,Netherlands,2012,15732,,
ESTAT:NAIO_10_CP1610(1.0),12/03/25 11:00:00,Annual,Million euro,Total use,Total,Rubber and plastic products,Netherlands,2013,16180,,
ESTAT:NAIO_10_CP1610(1.0),12/03/25 11:00:00,Annual,Million euro,Total use,Total,Rubber and plastic products,Netherlands,2014,16752,,
ESTAT:NAIO_10_CP1610(1.0),12/03/25 11:00:00,Annual,Million euro,Total use,Total,Rubber and plastic products,Netherlands,2015,18334,,
ESTAT:NAIO_10_CP1610(1.0),12/03/25 11:00:00,Annual,Million euro,Total use,Total,Rubber and plastic products,Netherlands,2016,19338,,
ESTAT:NAIO_10_CP1610(1.0),12/03/25 11:00:00,Annual,Million euro,Total use,Total,Rubber and plastic products,Netherlands,2017,20455,,
ESTAT:NAIO_10_CP1610(1.0),12/03/25 11:00:00,Annual,Million euro,Total use,Total,Rubber and plastic products,Netherlands,2018,21310,,
ESTAT:NAIO_10_CP1610(1.0),12/03/25 11:00:00,Annual,Million euro,Total use,Total,Rubber and plastic products,Netherlands,2019,22124,,
ESTAT:NAIO_10_CP1610(1.0),12/03/25 11:00:00,Annual,Million euro,Total use,Total,Rubber and plastic products,Netherlands,2020,21814,,
ESTAT:NAIO_10_CP1610(1.0),12/03/25 11:00:00,Annual,Million euro,Total use,Total,Rubber and plastic products,Norway,2010,2871.21,,
ESTAT:NAIO_10_CP1610(1.0),12/03/25 11:00:00,Annual,Million euro,Total use,Total,Rubber and plastic products,Norway,2015,3466.41,,
ESTAT:NAIO_10_CP1610(1.0),12/03/25 11:00:00,Annual,Million euro,Total use,Total,Rubber and plastic products,Norway,2020,3919.22,,
ESTAT:NAIO_10_CP1610(1.0),12/03/25 11:00:00,Annual,Million euro,Total use,Total,Rubber and plastic products,Poland,2010,19202.86,,
ESTAT:NAIO_10_CP1610(1.0),12/03/25 11:00:00,Annual,Million euro,Total use,Total,Rubber and plastic products,Poland,2015,26153.4,,
ESTAT:NAIO_10_CP1610(1.0),12/03/25 11:00:00,Annual,Million euro,Total use,Total,Rubber and plastic products,Poland,2020,33054.17,,
ESTAT:NAIO_10_CP1610(1.0),12/03/25 11:00:00,Annual,Million euro,Total use,Total,Rubber and plastic products,Portugal,2010,4426.1,,
ESTAT:NAIO_10_CP1610(1.0),12/03/25 11:00:00,Annual,Million euro,Total use,Total,Rubber and plastic products,Portugal,2011,4841.53,,
ESTAT:NAIO_10_CP1610(1.0),12/03/25 11:00:00,Annual,Million euro,Total use,Total,Rubber and plastic products,Portugal,2012,4745.31,,
ESTAT:NAIO_10_CP1610(1.0),12/03/25 11:00:00,Annual,Million euro,Total use,Total,Rubber and plastic products,Portugal,2013,4886.61,,
ESTAT:NAIO_10_CP1610(1.0),12/03/25 11:00:00,Annual,Million euro,Total use,Total,Rubber and plastic products,Portugal,2014,5138.75,,
ESTAT:NAIO_10_CP1610(1.0),12/03/25 11:00:00,Annual,Million euro,Total use,Total,Rubber and plastic products,Portugal,2015,5559.78,,
ESTAT:NAIO_10_CP1610(1.0),12/03/25 11:00:00,Annual,Million euro,Total use,Total,Rubber and plastic products,Portugal,2016,5773.22,,
ESTAT:NAIO_10_CP1610(1.0),12/03/25 11:00:00,Annual,Million euro,Total use,Total,Rubber and plastic products,Portugal,2017,6366.34,,
ESTAT:NAIO_10_CP1610(1.0),12/03/25 11:00:00,Annual,Million euro,Total use,Total,Rubber and plastic products,Portugal,2018,6770.69,,
ESTAT:NAIO_10_CP1610(1.0),12/03/25 11:00:00,Annual,Million euro,Total use,Total,Rubber and plastic products,Portugal,2019,7017,,
ESTAT:NAIO_10_CP1610(1.0),12/03/25 11:00:00,Annual,Million euro,Total use,Total,Rubber and plastic products,Portugal,2020,6487.41,,
ESTAT:NAIO_10_CP1610(1.0),12/03/25 11:00:00,Annual,Million euro,Total use,Total,Rubber and plastic products,Portugal,2021,7870.81,,
ESTAT:NAIO_10_CP1610(1.0),12/03/25 11:00:00,Annual,Million euro,Total use,Total,Rubber and plastic products,Portugal,2022,9288.27,,
ESTAT:NAIO_10_CP1610(1.0),12/03/25 11:00:00,Annual,Million euro,Total use,Total,Rubber and plastic products,Romania,2010,5072.15,,
ESTAT:NAIO_10_CP1610(1.0),12/03/25 11:00:00,Annual,Million euro,Total use,Total,Rubber and plastic products,Romania,2011,5844.9,,
ESTAT:NAIO_10_CP1610(1.0),12/03/25 11:00:00,Annual,Million euro,Total use,Total,Rubber and plastic products,Romania,2012,5645.62,,
ESTAT:NAIO_10_CP1610(1.0),12/03/25 11:00:00,Annual,Million euro,Total use,Total,Rubber and plastic products,Romania,2013,6297.51,,
ESTAT:NAIO_10_CP1610(1.0),12/03/25 11:00:00,Annual,Million euro,Total use,Total,Rubber and plastic products,Romania,2014,6483.74,,
ESTAT:NAIO_10_CP1610(1.0),12/03/25 11:00:00,Annual,Million euro,Total use,Total,Rubber and plastic products,Romania,2015,7115.29,,
ESTAT:NAIO_10_CP1610(1.0),12/03/25 11:00:00,Annual,Million euro,Total use,Total,Rubber and plastic products,Romania,2020,9225.62,,
ESTAT:NAIO_10_CP1610(1.0),12/03/25 11:00:00,Annual,Million euro,Total use,Total,Rubber and plastic products,Serbia,2010,1460.39,,
ESTAT:NAIO_10_CP1610(1.0),12/03/25 11:00:00,Annual,Million euro,Total use,Total,Rubber and plastic products,Serbia,2015,1882.61,b,
ESTAT:NAIO_10_CP1610(1.0),12/03/25 11:00:00,Annual,Million euro,Total use,Total,Rubber and plastic products,Serbia,2020,3145.06,,
ESTAT:NAIO_10_CP1610(1.0),12/03/25 11:00:00,Annual,Million euro,Total use,Total,Rubber and plastic products,Sweden,2010,7452.45,,
ESTAT:NAIO_10_CP1610(1.0),12/03/25 11:00:00,Annual,Million euro,Total use,Total,Rubber and plastic products,Sweden,2015,8451.24,b,
ESTAT:NAIO_10_CP1610(1.0),12/03/25 11:00:00,Annual,Million euro,Total use,Total,Rubber and plastic products,Sweden,2020,8706.32,,
ESTAT:NAIO_10_CP1610(1.0),12/03/25 11:00:00,Annual,Million euro,Total use,Total,Rubber and plastic products,Sweden,2021,10130.29,,
ESTAT:NAIO_10_CP1610(1.0),12/03/25 11:00:00,Annual,Million euro,Total use,Total,Rubber and plastic products,Sweden,2022,10982.07,,
ESTAT:NAIO_10_CP1610(1.0),12/03/25 11:00:00,Annual,Million euro,Total use,Total,Rubber and plastic products,Slovenia,2010,1990.23,,
ESTAT:NAIO_10_CP1610(1.0),12/03/25 11:00:00,Annual,Million euro,Total use,Total,Rubber and plastic products,Slovenia,2014,2217.63,,
ESTAT:NAIO_10_CP1610(1.0),12/03/25 11:00:00,Annual,Million euro,Total use,Total,Rubber and plastic products,Slovenia,2015,2371.89,,
ESTAT:NAIO_10_CP1610(1.0),12/03/25 11:00:00,Annual,Million euro,Total use,Total,Rubber and plastic products,Slovenia,2020,2969.7,,
ESTAT:NAIO_10_CP1610(1.0),12/03/25 11:00:00,Annual,Million euro,Total use,Total,Rubber and plastic products,Slovakia,2010,4663.55,,
ESTAT:NAIO_10_CP1610(1.0),12/03/25 11:00:00,Annual,Million euro,Total use,Total,Rubber and plastic products,Slovakia,2011,5650.2,,
ESTAT:NAIO_10_CP1610(1.0),12/03/25 11:00:00,Annual,Million euro,Total use,Total,Rubber and plastic products,Slovakia,2012,5934.88,,
ESTAT:NAIO_10_CP1610(1.0),12/03/25 11:00:00,Annual,Million euro,Total use,Total,Rubber and plastic products,Slovakia,2013,6148.92,,
ESTAT:NAIO_10_CP1610(1.0),12/03/25 11:00:00,Annual,Million euro,Total use,Total,Rubber and plastic products,Slovakia,2015,6494.28,,
ESTAT:NAIO_10_CP1610(1.0),12/03/25 11:00:00,Annual,Million euro,Total use,Total,Rubber and plastic products,Slovakia,2018,7580.55,,
ESTAT:NAIO_10_CP1610(1.0),12/03/25 11:00:00,Annual,Million euro,Total use,Total,Rubber and plastic products,Slovakia,2019,7836.47,,
ESTAT:NAIO_10_CP1610(1.0),12/03/25 11:00:00,Annual,Million euro,Total use,Total,Rubber and plastic products,Slovakia,2020,6807.06,,
ESTAT:NAIO_10_CP1610(1.0),12/03/25 11:00:00,Annual,Million euro,Total use,Total,Rubber and plastic products,Slovakia,2021,8121.95,,
ESTAT:NAIO_10_CP1610(1.0),12/03/25 11:00:00,Annual,Million euro,Total use,Total,Rubber and plastic products,Türkiye,2012,22408.16,,
ESTAT:NAIO_10_CP1610(1.0),12/03/25 11:00:00,Annual,Million euro,Total use,Total,Rubber and plastic products,Türkiye,2015,,,C
ESTAT:NAIO_10_CP1610(1.0),12/03/25 11:00:00,Annual,Million euro,Total use,Total,Rubber and plastic products,United Kingdom,2010,31605.41,,
ESTAT:NAIO_10_CP1610(1.0),12/03/25 11:00:00,Annual,Million euro,Total use,Total,Rubber and plastic products,United Kingdom,2011,,b,
ESTAT:NAIO_10_CP1610(1.0),12/03/25 11:00:00,Annual,Million euro,Total use,Total,Rubber and plastic products,United Kingdom,2012,,b,
ESTAT:NAIO_10_CP1610(1.0),12/03/25 11:00:00,Annual,Million euro,Total use,Total,Rubber and plastic products,United Kingdom,2013,,b,
ESTAT:NAIO_10_CP1610(1.0),12/03/25 11:00:00,Annual,Million euro,Total use,Total,Rubber and plastic products,United Kingdom,2014,,b,
ESTAT:NAIO_10_CP1610(1.0),12/03/25 11:00:00,Annual,Million euro,Total use,Total,Rubber and plastic products,United Kingdom,2015,42250.07,,
ESTAT:NAIO_10_CP1610(1.0),12/03/25 11:00:00,Annual,Million euro,Total use,Total,Rubber and plastic products,United Kingdom,2016,39168.53,,
ESTAT:NAIO_10_CP1610(1.0),12/03/25 11:00:00,Annual,Million euro,Total use,Total,Rubber and plastic products,United Kingdom,2017,38961.59,,
ESTAT:NAIO_10_CP1610(1.0),12/03/25 11:00:00,Annual,Million euro,Total use,Total,Rubber and plastic products,United States,2010,165824.23,,
ESTAT:NAIO_10_CP1610(1.0),12/03/25 11:00:00,Annual,Million euro,Total use,Total,Rubber and plastic products,United States,2011,172448.27,,
ESTAT:NAIO_10_CP1610(1.0),12/03/25 11:00:00,Annual,Million euro,Total use,Total,Rubber and plastic products,United States,2012,196262.03,,
ESTAT:NAIO_10_CP1610(1.0),12/03/25 11:00:00,Annual,Million euro,Total use,Total,Rubber and plastic products,Kosovo*,2015,,,C
